bc_name,mobile_no,pincode,bank_name
+ AAKHIL PATHAN,9664697832,383330,India Post Payments Bank Limited
+ ABDULAJIJ ABDULKARIM BANDI,9427471703,383250,AU Small Finance Bank Limited
+ ADITYA PANKAJBHAI,9624641209,383325,India Post Payments Bank Limited
+ AENUL SHEKH,8690175498,383001,Airtel Payments Bank Limited
+ AJAMALBHAI  MARIVAL,9687074295,383345,Bank of Baroda
+ AJAYBHAI  PARMAR,7567817446,383245,Bank of Baroda
+ AJAYKUMAR  CHAUDHARY,9925910601,380006,Bank of Baroda
+ AJAYKUMAR MOHANLAL,9727942881,383350,India Post Payments Bank Limited
+ AJAYKUMAR RAVINDRABHAI RAJAN,9016757299,383315,Union Bank of India
+ AJMELJI D,9909825175,383315,India Post Payments Bank Limited
+ AKASHKUMAR HIMMATBHAI,6355088368,383325,India Post Payments Bank Limited
+ ALIHASAN ALIRAJA SUNASARA,9408540875,383315,Fino Payments Bank Ltd.
+ ALPESHKUMAR PATEL,9714627000,383315,Airtel Payments Bank Limited
+ ALUSINH  PUJARA,9408416051,383312,Bank of Baroda
+ AMIBEN VITTHALBHAI,9979627205,383310,India Post Payments Bank Limited
+ AMILABEN RUPABHAI,9408426580,383250,India Post Payments Bank Limited
+ AMRAJI NANJIBHAI,6359985722,383246,India Post Payments Bank Limited
+ AMRATJI ISHVARJI THAKOR,9374202576,384310,India Post Payments Bank Limited
+ AMRITLAL MANORBHAI,9586647241,383340,India Post Payments Bank Limited
+ AMRUTBHAI,9429743725,383325,India Post Payments Bank Limited
+ AMRUTBHAI  KHANT,9316445881,383345,Bank of Baroda
+ AMRUTBHAI DHULABHAI,9727555198,383315,India Post Payments Bank Limited
+ AMRUTBHAI JIVABHAI,8980734086,383246,India Post Payments Bank Limited
+ AMRUTBHAI JIVAJI,7436013326,383246,India Post Payments Bank Limited
+ AMRUTBHAI REVABHAI,9586480238,383330,India Post Payments Bank Limited
+ AMRUTBHAI SAKARABHAI,7567618756,383246,India Post Payments Bank Limited
+ AMRUTHBHAI SHANKARBHAI,7600194351,383325,India Post Payments Bank Limited
+ ANAND SINGH RAJPUT,9173479835,382424,Yes Bank Limited
+ ANEJA  VINODKUMAR,9265027463,383330,Airtel Payments Bank Limited
+ ANEJA SUNILKUMAR,7621972420,383330,Paytm Payments Bank Limited
+ ANILKUMAR HIMMATLAL SINDHI,9173241194,383315,Fino Payments Bank Ltd.
+ ANILKUMAR JALAMJI,9925667240,383246,India Post Payments Bank Limited
+ ANILKUMAR KANHAIYALAL JAIN,7874910001,383245,HDFC Bank Ltd.
+ ANITABEN  KATARA,9712801900,383350,Bank of Baroda
+ ANJALIBEN BALUBHAI,9979879015,383246,India Post Payments Bank Limited
+ ANJANABEN VINUBHAI,9979923474,383335,India Post Payments Bank Limited
+ ANJUMBANU ABDULQADIR MAKRANI,8238629447,383315,Fino Payments Bank Ltd.
+ ANJUMBANU MAKRANI,6395206622,383315,Airtel Payments Bank Limited
+ ANKIT SAVJIBHAI,9537726751,383350,India Post Payments Bank Limited
+ ANKITKUMAR  SUTHAR,9409191808,383245,Bank of Baroda
+ ANKITKUMAR KACHARABHAI,9426087594,383250,India Post Payments Bank Limited
+ ANKITKUMAR PATEL,9725197297,383001,Airtel Payments Bank Limited
+ ANKITKUMAR RAMJIBHAI,8511560932,383450,India Post Payments Bank Limited
+ ANKITKUMAR RAVCHANDBHAI,8000467750,383310,India Post Payments Bank Limited
+ ANKURKUMAR PARIMALBHAI PATEL,9925141865,383310,Fino Payments Bank Ltd.
+ ARCHANABEN KESHAVBHAI,7874244843,383315,India Post Payments Bank Limited
+ ARJUNBHAI KARASANBHAI DESAI,8980970613,383450,India Post Payments Bank Limited
+ ARJUNSINH MOHANSINH,9427402398,383240,India Post Payments Bank Limited
+ ARJUNSINH RAJESHBHAI,8469035534,383325,India Post Payments Bank Limited
+ ARODA HANIKUMAR,9925675050,383325,Airtel Payments Bank Limited
+ ARPANABEN MANUBHAI,9429281545,383325,India Post Payments Bank Limited
+ ARPITABEN PATEL,7874522550,383325,Airtel Payments Bank Limited
+ ARVINDBHAI KANJIBHAI,9904063372,383450,India Post Payments Bank Limited
+ ARVINDKUMAR  PANDYA,9427695301,383250,Bank of Baroda
+ ARVINDKUMAR SITARAM,9925906479,383335,India Post Payments Bank Limited
+ ARVINDSINH  RATHOD,9638803086,383350,Bank of Baroda
+ ASARI MUKESHKUMAR,7874789585,383315,Yes Bank Limited
+ ASARI PRIYANKABEN,8238859691,383315,India Post Payments Bank Limited
+ ASARI VIJAYKUMAR,9727102712,383251,India Post Payments Bank Limited
+ ASHBEN  VANZARA,6351341316,383250,Bank of Baroda
+ ASHISHKUMAR CHHATRASINH,8758484410,383251,India Post Payments Bank Limited
+ ASHISHKUMAR VALAND,8141639005,383350,Airtel Payments Bank Limited
+ ASHLESHA NARESHBHAI,8401188618,383325,India Post Payments Bank Limited
+ ASHOKBHAI NAVJIBHAI,9979903850,383246,India Post Payments Bank Limited
+ ASHOKBHAI VITTHALBHAI,9426593647,383310,India Post Payments Bank Limited
+ ASHOKKUMAR,7069064771,383315,India Post Payments Bank Limited
+ ASHOKKUMAR PRAJAPATI,9099238695,383350,Airtel Payments Bank Limited
+ ASHVINKUMAR MAGANLAL,9979319295,383310,India Post Payments Bank Limited
+ ATUL,6353843888,383315,India Post Payments Bank Limited
+ AXAYKUMAR  SUTHAR,8128957550,383325,Bank of Baroda
+ AYUSHIBEN DALICHAND PATEL,9672190127,383315,Fino Payments Bank Ltd.
+ BABUBHAI DHULABHAI,9586850814,383335,India Post Payments Bank Limited
+ BABUBHAI JIVABHAI,9773011070,383251,India Post Payments Bank Limited
+ BABUBHAI KARSHANBHAI,7878778373,383310,India Post Payments Bank Limited
+ BABUBHAI KODARBHAI,9409192448,383310,India Post Payments Bank Limited
+ BABUBHAI KUBERBHAI,8128326771,383355,India Post Payments Bank Limited
+ BABUBHAI SOMABHAI,9428199556,383315,India Post Payments Bank Limited
+ BABUJI KALAJI  KHANT,9978377422,383315,Bank of Baroda
+ BABULAL KODARBHAI,9408411964,383315,India Post Payments Bank Limited
+ BACHUBHAI SUKABHAI,8238557952,383350,India Post Payments Bank Limited
+ BALOCH JAMIL,7046437046,383325,Airtel Payments Bank Limited
+ BALOCH KHAN,9913078699,383325,Airtel Payments Bank Limited
+ BALUBHAI  BARANDA,7435999645,383246,Bank of Baroda
+ BALUBHAI GOVINDBHAI,9638362240,383340,India Post Payments Bank Limited
+ BALUBHAI JALAMBHAI,9537127693,383315,India Post Payments Bank Limited
+ BAMANIYA BHAVESHKUMAR,9925816157,383335,Fino Payments Bank Ltd.
+ BAMANIYA JAYESHKUMAR GANAJI,8320371134,383315,Fino Payments Bank Ltd.
+ BANSIBHAI PATANI,7043506324,383001,Airtel Payments Bank Limited
+ BANSIDHAR  PANCHAL,9409675005,383001,Bank of Baroda
+ BAPUJI  PUJARA,9537153621,383312,Bank of Baroda
+ BARAD GOPAL,8999462062,383315,India Post Payments Bank Limited
+ BARAIYA MAHOBATSINH,7567750176,383340,Yes Bank Limited
+ BARIA  UMESHKUMAR,9712682845,389210,Yes Bank Limited
+ BARIYA JAYDIPSINH,9408336919,383315,Airtel Payments Bank Limited
+ BARIYA VIKRAMKUMAR MALAJI,9687042050,383345,AXIS Bank Ltd.
+ BAROT,8447851244,383316,India Post Payments Bank Limited
+ BAROT CHIRAGBHAI,6355010042,383260,Airtel Payments Bank Limited
+ BAROT JAYESH,9979428976,383307,India Post Payments Bank Limited
+ BAROT SHREYASKUMAR CHIMANBHAI,8980532020,383316,Fino Payments Bank Ltd.
+ BAYADIYA ARIFHUSEN AHEMADBHAI,9978088321,383340,Fino Payments Bank Ltd.
+ BAYADIYA HUSENBHAI,9979193368,383315,Airtel Payments Bank Limited
+ BHAGABHAI  PATEL,9429323428,383315,Bank of Baroda
+ BHAGAWANSINGH  RAJPUROHIT,9574451008,383251,Bank of Baroda
+ BHAGIRATHKUMAR KUMAVAT,9574405040,383315,Airtel Payments Bank Limited
+ BHAGORA JESABHAI,6359096077,383350,Airtel Payments Bank Limited
+ BHAGORA RAMESHBHAI DHANJIBHAI,9016442777,383251,Yes Bank Limited
+ BHAGVANBHAI UDABHAI,9726052091,383350,India Post Payments Bank Limited
+ BHALABHAI KALABHAI,9408587651,383350,India Post Payments Bank Limited
+ BHARATBHAI  KOLI,9726666169,383310,Bank of Baroda
+ BHARATJI  THAKOR,9725810517,385555,Airtel Payments Bank Limited
+ BHARATKUMAR,9725091513,383315,India Post Payments Bank Limited
+ BHARATKUMAR  MARIWAD,6359189482,383350,Bank of Baroda
+ BHARATKUMAR BADARBHAI RAVAL,8530008181,383001,Airtel Payments Bank Limited
+ BHARATKUMAR MANGALDAS PATEL,9426682321,383350,Fino Payments Bank Ltd.
+ BHARATKUMAR NARANBHAI BUJ,9726641886,383350,Yes Bank Limited
+ BHARATKUMAR RAVANCHANDBHAI,7600705246,383325,India Post Payments Bank Limited
+ BHARATKUMAR VAGHABHAI,7600491322,383310,India Post Payments Bank Limited
+ BHARVAD JAIMIN,8160278678,383355,India Post Payments Bank Limited
+ BHATHIBHAI  DAMOR,7874632187,383350,Bank of Baroda
+ BHATIYA DHAVALKUMAR,9687166187,383251,India Post Payments Bank Limited
+ BHATIYA DHRUVKUMAR PRADIPBHAI,9624421710,383355,RBL Bank Ltd
+ BHATIYA RAKESHKUMAR,6352807666,383325,Airtel Payments Bank Limited
+ BHAVESH KUMAR MAHESHBHAISOLANKI,9737440929,383310,AXIS Bank Ltd.
+ BHAVESHKUMAR RAMESHBHAI,7874502978,383350,India Post Payments Bank Limited
+ BHAVINKUMAR  RABARI,7990247824,383265,Bank of Baroda
+ BHAVNABAHEN DAHYABHAI,9512417954,383246,India Post Payments Bank Limited
+ BHAVSAR MANISHKUMAR K,9426589451,383315,Paytm Payments Bank Limited
+ BHAVSAR SHIVANI,8178685181,383315,India Post Payments Bank Limited
+ BHAVYA MUKESHBHAI,9408652526,383325,India Post Payments Bank Limited
+ BHAYALA MAHMADKAIF DAUDBHAI,7434954480,383350,Yes Bank Limited
+ BHAYLA MOHAMMEDARIF GULAMHUSEN,9925431132,383315,Yes Bank Limited
+ BHIKHABHAI BHOGILAL,9428484685,383245,India Post Payments Bank Limited
+ BHIKHABHAI DHULABHAI,9714086603,383317,India Post Payments Bank Limited
+ BHIKHABHAI GOBARBHAI,9426028504,383310,India Post Payments Bank Limited
+ BHIKHABHAI VALABHAI,9428643403,383355,India Post Payments Bank Limited
+ BHOI BHARATKUMAR,9049087985,383245,Airtel Payments Bank Limited
+ BHOJANI HARDIKKUMAR KAMLESHBHAI,9409221221,383320,AXIS Bank Ltd.
+ BHOJANI UMANG KUMAR,7990327307,383250,Fino Payments Bank Ltd.
+ BHOOMIBEN INDUKUMAR,7285821532,383250,India Post Payments Bank Limited
+ BHUPATSINH RAMSINH,9925962839,383350,India Post Payments Bank Limited
+ BHUPENDRAKUMAR  MODHPATEL,9427059882,383355,Bank of Baroda
+ BHUPENDRAKUMAR CHAMPAKBHAI ZALA,8758368086,383350,IndusInd Bank Limited
+ BHUPENDRAKUMAR CHHABALAL,9586637472,383330,India Post Payments Bank Limited
+ BHUPENDRAKUMAR KANTILAL,9428556189,383310,India Post Payments Bank Limited
+ BHURA  THAKOR,9909465032,383345,Bank of Baroda
+ BHURABHAI  PAGI,8238933224,383350,Bank of Baroda
+ BIBIBANU,9998352663,383315,Airtel Payments Bank Limited
+ BINALBEN NARANBHAI,6352439184,383245,India Post Payments Bank Limited
+ BIPINBHAI NANJIBHAI NINAMA,9409501919,383355,Yes Bank Limited
+ BIPULCHANDRA,7874967979,383260,Union Bank of India
+ BULA DAUDBHAI,9898888542,383315,Airtel Payments Bank Limited
+ CHAMAR,6359985746,383315,India Post Payments Bank Limited
+ CHAMAR HARSHADBHAI JAYANTIBHAI,9512113282,383251,Yes Bank Limited
+ CHAMAR PRATIK,9106207082,383317,India Post Payments Bank Limited
+ CHAMARBABABHAI,8980296830,383325,Canara Bank
+ CHAMPABHAI FANGNABHAI,9727450459,383260,India Post Payments Bank Limited
+ CHAMPANERIYA  JAKIRHUSAIN,8401331271,383335,Bank of Baroda
+ CHAMPAVAT ANTARKUVARBA GANPATSEENH,9726938857,383245,India Post Payments Bank Limited
+ CHANDRAKANT JETHANAND SINDHI,7600787026,383315,AXIS Bank Ltd.
+ CHANDRAKANT JIVABHAI,9978749105,383320,India Post Payments Bank Limited
+ CHANDUBHAI JAVJIBHAI,9825509059,383245,India Post Payments Bank Limited
+ CHANDUBHAI JEMABHAI,9913395624,383350,India Post Payments Bank Limited
+ CHANDUBHAI KALUBHAI KATARA,9727818234,383350,Yes Bank Limited
+ CHANDULAL JETHABHAI,8447867410,383350,India Post Payments Bank Limited
+ CHAUDHARI  SUNILKUMAR,9974227947,383345,Fino Payments Bank Ltd.
+ CHAUDHARI ANKURKUMAR DILIPBHAI,8849807979,383350,Fino Payments Bank Ltd.
+ CHAUDHARI AVINASH HASMUKHBHAI,8780149643,383320,Yes Bank Limited
+ CHAUDHARI DINESHBHAI RAMESHBHAI,8780153403,383350,Fino Payments Bank Ltd.
+ CHAUDHARI GHANSHYAMKUMAR,7016796352,383315,Airtel Payments Bank Limited
+ CHAUDHARI HARSHIL HARSHADBHAI,9429324314,383310,Fino Payments Bank Ltd.
+ CHAUDHARI NATHURAM,7878039929,383001,Airtel Payments Bank Limited
+ CHAUDHARY CHANDRIKABEN CHIRAGBHAI,7778972242,383325,Yes Bank Limited
+ CHAUDHARY HIMANSHUKUMAR,8140428546,383325,Airtel Payments Bank Limited
+ CHAUHAN,9913033058,383316,India Post Payments Bank Limited
+ CHAUHAN,9409255785,383316,India Post Payments Bank Limited
+ CHAUHAN,9974898729,383345,India Post Payments Bank Limited
+ CHAUHAN  DAKSHABEN,8140014683,383265,Bank of Baroda
+ CHAUHAN  KOKILBEN,9512072318,383340,Fino Payments Bank Ltd.
+ CHAUHAN  PANKAJKUMAR,7874552386,383340,Fino Payments Bank Ltd.
+ CHAUHAN  REKHABEN,9265493061,383340,Fino Payments Bank Ltd.
+ CHAUHAN ADNAN,9978461130,383325,Airtel Payments Bank Limited
+ CHAUHAN AJMALSINH,9586700121,383316,India Post Payments Bank Limited
+ CHAUHAN ALPESHKUMAR NAVINCHANDRA,9574736453,383310,Fino Payments Bank Ltd.
+ CHAUHAN ASHOKKUMAR BABAJI,7016095007,383355,RBL Bank Ltd
+ CHAUHAN DHAVALSINH NAVALSINH,9664840908,383316,Yes Bank Limited
+ CHAUHAN GOVINDKUMAR JASAVANTSINH,8980573776,383276,Fino Payments Bank Ltd.
+ CHAUHAN JAY,9724811721,383315,India Post Payments Bank Limited
+ CHAUHAN KRUSHNASINH,9409258610,383315,Airtel Payments Bank Limited
+ CHAUHAN M JAVED,9537402868,383315,HDFC Bank Ltd.
+ CHAUHAN MUSTAKMIYA,8401140481,383325,Airtel Payments Bank Limited
+ CHAUHAN PRAVINSINH MATHURSINH,9428064515,383340,Fino Payments Bank Ltd.
+ CHAUHAN TAKHATSINH LAXMANSINH,8511133362,383350,Fino Payments Bank Ltd.
+ CHAUHAN TINABHAI BAKAJI,9638363966,383316,Fino Payments Bank Ltd.
+ CHAUHAN VISHNUPRSHADSINH CHHGANSINH,9638646174,383350,Airtel Payments Bank Limited
+ CHETANABEN CHANDUBHAI,9714298220,383355,India Post Payments Bank Limited
+ CHETANJI JUJARJI,9913378149,383315,India Post Payments Bank Limited
+ CHHAGANBHAI DUDHABHAI,7874610673,383330,India Post Payments Bank Limited
+ CHHANABHAI  PRAJAPATI,9428480961,383355,Bank of Baroda
+ CHHATRASINGH BHAIRAVSINH,7096605435,383246,India Post Payments Bank Limited
+ CHHIMABHAI SAHABHAI,7226974757,383250,India Post Payments Bank Limited
+ CHIMANBHAI MULJIBHAI,9662388911,383335,India Post Payments Bank Limited
+ CHIMANLAL DHULJIBHAI,9428197285,383350,India Post Payments Bank Limited
+ CHINTANKUMAR KANUBHAI,7600812016,383251,India Post Payments Bank Limited
+ DABGAR KEVALKUAMR VINODBHAI,9824507530,383330,India Post Payments Bank Limited
+ DABHI SHRAWANSINH,9723870669,383340,Fino Payments Bank Ltd.
+ DADUSINH BABARBHAI,8980738529,383340,India Post Payments Bank Limited
+ DAHYABHAI RAMABHAI,7874720648,383310,India Post Payments Bank Limited
+ DAHYABHAI SHANKARBHAI,9427867390,383307,India Post Payments Bank Limited
+ DAKSHABEN  HASANI,9173125643,383345,Bank of Baroda
+ DAMA JITENDRABHAI JAYANTIBHAI,7490860462,383350,Fino Payments Bank Ltd.
+ DAMOR  SANJAYBHAI,9687449602,383350,Fino Payments Bank Ltd.
+ DAMOR  VINUBHAI,9978076299,383315,Bank of Baroda
+ DAMOR AMRUTBHAI,9638414240,383350,India Post Payments Bank Limited
+ DAMOR DIGVIJAYSINH,9054737378,383335,India Post Payments Bank Limited
+ DAMOR JAGRUTKUMAR,7383114111,383315,India Post Payments Bank Limited
+ DAMOR KHEMAJI,9727309106,383350,India Post Payments Bank Limited
+ DAMOR LALABHAI BABUBHAI,9016659363,383350,Fino Payments Bank Ltd.
+ DAMOR MAHESHKUMAR,8849074820,383350,Yes Bank Limited
+ DAMOR MUKESH BHAI,9316958197,383350,Fino Payments Bank Ltd.
+ DAMOR NIRAVKUMAR,7574007807,383350,India Post Payments Bank Limited
+ DAMOR NITABEN JITUBHAI,9664689379,383350,Fino Payments Bank Ltd.
+ DAMOR RASIKBHAI,9408466921,383350,Airtel Payments Bank Limited
+ DAMOR SANJAYKUMAR,9726816566,383350,Fino Payments Bank Ltd.
+ DAMOR SURESHKUMAR KHEMABHAI,9537409877,383350,Yes Bank Limited
+ DAMOR VIJAYBHAI,9316163561,383350,India Post Payments Bank Limited
+ DANLAJEE  BARIYA,9638546011,383345,Bank of Baroda
+ DARJI BHAVNABEN JATINKUMAR,7383631203,383315,Fino Payments Bank Ltd.
+ DARSHANABEN RAVACHANDBHAI,9327810874,383260,India Post Payments Bank Limited
+ DARSHANKUMAR JITENDRABHAI NINAMA,8758339563,383350,State Bank of India
+ DASHRATHBHAI,9726213668,383250,AXIS Bank Ltd.
+ DEENDAYAL  YADAV,8141194701,383325,Bank of Baroda
+ DESAI DHAVAL BALDEVBHAI,7575059700,383310,Fino Payments Bank Ltd.
+ DESAI RAJESHKUMAR,9427607715,383251,India Post Payments Bank Limited
+ DEVENDRA SINH,7567631851,383260,India Post Payments Bank Limited
+ DEVENDRASINH  CHAUHAN,9662339350,383307,Bank of Baroda
+ DEVRAJSINH BHARATSINH,8160055732,383276,India Post Payments Bank Limited
+ DHANJIBHAI L,8980180780,383315,India Post Payments Bank Limited
+ DHANNANJAYKUMAR,9714844651,383250,India Post Payments Bank Limited
+ DHARMENDRASINH SARDARSINH,9978464108,383325,India Post Payments Bank Limited
+ DHARMESHKUMAR CHAMPAKLAL DESAI,8128472580,383315,Airtel Payments Bank Limited
+ DHARMESHKUMAR SOMABHAI CHAMAR,9979567335,383315,India Post Payments Bank Limited
+ DHARMISHTABEN  MAKAVANA,9724351163,383245,Bank of Baroda
+ DHARMISHTHA NAVINBHAI,9510098241,383251,India Post Payments Bank Limited
+ DHAVAL,9773148804,383315,Paytm Payments Bank Limited
+ DHAVALKUMAR  AGRAVAL,8238878238,383345,Bank of Baroda
+ DHAVALSINH JAGATSINH,7574912491,383307,India Post Payments Bank Limited
+ DHIRAJKUMAR MATHURBHAI PATEL,9879446636,383345,Yes Bank Limited
+ DHIRUBHAI GOKALBHAI,9427860689,383310,India Post Payments Bank Limited
+ DHIRUSANG  PARMAR,9974728522,383307,Bank of Baroda
+ DHRUMIL PARESHBHAI SHAH,9426892428,383315,India Post Payments Bank Limited
+ DHRUV JAYESHKUMAR UPADHYAY,9408589127,383350,India Post Payments Bank Limited
+ DHUSA RAJNIKANT MANUBHAI,9328144917,383350,Fino Payments Bank Ltd.
+ DIGVIJAYSINH JAGATSINH PUVAR,9723237299,383246,India Post Payments Bank Limited
+ DIGVIJAYSINH ZALA,8849570025,383001,Airtel Payments Bank Limited
+ DILIP  DAMOR,6351199729,383335,Bank of Baroda
+ DILIP JAVANBHAI KATARA,6352884923,383350,State Bank of India
+ DILIPBHAI  KATARA,9586958791,383345,Bank of Baroda
+ DILIPKUMAR  PATEL,9328034626,383355,Bank of Baroda
+ DILIPKUMAR  THAKOR,8780904247,383350,Bank of Baroda
+ DILIPKUMAR AMRUTLAL THAKOR,9714300414,383350,Fino Payments Bank Ltd.
+ DILIPKUMAR KAMJIBHAI,8980214165,383246,India Post Payments Bank Limited
+ DILIPSINH ABHESINH,8980771265,383330,India Post Payments Bank Limited
+ DINESH  LAXMANBHAI,8000138590,383350,Bank of Baroda
+ DINESH  NINAMA,9409164348,383355,Bank of Baroda
+ DINESH SHAILESHBHAI RANA,9898259033,383001,Airtel Payments Bank Limited
+ DINESHBHAI  ASODA,9726079544,383246,Bank of Baroda
+ DINESHBHAI  BHAGORA,9586821627,383246,Bank of Baroda
+ DINESHBHAI  CHAMAR,9712481603,383350,Bank of Baroda
+ DINESHKUMAR  PANDOR,7874199523,383350,Bank of Baroda
+ DINUBHAI BHIKHABHAI,6359985729,391740,India Post Payments Bank Limited
+ DIPAKBHAI  PAGI,9714230882,383312,Bank of Baroda
+ DIPAKKUMAR PATEL,9429544980,383315,Airtel Payments Bank Limited
+ DIPIKABEN RAJENDRABHAI,6354892370,394335,India Post Payments Bank Limited
+ DISHABEN MANSUKHBHAI,8140115789,396051,India Post Payments Bank Limited
+ DIVYESHKUMAR ISHVARBHAI,7359349650,383450,India Post Payments Bank Limited
+ DRAVIDKUMAR RASIKBHAI PATEL,8128222006,383345,Fino Payments Bank Ltd.
+ GAJENDRASINH BHAIRAVSINH,9913630201,383246,India Post Payments Bank Limited
+ GAMAR NIMISHABEN,6354985036,383325,India Post Payments Bank Limited
+ GAMETI CHANDUBHAI NAGJIBHAI,9979199883,383246,AXIS Bank Ltd.
+ GAMETI CHIRAG CHANDUBHAI,8780712201,383315,India Post Payments Bank Limited
+ GAMETI HASMUKHBHAI LALUBHAI,9484419038,383251,Yes Bank Limited
+ GAMETI MIHIR MAHENDRAKUMAR,8200064951,383245,India Post Payments Bank Limited
+ GANPATSINH  PARMAR,9687992008,383307,Bank of Baroda
+ GANPATSINH SOLANKI,9586503047,383330,Airtel Payments Bank Limited
+ GARASIYA RAVINDRABHAI DHARUBHAI,7435078216,389170,Yes Bank Limited
+ GAYATRIBEN VASHISHTH,9099339955,383001,Airtel Payments Bank Limited
+ GENA SAMIR DAUDBHAI,9898106461,383315,AXIS Bank Ltd.
+ GIRISH VANKAR,9913531231,250001,Canara Bank
+ GIRISHBHAI  VANKAR,9313331031,383310,Bank of Baroda
+ GITESH  NINAMA,9512415355,383250,Bank of Baroda
+ GOPALBHAI PRAJAPATI,9737159550,383001,Airtel Payments Bank Limited
+ GOVINDBHAI,9427811865,383325,India Post Payments Bank Limited
+ GUJARATI MHANEEF,9725735159,383315,Airtel Payments Bank Limited
+ GULAMHUSEN SADIKBHAI,7827922509,383345,India Post Payments Bank Limited
+ GULAMMOHIYUDDIN DAMARI,9724939188,383250,State Bank of India
+ GUNVATSINH KALYANSINH,9586407303,383450,India Post Payments Bank Limited
+ HABIBBHAI,9723088328,383315,India Post Payments Bank Limited
+ HANSABEN  TARAR,9979737433,383345,Bank of Baroda
+ HARDIKKUMAR KANTILAL,8758915404,383245,India Post Payments Bank Limited
+ HARDIKKUMAR MANUBHAI,9712430335,383317,India Post Payments Bank Limited
+ HARESHBHAI  TARAR,9724603018,383350,Airtel Payments Bank Limited
+ HARESHBHAI NATHABHAI PATEL,9426060717,383315,Fino Payments Bank Ltd.
+ HARESHKUMAR,9726729699,383335,Union Bank of India
+ HARESHKUMAR  RAVAL,7567433099,383320,Bank of Baroda
+ HARESHKUMAR ATULBHAI SHAH,9727754718,383325,State Bank of India
+ HARESHKUMAR SADABHAI,9427852735,383355,India Post Payments Bank Limited
+ HARIBHAI NAJIBHAI,8141566653,383450,India Post Payments Bank Limited
+ HARSHIL PRAJAPATI,9726257300,383315,State Bank of India
+ HARSHILKUMAR RAMANBHAI,9825558193,383260,India Post Payments Bank Limited
+ HARSHIT  PANDYA,9316153520,383317,Bank of Baroda
+ HASMUKH MAHENDRASINHZALA,9327687330,383330,AXIS Bank Ltd.
+ HASMUKHBHAI BHURJIBHAI,8758619880,383245,India Post Payments Bank Limited
+ HASMUKHBHAI KAMAJIBHAI,7567884077,383355,India Post Payments Bank Limited
+ HASMUKHBHAI MOTIBHAI,7874783382,383350,India Post Payments Bank Limited
+ HEPPY HARSHADBHAI,7874843704,383310,India Post Payments Bank Limited
+ HETALBEN BALVATBHAI,9727896997,383315,India Post Payments Bank Limited
+ HETALBEN BHUPENDRASINH,9512820994,383325,India Post Payments Bank Limited
+ HETALBEN KAMLESHBHAI,9870017650,383317,India Post Payments Bank Limited
+ HETULKUMAR ISHWARBHAI,9687320086,383316,India Post Payments Bank Limited
+ HIMANIBEN CHAMPAKLAL,7203041458,383325,India Post Payments Bank Limited
+ HIMANSHU NANDLAL,7016988463,383245,India Post Payments Bank Limited
+ HIMANSHUBHAI JAYESHKUMAR NINAMA,9638596441,383350,Yes Bank Limited
+ HIRABHAI CHUNIBHAI,9427882961,383355,India Post Payments Bank Limited
+ HIRABHAI PUNABHAI,9687005028,383320,India Post Payments Bank Limited
+ HIRALBEN MANOJKUMAR,7827925108,383450,India Post Payments Bank Limited
+ HIREN,9408928260,383315,Paytm Payments Bank Limited
+ HIRENKUMAR  BAROT,9979332784,383325,Bank of Baroda
+ HIRENKUMAR BHARATBHAI,9924203862,383345,India Post Payments Bank Limited
+ HITENDRAKUMAR  PATEL,9898836553,383317,Bank of Baroda
+ HITESHBHAI  DESAI,9725395165,383307,Bank of Baroda
+ HITESHKUMAR  VANKAR,9725748051,383325,Bank of Baroda
+ HITESHKUMAR KALUBHAI TABIYAR,9773135668,383240,India Post Payments Bank Limited
+ HITESHKUMAR RAJUBHAI,6355852496,383315,India Post Payments Bank Limited
+ IMRANBHAI MAHAMMADHUSEN MEGHRAJIYA,9157512786,383350,Paytm Payments Bank Limited
+ IMRANBHAI MEMAN,9913386199,383001,Airtel Payments Bank Limited
+ IMRANHUSSAIN MEMON,9099097666,383010,Airtel Payments Bank Limited
+ IMTIYAJHUSEN ZAZ,9998479568,383315,Airtel Payments Bank Limited
+ INDRAVIJAYSINH  KHANT,9909367013,380006,Bank of Baroda
+ ISHVARBHAI  GORI,9409510352,383251,Bank of Baroda
+ ISHVARBHAI  VANKAR,9913520216,383250,Bank of Baroda
+ ISUBMIYA,7567144336,383350,India Post Payments Bank Limited
+ J K PARMAR,9426883450,387630,India Post Payments Bank Limited
+ JADAVKUMAR GHANSHYAMBHAI,9426051002,383330,India Post Payments Bank Limited
+ JADEJA RAJENDRASINH ABHESINH,7621081631,383251,India Post Payments Bank Limited
+ JAGADISHKUMAR  KHANT,9726808494,383345,Bank of Baroda
+ JAGADISHKUMAR KANTIBHAI,9913544971,383340,India Post Payments Bank Limited
+ JAGADISHKUMAR MAGANBHAI,9429325164,383355,India Post Payments Bank Limited
+ JAGDISHBHAI  BAROT,9574588382,383307,Bank of Baroda
+ JAGDISHBHAI CHATURBHAI,9879976778,383315,India Post Payments Bank Limited
+ JAGDISHBHAI CHHAGANBHAI,9638094966,383340,India Post Payments Bank Limited
+ JAGDISHBHAI H. PANDYA,9427366355,383350,AXIS Bank Ltd.
+ JAGDISHBHAI MANUBHAI TABIYAR,9687962448,383246,HDFC Bank Ltd.
+ JAGDISHBHAIMITHUBHAI,9723141466,383315,India Post Payments Bank Limited
+ JAGDISHKUMAR NIKUSINH MAKAWANA,9979489159,383276,Fino Payments Bank Ltd.
+ JAGDISHKUMAR VIRJIBHAI,9429242744,383245,India Post Payments Bank Limited
+ JAIN ROHIT RAKESHBHAI,7016021140,394517,Yes Bank Limited
+ JANVI RAKESHBHAI,9428913517,383317,India Post Payments Bank Limited
+ JASHABHAI  BAMNIYA,9879704446,383350,Bank of Baroda
+ JASHAVANTKUMAR KESHAVLAL,9426890578,383240,India Post Payments Bank Limited
+ JASHODABEN SHANTILAL PANCHAL,9408931678,383245,Fino Payments Bank Ltd.
+ JASHUBHAI NATHABHAI,9512302285,383320,India Post Payments Bank Limited
+ JASHVANTBHAI ARVINDBHAI,8758340668,391120,India Post Payments Bank Limited
+ JASHVANTKUMAR  PRAJAPATI,9898152628,383325,Bank of Baroda
+ JASHVANTKUMAR DHANABHAI,7698751894,383325,India Post Payments Bank Limited
+ JASVANTSING UMEDSANG,9429983698,383307,India Post Payments Bank Limited
+ JASWANTKUMAR BECHARBHAI,9427814277,383355,India Post Payments Bank Limited
+ JATINKUMAR BABULAL PATEL,9512613201,383245,Fino Payments Bank Ltd.
+ JATINKUMAR DAVE,9426666945,383001,Airtel Payments Bank Limited
+ JATINKUMAR RAJNIKANT DARJI,8866191358,383315,Fino Payments Bank Ltd.
+ JAVANJI NANAJI,9638445061,383310,India Post Payments Bank Limited
+ JAVED TINTOIYA,7490087791,383315,Airtel Payments Bank Limited
+ JAYANTIBHAI  DAMOR,9727612320,383350,Bank of Baroda
+ JAYANTIBHAI MOHANBHAI,7622930846,383240,India Post Payments Bank Limited
+ JAYANTILAL MAGANLAL,9426595550,383355,India Post Payments Bank Limited
+ JAYASHRIBEN  RATHOD,7572910317,383345,Bank of Baroda
+ JAYDEEPKUMAR  BARAIYA,9913939201,383307,Bank of Baroda
+ JAYDEEPKUMAR GUNVANTBHAI,9909789059,383245,India Post Payments Bank Limited
+ JAYDIPKUMAR,9737893776,383450,India Post Payments Bank Limited
+ JAYDIPSINH  CHAUHAN,6354681810,383315,Bank of Baroda
+ JAYDIPSINH BABUSINH,9099723282,383330,India Post Payments Bank Limited
+ JAYESH  MARIWAD,7874766607,383251,Bank of Baroda
+ JAYESH RAMANBHAI CHAUDHARI,9638564245,383320,AU Small Finance Bank Limited
+ JAYESHBHAI  JAYANTBHAI KHANT,7874110280,383315,Bank of Baroda
+ JAYESHBHAI ARJUNBHAI,9624567515,383251,India Post Payments Bank Limited
+ JAYESHKUMAR PATEL,7990570428,383350,Airtel Payments Bank Limited
+ JAYPALSINH  ROT,7567618648,383245,Bank of Baroda
+ JAYSWAL  AXAYAKUMAR,9408883937,383330,Fino Payments Bank Ltd.
+ JAYSWAL DIPAKKUMARKANAIYALAL,9879732641,383345,India Post Payments Bank Limited
+ JEMABHAI KOHYABHAI,9427949543,383250,India Post Payments Bank Limited
+ JETHARA ABDULHAMID,9725596326,383315,Airtel Payments Bank Limited
+ JIGAR BHARATKUMAR,9712388960,383325,India Post Payments Bank Limited
+ JIGARBHAI  BARIYA,9558814382,383350,Bank of Baroda
+ JIGARKUMAR MOCHI,9898715334,383001,Airtel Payments Bank Limited
+ JIGNESHKUMAR JAYNTILAL,9898370659,383310,Fino Payments Bank Ltd.
+ JIGNESHKUMAR SOMSINH  KHANT,9722829499,383311,Bank of Baroda
+ JIGNESHSINH RAMESHSINH PARMAR,9558956616,383310,Yes Bank Limited
+ JINAL JAYANTILAL,7359291527,360370,India Post Payments Bank Limited
+ JINALBEN KETANKUMAR,8734053885,383335,India Post Payments Bank Limited
+ JINESHKUMAR  JAIN,9427867885,383250,Bank of Baroda
+ JITENDRA TRIBHOVANBHAI MAKWANA,9725095617,383330,State Bank of India
+ JITENDRAKUMAR RANCHHODBHAI,9773153970,383325,India Post Payments Bank Limited
+ JITENDRASINH DILUSINH RATHOD,9725377832,383001,Airtel Payments Bank Limited
+ JITENDRASINH PRUTHVISINH,6351221355,383350,India Post Payments Bank Limited
+ JITUBHAI  PAGI,9574750468,383312,Bank of Baroda
+ JITUBHAI DUDHABHAI  DAMOR,9978059800,383350,Bank of Baroda
+ JIVABHAI  DODHA,9925103944,383350,Bank of Baroda
+ JIVABHAI MAGANBHAI,7600451665,383355,India Post Payments Bank Limited
+ JIVABHAI MAVJIBHAI,9408481562,383245,India Post Payments Bank Limited
+ JIVABHAI VALAJIBHAI,9712296138,383315,India Post Payments Bank Limited
+ JUMABHAI DHIRABHAI,7567485491,383350,India Post Payments Bank Limited
+ JYOTINDRAKUMAR KODARBHAI,9824969181,383350,India Post Payments Bank Limited
+ KAHANSINH KHATUSINH,9712042923,383330,India Post Payments Bank Limited
+ KALAJI KODARJI,8141799403,383325,India Post Payments Bank Limited
+ KALIDAS KUBERDAS,9427697230,383310,India Post Payments Bank Limited
+ KALPESHKUMAR  PAGI,8469789916,383345,Bank of Baroda
+ KALPESHKUMAR CHUNILAL KHARADI,9429746161,383251,India Post Payments Bank Limited
+ KALPESHKUMAR KALIDAS,9428314906,383325,India Post Payments Bank Limited
+ KALPESHKUMAR THAKKAR,8780193004,383001,Airtel Payments Bank Limited
+ KALRAV RATILAL PATEL,8655215058,383315,AXIS Bank Ltd.
+ KALUBHAI  DAMOR,9687042631,383345,Bank of Baroda
+ KALUBHAIKANKABHAI,9913403480,383350,India Post Payments Bank Limited
+ KALUSINH CHUFARASINH,8980989285,383345,India Post Payments Bank Limited
+ KAMJIBHAI KALABHAI,9712087839,383251,India Post Payments Bank Limited
+ KAMLESHBHAI  DODIYAR,9537299852,383001,Bank of Baroda
+ KAMLESHBHAI  PATEL,7046410682,383320,Bank of Baroda
+ KAMLESHBHAI BHIKHABHAI DAMOR,9099812638,383350,India Post Payments Bank Limited
+ KAMLESHKUMAR  KHANT,9723486664,383315,Bank of Baroda
+ KAMLESHKUMAR NARENDRABHAI,9998698110,383310,India Post Payments Bank Limited
+ KAMLESHKUMAR VITTHALBHAI CHAUHAN,9898671703,383315,Airtel Payments Bank Limited
+ KAMLESHKUMAR. KARANSINH. THAKOR,8320916999,383335,AU Small Finance Bank Limited
+ KANABHAI KODARBHAI,9409635170,383251,India Post Payments Bank Limited
+ KANABHAI PUJABHAI,9904996703,383250,India Post Payments Bank Limited
+ KANIK VIKIBHAI KANSARA,8849324908,383315,State Bank of India
+ KANJIBHAI DHULABHAI,9426248621,383450,India Post Payments Bank Limited
+ KANKROLIYA NAZMABANUSAMIRHUSEN,7383226396,383315,India Post Payments Bank Limited
+ KANTIBHAI  DAMOR,9099595560,383350,Bank of Baroda
+ KANTIBHAI ARJANBHAI,9726841419,383350,India Post Payments Bank Limited
+ KANTIBHAI DHIRAJI KATARA,8238151775,383350,Fino Payments Bank Ltd.
+ KANTIBHAI DHULABHAI,9825783917,383315,India Post Payments Bank Limited
+ KANTIBHAI KANABHAI,9879130588,383350,India Post Payments Bank Limited
+ KANTILAL DHANJIBHAI,9925701114,383245,India Post Payments Bank Limited
+ KANTILAL RAMABHAI,9427480137,383245,India Post Payments Bank Limited
+ KANUBHAI DAHYABHAI,9408029707,383350,India Post Payments Bank Limited
+ KANUBHAI DHULABHAI,9913803937,383315,India Post Payments Bank Limited
+ KANUBHAI JIVABHAI  PATIL,7878336616,383315,Bank of Baroda
+ KANUBHAI MANGABHAI,9725489022,383325,India Post Payments Bank Limited
+ KARINI KUMAR,9441590301,383315,AXIS Bank Ltd.
+ KARSANBHAI  DUDHABHAI VANAKAR,8160525056,383310,Bank of Baroda
+ KARSHANBHAI DHULABHAI,9725246591,383250,India Post Payments Bank Limited
+ KARTHIKBHAI,8758407179,383325,India Post Payments Bank Limited
+ KASHYAP VALLABHAI,9173589673,383251,India Post Payments Bank Limited
+ KASTURBHAI  VANJARA,9925550138,383345,Bank of Baroda
+ KATARA DITABHAI,8849355159,383245,Airtel Payments Bank Limited
+ KATARA KALPESHBHAI NANABHAI,9537957523,383350,Fino Payments Bank Ltd.
+ KATARA PINTUKUMAR,9316615067,383350,Airtel Payments Bank Limited
+ KATARA RAKESHBHAI,8320689393,383350,Yes Bank Limited
+ KATARA VALABHAI,9537458173,383315,Airtel Payments Bank Limited
+ KAUSHIK  CHAUDHARY,7621927434,383245,Bank of Baroda
+ KESARISINH  ZALA,7567236937,383350,Bank of Baroda
+ KETANKUMAR  TABIYAR,9712287378,383246,Bank of Baroda
+ KEYURKUMAR KIRITBHAI,9664957434,383245,India Post Payments Bank Limited
+ KHAN ILIYASKHAN ANVARKHAN,9586248082,383315,Fino Payments Bank Ltd.
+ KHANT,9537203384,383345,India Post Payments Bank Limited
+ KHANT BHAVANBHAI,8447869575,383315,India Post Payments Bank Limited
+ KHANT BHURABHAI,7874617274,383315,Airtel Payments Bank Limited
+ KHANT CHANDUBHAI,7567293372,394690,India Post Payments Bank Limited
+ KHANT KIRANKUMAR,9712886516,383325,Airtel Payments Bank Limited
+ KHANT KISHANKUMAR JAGADISHBHAI,9726009207,383310,Fino Payments Bank Ltd.
+ KHANT MANGALSINH RAMANBHAI,9586495220,383335,Fino Payments Bank Ltd.
+ KHANT RAJESHKUMAR,9510503485,383335,Fino Payments Bank Ltd.
+ KHANT SANJAY KUMAR JESHABHAI,9624205097,383350,Fino Payments Bank Ltd.
+ KHANT VIJAYKUMAR BHAGVANBHAI,8758881795,383345,Yes Bank Limited
+ KHARADI  VIJAYPAL,9016763161,383350,Fino Payments Bank Ltd.
+ KHARADI DILIPKUMAR HIRABHAI,7567603040,383246,Yes Bank Limited
+ KHARADI MAHENDRABHAI,9727308995,383250,India Post Payments Bank Limited
+ KHATUBHAI ADHARABHAI,9427732563,383245,India Post Payments Bank Limited
+ KHERADA ABDULRAHIM,7359144546,383250,Airtel Payments Bank Limited
+ KHOKHARIYA ISHVARKUMAR RAMABHAI,9429987311,383250,AXIS Bank Ltd.
+ KHYATIBEN RAJNIKANT,8734874920,383250,India Post Payments Bank Limited
+ KINJAL KESHAVLAL,6353619043,383245,India Post Payments Bank Limited
+ KIRAN  KATARA,9157383011,383315,Fino Payments Bank Ltd.
+ KIRAN PATEL,9998192553,383307,Paytm Payments Bank Limited
+ KIRANKUMAR BHAVANBHAI BARIYA,9537669925,383345,Fino Payments Bank Ltd.
+ KIRANKUMAR DALSUKHBHAI PATEL,9724151288,383307,Airtel Payments Bank Limited
+ KIRANKUMAR DESAI,9825472184,394110,Airtel Payments Bank Limited
+ KIRANSINH CHANDANSINH,7623956986,383251,India Post Payments Bank Limited
+ KIRITKUMAR MAGANBHAI,9426532466,383260,India Post Payments Bank Limited
+ KIRPALKUMAR  PAGI,9409555178,383355,Bank of Baroda
+ KISHANKUMAR  TARAR,9913284121,383245,Bank of Baroda
+ KODARBHAI RAMABHAI,9427086355,383355,India Post Payments Bank Limited
+ KOKILABAHEN RAMSINH,9726657737,383335,India Post Payments Bank Limited
+ KOLI JAGRUTIBEN BHARATBHAI,9714666688,383310,Fino Payments Bank Ltd.
+ KOTAD RONAKBHAI RAMESHBHAI,7567697402,383350,Fino Payments Bank Ltd.
+ KOTHARI HARESHKUMAR,9409190041,383315,Fino Payments Bank Ltd.
+ KRINA SHAILESHKUMAR,8511929191,383246,India Post Payments Bank Limited
+ KRISHNA BHARATKUMAR,6354452149,383245,India Post Payments Bank Limited
+ KRUPAL KIRITKUMAR  KOTAWAL,7600498807,383245,Bank of Baroda
+ KULDIPSINH HARICHANDRASINH,9725694119,383335,India Post Payments Bank Limited
+ KULDIPSINH RAJENDRASINH,6354363661,383325,India Post Payments Bank Limited
+ KUNJAL MEHTA,7600111102,383315,Airtel Payments Bank Limited
+ LAKHAJI  CHAUHAN,6354630971,383312,Bank of Baroda
+ LALABHAI HAMIRBHAI,6353644391,383320,India Post Payments Bank Limited
+ LALABHAI MANGABHAI,9408009234,383320,India Post Payments Bank Limited
+ LALIT TRIVEDI,9724274891,383220,Airtel Payments Bank Limited
+ LALSING  ZALA,9724265595,383312,Bank of Baroda
+ LATA LAXMANBHAI,7874236466,383245,Airtel Payments Bank Limited
+ LAXMANBHAI DHUNABHAI,9429323051,383250,India Post Payments Bank Limited
+ LAXMANBHAI MANILAL,9687266530,383350,India Post Payments Bank Limited
+ LAYKUMAR DHIRAJBHAI GORANI,7878776045,383250,Fino Payments Bank Ltd.
+ LOKESH PRAJAPATI,8320091119,383220,Airtel Payments Bank Limited
+ LUHAR RAHULKUMAR,8780199628,383350,Fino Payments Bank Ltd.
+ MAGANBHAI BADABHAI,8758457845,383350,India Post Payments Bank Limited
+ MAGANBHAI NANAJI,7201024629,383450,India Post Payments Bank Limited
+ MAGANBHAI SUKAJI,9427372449,383240,India Post Payments Bank Limited
+ MAGANLAL,7069064772,383315,India Post Payments Bank Limited
+ MAHEMUDNAVAZ AHMADBHAI MANSURI,7016802184,383246,India Post Payments Bank Limited
+ MAHENDRA H DAMOR,9023981616,383350,State Bank of India
+ MAHENDRA NANABHAI DAMOR,7874782203,383350,Fino Payments Bank Ltd.
+ MAHENDRABHAI  PATEL,9427531027,383265,Bank of Baroda
+ MAHENDRABHAI PRABHABHAI,9428184029,383240,India Post Payments Bank Limited
+ MAHENDRAKUMAR KHANT,6353709604,383250,Airtel Payments Bank Limited
+ MAHENDRAKUMAR SANKALCHAND,9484674008,383325,India Post Payments Bank Limited
+ MAHESHBHAI  MAKWANA,9724815453,383315,Bank of Baroda
+ MAHESHBHAI  MARIVAD,9586253122,383350,Fino Payments Bank Ltd.
+ MAHESHBHAI  SOLANKI,9727413752,383310,Bank of Baroda
+ MAHESHBHAI KODARBHAI,9429911877,383310,India Post Payments Bank Limited
+ MAHESHKUMAR  DAMOR,9727412723,383350,Bank of Baroda
+ MAHESHKUMAR  PARMAR,8980615820,383350,Bank of Baroda
+ MAHESHKUMAR CHATURBHAI,9429325867,383310,India Post Payments Bank Limited
+ MAHESHKUMAR MANIBHAI,9978168754,383325,India Post Payments Bank Limited
+ MAHESHKUMAR NANALAL,9737840580,383325,India Post Payments Bank Limited
+ MAHESHKUMAR NANJIBHAI PATEL,9427688189,383325,Fino Payments Bank Ltd.
+ MAHESHKUMAR VINUBHAI,9428061107,383245,India Post Payments Bank Limited
+ MAHMMADRIYAJ MAHMMADSALIM IPROLIYA,9725562608,383310,Yes Bank Limited
+ MAJID MIYA MOHAMAD MIYA,9687129274,383350,India Post Payments Bank Limited
+ MAJIDRAZA  BANDI,6354705866,383250,Bank of Baroda
+ MAKAVANA SANJAYKUMAR,9687246830,389160,India Post Payments Bank Limited
+ MAKVANA YUVRAJSINH NIKUSINH,8758557114,383276,AXIS Bank Ltd.
+ MAKWANA BHARATKUMAR,9499569059,383276,AXIS Bank Ltd.
+ MAKWANA SURENDRA SINH,9499569051,383276,AXIS Bank Ltd.
+ MALEK MAHAMADMUSTUFA,7046965046,383315,Airtel Payments Bank Limited
+ MALEK YASINMIYA,8734067131,383325,Airtel Payments Bank Limited
+ MALI MANGILAL,8866880817,383001,Airtel Payments Bank Limited
+ MAMATABEN  RATHOD,6358058517,383315,Airtel Payments Bank Limited
+ MANAT LALAJIBHAI KANTIBHAI,9327677691,383350,Fino Payments Bank Ltd.
+ MANGALGIRI BHAGVANGIRI,9408013581,383310,India Post Payments Bank Limited
+ MANGUBEN NAVALSINHCHAUHAN,9586025438,383316,AXIS Bank Ltd.
+ MANILAL SANKARBHAI,7827922547,383345,India Post Payments Bank Limited
+ MANISHABEBN  CHAUHAN,8849336010,383345,Bank of Baroda
+ MANISHKUMAR BHOI,9409179143,383030,Airtel Payments Bank Limited
+ MANISHKUMAR DHIRAJLAL PATEL,8511722862,383001,Airtel Payments Bank Limited
+ MANISHKUMAR RAMESHBHAI RATHOD,9909697000,383310,Fino Payments Bank Ltd.
+ MANOJKUMAR  THAKOR,7567599442,383307,Bank of Baroda
+ MANOJKUMAR JAGDISHBHAI SONI,9998273499,383350,Fino Payments Bank Ltd.
+ MANOJKUMAR NANJIBHAI,9537715634,383330,India Post Payments Bank Limited
+ MANOJKUMAR SHAH,7487011683,383001,Airtel Payments Bank Limited
+ MANSIBEN GIRISHBHAI,9426363822,383307,India Post Payments Bank Limited
+ MANSURI  ADNAN,9825836231,383307,Fino Payments Bank Ltd.
+ MANUBHAI  DAMOR,7567185293,383350,Bank of Baroda
+ MANUBHAI AMRABHAI,9408280925,383325,India Post Payments Bank Limited
+ MANUBHAI BAJABHAI,9428257604,383325,India Post Payments Bank Limited
+ MANUBHAI KODARBHAI,9712116228,383350,India Post Payments Bank Limited
+ MAVJIBHAI NATHAJI,9512983655,383355,India Post Payments Bank Limited
+ MAYUDDIN YUSUFBHAI,7827922502,383345,India Post Payments Bank Limited
+ MAYUR PRAJAPATI,9624818315,383325,AU Small Finance Bank Limited
+ MAYUR RAJENDRABHAI,7623820565,383330,India Post Payments Bank Limited
+ MEGHABEN KIRITBHAI,9429183038,383335,India Post Payments Bank Limited
+ MEGHARJIYA AHEMADBHAI,9714690786,383335,Airtel Payments Bank Limited
+ MEGHRAJIYA RABBANI BURHANBHAI,6351151692,383350,Fino Payments Bank Ltd.
+ MEHUL  DAMOR,9328180684,383350,Bank of Baroda
+ MEHULBHAI  PARMAR,9081024205,383250,Bank of Baroda
+ MEHULKUMAR  JAYSWAL,9723076268,383310,Yes Bank Limited
+ MEHULKUMAR  PRAJAPATI,9328030095,383355,Bank of Baroda
+ MEHULKUMAR JYOTISHKUMARKAVATHIA,9586554417,383350,AXIS Bank Ltd.
+ MEHULKUMAR UDEHSING,7698093913,383245,India Post Payments Bank Limited
+ MEMON HABIB,9898855088,383001,Airtel Payments Bank Limited
+ MIHIRKUMAR JAGDISHKUMAR PANDYA,9537046189,383315,Fino Payments Bank Ltd.
+ MILANKUMAR KANTHIBHAI,8200191164,383355,India Post Payments Bank Limited
+ MINABEN,9428556165,383260,Union Bank of India
+ MIRZA FIROJBEG,8905165848,383325,Airtel Payments Bank Limited
+ MIRZA MAHAMD AYAN MUSTAKHUSEN,7600804336,383325,Fino Payments Bank Ltd.
+ MIRZA MUSTAKHUSEN,8320026522,383325,Airtel Payments Bank Limited
+ MISTRY ASHOK MATADINBHAI,9409361307,383340,Fino Payments Bank Ltd.
+ MITESHKUMAR  PANCHAL,9427072006,383245,Bank of Baroda
+ MITISHABEN VINAYSINH,8200654527,383345,India Post Payments Bank Limited
+ MOCHI SANDIPKUMAR,9624440541,383330,Airtel Payments Bank Limited
+ MODAMMEDSIDDIK GULAMRASUL PATEL,7383722751,383315,State Bank of India
+ MOHAMMADARIF  BANDI,7878177844,383250,Bank of Baroda
+ MOHAMMED SHAKIL YASINMIYA,9724520733,383350,India Post Payments Bank Limited
+ MOHAMMEDSAKIR GULAMMOHAMMED SHAIKH,9825464385,383315,AXIS Bank Ltd.
+ MOHSINBHAI  CHADI,9712087487,383350,Bank of Baroda
+ MORIVALA SAIJADBHAI SALIMBHAI,9157703728,383350,Fino Payments Bank Ltd.
+ MOSIN,9974638508,383315,Paytm Payments Bank Limited
+ MR. GOSAI JETENDRAGIRI BABUGIRI,9998716122,383325,Airtel Payments Bank Limited
+ MUKESHBHAI  KHANT,9712116162,383345,Bank of Baroda
+ MUKESHKUMAR AMRUTLAL MAKWANA,9925856201,383315,Airtel Payments Bank Limited
+ MUKESHKUMAR MAGANLAL  PARMAR,9978125117,383350,Bank of Baroda
+ MUKUNDBHAI CHHAGANBHAI,9979566720,383325,India Post Payments Bank Limited
+ MUSTUFAMIYA HUSENMIYA,9426505398,383325,India Post Payments Bank Limited
+ N S DHOLARIYA,9974100752,387630,India Post Payments Bank Limited
+ NACHIKET  NAYAK,7435926600,383001,Airtel Payments Bank Limited
+ NAGJIBHAI SOMAJI,9429568893,383246,India Post Payments Bank Limited
+ NANABHAI DHULABHAI,9913669689,383335,India Post Payments Bank Limited
+ NANAMA RAVINDRA,8320219995,383350,India Post Payments Bank Limited
+ NANDINI UDESINH,9727613897,383350,India Post Payments Bank Limited
+ NARENDER CHOUHAN,8290260208,383001,Airtel Payments Bank Limited
+ NARENDRABHAI  PATEL,9427402201,383251,Bank of Baroda
+ NARENDRASINH  CHAUHAN,8487090443,383315,Bank of Baroda
+ NARENDRASINH  JADEJA,9016257770,383355,Bank of Baroda
+ NARENDRASINH AMARSINH,8140818046,383310,India Post Payments Bank Limited
+ NARENDRASINH DINESHSINH CHAUHAN,9726533687,383340,State Bank of India
+ NARESH  KALASVA,7698338634,383001,Bank of Baroda
+ NARESHBHAI  DAMOR,8469929792,383350,Bank of Baroda
+ NARESHBHAI  MAKWANA,9687219695,383315,Bank of Baroda
+ NARESHBHAI BABUBHAI,8141102373,383246,India Post Payments Bank Limited
+ NARESHBHAI J KHANT,9925356462,383345,State Bank of India
+ NARESHBHAI PUJABHAI,9408126599,383276,India Post Payments Bank Limited
+ NARESHBHAI RAMABHAI,9426353184,383310,India Post Payments Bank Limited
+ NARESHKUMAR  MAKAVANA,8238732481,383316,Yes Bank Limited
+ NARESHKUMAR SOMALAL,9099213980,383246,India Post Payments Bank Limited
+ NATUBHAI  PARMAR,8511324529,383250,Bank of Baroda
+ NATUBHAI MANABHAI,9537711024,383310,India Post Payments Bank Limited
+ NAVINBHAI  NINAMA,9408581829,383355,Bank of Baroda
+ NAVJIBHAI SUKABHAI,9978275410,383245,India Post Payments Bank Limited
+ NAVRATAN BHARATKUMAR VASHISHTH,9099196999,383001,Airtel Payments Bank Limited
+ NAYNABAHEN GOVINDBHAI,9428643419,383355,India Post Payments Bank Limited
+ NIKESHKUMAR BABUBHAI,9586397143,383310,India Post Payments Bank Limited
+ NILESHKUMAR POPATBHAI,7359097978,383260,India Post Payments Bank Limited
+ NILESHKUMAR PRAVINBHAI,9512457378,383310,India Post Payments Bank Limited
+ NINAMA HARISHBHAI KANJIBHAI,9265352790,383320,Fino Payments Bank Ltd.
+ NINAMA VASUDEV KANTIBHAI,9687068547,383345,Fino Payments Bank Ltd.
+ NIRANJANKUMAR  GODHA,9106688454,383350,Bank of Baroda
+ NIRAVKUMAR  KHANT,9016200164,383312,Bank of Baroda
+ NIRAVKUMAR DAHYALAL,9408589115,383251,India Post Payments Bank Limited
+ NIRMALKUMAR  SHARMA,9879061697,383311,Bank of Baroda
+ NISHITH KIRITBHAI PARTH,9687709900,383450,Yes Bank Limited
+ NITABEN R,7567342139,383250,India Post Payments Bank Limited
+ NIYATIBEN,8401662424,383307,India Post Payments Bank Limited
+ NUPUR SHAH,9974009900,383315,Airtel Payments Bank Limited
+ PAGI CHANDUBHAI,9727309365,383350,Airtel Payments Bank Limited
+ PAGI JAYSHREEBEN,6351866351,383345,India Post Payments Bank Limited
+ PAGI KIRANKUMAR JAGADISHBHAI,8238186185,383335,Fino Payments Bank Ltd.
+ PAGI RAJESHBHAI AMARABHAI,8469553043,383345,India Post Payments Bank Limited
+ PAGI ROHITKUMAR,8469018979,383345,Yes Bank Limited
+ PAGI USHABEN MAHENDRABHAI,9638579782,383245,Canara Bank
+ PAKHANDI ABDULRAHIM,8849330040,383315,Airtel Payments Bank Limited
+ PALAT OSTIN NAVNITKUMAR,9408069090,383315,Fino Payments Bank Ltd.
+ PANCHAL,7303928369,383335,India Post Payments Bank Limited
+ PANCHAL DHAVAL KUMAR,9099475763,383315,RBL Bank Ltd
+ PANCHAL JAIMINKUMAR MUKESHBHAI,7874920672,383350,Yes Bank Limited
+ PANCHAL MITULKUMAR,9426894728,383315,AXIS Bank Ltd.
+ PANCHAL PRAFULKUMAR KANUBHAI,9316372914,383355,RBL Bank Ltd
+ PANCHAL SAGARKUMAR,9925166973,383350,India Post Payments Bank Limited
+ PANCHAL SUNILKUMAR KALIDAS,7622955614,383345,Fino Payments Bank Ltd.
+ PANCHAL URVESH RAKESHBHAI,9737498411,383215,Paytm Payments Bank Limited
+ PANCHAL VEDANTKUMAR,8447864660,383350,India Post Payments Bank Limited
+ PANDYA,9316336128,383335,India Post Payments Bank Limited
+ PANDYA  NIRANJANKUMAR,8200085695,383251,Fino Payments Bank Ltd.
+ PANDYA NAITIK BHANUSHANKAR,8140611824,383315,Fino Payments Bank Ltd.
+ PANDYA NISHANT,8320119830,383320,India Post Payments Bank Limited
+ PANTH ARVINDBHAI,7303928392,383310,India Post Payments Bank Limited
+ PARAMAR MAHARKUMAR,9726498667,383315,India Post Payments Bank Limited
+ PARAMAR PUNAMBHAI,9638538282,383325,Airtel Payments Bank Limited
+ PARESHKUMAR RATHOD,7600058833,383315,Airtel Payments Bank Limited
+ PARIMALKUMAR MANHARBHAI SHAH,8000313032,383246,Fino Payments Bank Ltd.
+ PARMAR,8200574061,383315,India Post Payments Bank Limited
+ PARMAR  JAYPALSINH,9712123781,383307,Bank of Baroda
+ PARMAR  PUNAMBHAI,7228068358,383345,Airtel Payments Bank Limited
+ PARMAR  VISHNUBHAI,9664921587,383310,Fino Payments Bank Ltd.
+ PARMAR ANILKUMAR REVABHAI,8141668503,383250,Fino Payments Bank Ltd.
+ PARMAR ASHISHKUMAR,9727977162,383325,Airtel Payments Bank Limited
+ PARMAR BHARATKUMAR,9737792533,383260,Yes Bank Limited
+ PARMAR DILIPKUMAR SHALUBHAI,8758176778,383310,Yes Bank Limited
+ PARMAR GIRIRAJSINH RUPSINH,9925028596,383310,Fino Payments Bank Ltd.
+ PARMAR HIMANSHUBHAI MAHENDRABHAI,9879600134,383355,RBL Bank Ltd
+ PARMAR HIRABHAI,8141310184,383315,Airtel Payments Bank Limited
+ PARMAR MAHENDRASINH RAJUINH,8758007805,383310,AXIS Bank Ltd.
+ PARMAR MAYANKKUMAR,7984378821,383316,India Post Payments Bank Limited
+ PARMAR MOTIJI SHANKARJI,7359964634,385120,Yes Bank Limited
+ PARMAR MUKESHKUMAR KARSHANBHAI,9427082200,383355,Fino Payments Bank Ltd.
+ PARMAR NATVARSINH HIRSINH,9537131195,383335,Yes Bank Limited
+ PARMAR NAYANABEN,6353270597,383320,India Post Payments Bank Limited
+ PARMAR PARESHKUMAR RAMANLAL,9426523355,383320,Fino Payments Bank Ltd.
+ PARMAR RAJESHKUMAR,6359081998,383340,Yes Bank Limited
+ PARMAR RANJITBHAI,7046195462,383325,Airtel Payments Bank Limited
+ PARMAR RAVJIBHAI,9537808474,383325,Airtel Payments Bank Limited
+ PARMAR SANDIPKUMAR BABUBHAI,9978018085,383310,Fino Payments Bank Ltd.
+ PARMAR SANGITABEN DILIPBHAI,6356124643,388255,Paytm Payments Bank Limited
+ PARSHOTAMBHAI  PANDYA,9427813990,383355,Bank of Baroda
+ PARSHOTTAMBHAI M VANKAR,9173342647,384355,India Post Payments Bank Limited
+ PARTH PANKAJKUMAR,6353188106,383345,India Post Payments Bank Limited
+ PARTH VIPULBHAI SONERI,7778905138,383310,Fino Payments Bank Ltd.
+ PARTHKUMAR ARVINDBHAI,9408295155,383325,India Post Payments Bank Limited
+ PARVATSINH  PAGI,9687784739,383345,Bank of Baroda
+ PARVEZHUSEN ABDULRAHIM KHERADA,9722588691,383250,AXIS Bank Ltd.
+ PATEL,9825320104,383345,India Post Payments Bank Limited
+ PATEL,9909637423,383250,India Post Payments Bank Limited
+ PATEL,9429448189,383422,India Post Payments Bank Limited
+ PATEL,9409456355,383310,India Post Payments Bank Limited
+ PATEL  HARDIKKUMAR,6353128193,383330,Fino Payments Bank Ltd.
+ PATEL  MAHESHBHAI,6355518464,383350,Fino Payments Bank Ltd.
+ PATEL  NAGINKUMAR,7874426551,383310,HDFC Bank Ltd.
+ PATEL  RITABEN,9428250844,383315,Fino Payments Bank Ltd.
+ PATEL AJAYKUMAR MUKESHBHAI,7048394009,383345,Fino Payments Bank Ltd.
+ PATEL ALPESHKUMAR MOTIBHAI,9427885041,383325,Fino Payments Bank Ltd.
+ PATEL ANKESHKUMAR VIPULBHAI,7874850606,383310,Fino Payments Bank Ltd.
+ PATEL BHAKTI,8799281595,383316,India Post Payments Bank Limited
+ PATEL BHANUBHAI BAHECHARBHAI,6353866904,383315,Fino Payments Bank Ltd.
+ PATEL BHARATBHAI VIRABHAI,9327138050,383315,Fino Payments Bank Ltd.
+ PATEL CHUNILAL,8799060019,383250,Airtel Payments Bank Limited
+ PATEL DHULABHAI METHABHAI,7567766099,383345,Fino Payments Bank Ltd.
+ PATEL HEMANGIBEN,9023245196,383345,India Post Payments Bank Limited
+ PATEL HIRENKUMAR,9904081640,383345,India Post Payments Bank Limited
+ PATEL JAIMIN,9537809288,383315,India Post Payments Bank Limited
+ PATEL JASHVANTLAL,9558015529,383325,Airtel Payments Bank Limited
+ PATEL JIGNESHKUMAR JASHVANTLAL,9428338571,383325,Fino Payments Bank Ltd.
+ PATEL KALABHAI KUBERBHAI,9376832981,383345,Fino Payments Bank Ltd.
+ PATEL KARUNA,8160845608,383315,India Post Payments Bank Limited
+ PATEL KODARBHAI,6359168055,383350,Airtel Payments Bank Limited
+ PATEL MAHESHBHAI,7228051223,383345,Airtel Payments Bank Limited
+ PATEL MAITRIBEN,9408663108,383307,India Post Payments Bank Limited
+ PATEL MAYANKKUMAR,9426819303,383251,India Post Payments Bank Limited
+ PATEL NALISHA,7359494036,383350,India Post Payments Bank Limited
+ PATEL NILESHKUMAR NARSINHBHAI,9328962092,383310,Fino Payments Bank Ltd.
+ PATEL NITALBEN JIGNESHKUMAR,9429982409,383325,Fino Payments Bank Ltd.
+ PATEL PRADIPKUMAR,8238523747,389130,Yes Bank Limited
+ PATEL PRIYABEN,8178029831,383355,India Post Payments Bank Limited
+ PATEL RAHULKUMAR SURESHBHAI,9428923001,383335,Fino Payments Bank Ltd.
+ PATEL RAJATKUMAR JAGDISHBHAI,9979386159,383315,Fino Payments Bank Ltd.
+ PATEL RAJESHBHAI BAHECHARBHAI,9426259269,383250,India Post Payments Bank Limited
+ PATEL RAJESHKUMAR KANTIBHA,9408126114,383345,HDFC Bank Ltd.
+ PATEL RASHMIKA RONAKKUMAR,9429323423,383310,Fino Payments Bank Ltd.
+ PATEL RATILAL,9737264046,383345,Airtel Payments Bank Limited
+ PATEL RIYANBHAI RAJAKBHAI,9099675350,383350,Fino Payments Bank Ltd.
+ PATEL SANJAYBHAI GOVINDBHAI,9512033571,383315,Fino Payments Bank Ltd.
+ PATEL SEJALBEN,9016966782,383251,India Post Payments Bank Limited
+ PATEL SHAILESHBHAI DAHYABHAI,7016589518,383251,Fino Payments Bank Ltd.
+ PATEL TANMAYKUMAR GIRISHBHAI,9426765805,383325,AXIS Bank Ltd.
+ PATEL TARUNKUMAR MANOJBHAI,9737490046,383325,India Post Payments Bank Limited
+ PATEL TUSHARKUMAR CHIMANBHAI,9428763251,383350,Fino Payments Bank Ltd.
+ PATEL UMANG MUKESHKUMAR,9409223849,383355,India Post Payments Bank Limited
+ PATEL UMESHKUMAR PUNAMBHAI,9662987691,383335,AXIS Bank Ltd.
+ PATEL VIJAYKUMAR,9429123516,383345,India Post Payments Bank Limited
+ PATEL VIPULKUMAR,9898884109,383315,Airtel Payments Bank Limited
+ PATEL YASVI,9909896981,383325,India Post Payments Bank Limited
+ PATEL YOGESHKUMAR KHEMCHANDBHAI,9427038081,383315,India Post Payments Bank Limited
+ PATELJALAKBHEN,7984697934,383245,India Post Payments Bank Limited
+ PATHAK BABUBHAI,6359985744,383325,India Post Payments Bank Limited
+ PATHAK BABUBHAI,9712365309,383325,India Post Payments Bank Limited
+ PATHAN ALAUDDIN,7383864950,383315,Airtel Payments Bank Limited
+ PAYALBEN PRAVINBHAI,9574293101,383315,India Post Payments Bank Limited
+ PAYALKUMARI ISHVARSINH,8347677080,383335,India Post Payments Bank Limited
+ PIYUSH  TARAL,6354090208,383355,Bank of Baroda
+ PIYUSHBHAI  PATEL,9016153359,383310,Bank of Baroda
+ PIYUSHKUMAR  PRANAMI,8140783427,383250,Bank of Baroda
+ POKAR VAIBHAVKUMAR DINESHBHAI,9409133367,383316,Fino Payments Bank Ltd.
+ POOJA NARESHBHAI,9409183066,383335,India Post Payments Bank Limited
+ PRABHADEVI SHARMA,9428466330,383001,Airtel Payments Bank Limited
+ PRABHATSINH JIVASINH,9426898133,383260,India Post Payments Bank Limited
+ PRABHATSINH MAKANSINH,9016426049,383335,India Post Payments Bank Limited
+ PRAHALAD JADEJA,8155085866,250404,Canara Bank
+ PRAHLADBHAI BABUBHAI,9429720698,383355,India Post Payments Bank Limited
+ PRAJAPATI BHUMIKAKUMARI RAJESHBHAI,9664449736,383350,Yes Bank Limited
+ PRAJAPATI BIPINBHAI MANGALBHAI,8160171388,383245,Fino Payments Bank Ltd.
+ PRAJAPATI ETISHA,8447834392,383307,India Post Payments Bank Limited
+ PRAJAPATI JAYRAM MANILAL,8000569826,383310,Fino Payments Bank Ltd.
+ PRAJAPATI KALUBHAI VALABHAI,9327210951,383350,Yes Bank Limited
+ PRAJAPATI PINKIBEN NIRAVKUMAR,9408407336,383315,Fino Payments Bank Ltd.
+ PRAJAPATI RITABEN SUNILKUMAR,6355501629,383350,Fino Payments Bank Ltd.
+ PRAJAPATI TARAJI,7990583284,383315,Airtel Payments Bank Limited
+ PRAJAPATI YOGESH KUMAR,9898406460,383315,AXIS Bank Ltd.
+ PRAKASHBHAI BABABHAI,7600903273,383250,India Post Payments Bank Limited
+ PRAKASHBHAI PATEL,9558124568,383315,Airtel Payments Bank Limited
+ PRAKASHKUMAR  CHAUHAN,8511395362,383325,Bank of Baroda
+ PRAKASHKUMAR  PATEL,8320059332,383335,Bank of Baroda
+ PRANAMI RAJENDRAKUMAR LAVJIBHAI,9409363895,383276,Fino Payments Bank Ltd.
+ PRANAMI VALJIBHAI,9106231431,383315,Canara Bank
+ PRANAVI KAMLESHBHAI,9586323405,383251,India Post Payments Bank Limited
+ PRANAYKUMAR RAMJIBHAI,9601421414,383246,India Post Payments Bank Limited
+ PRASAD MANKESHWAR,9898023662,394517,Yes Bank Limited
+ PRASHANTKUMAR PANDYA,9824686119,383001,Airtel Payments Bank Limited
+ PRATAPBHAI PUNJABHAI,8469136240,383315,India Post Payments Bank Limited
+ PRATIKBHAI BACHUBHAI,9099884009,383450,India Post Payments Bank Limited
+ PRATIKKUMAR  DARJI,9408299101,383311,Bank of Baroda
+ PRAVINABEN  SARDARBHAI,9879452692,383307,India Post Payments Bank Limited
+ PRAVINABEN SAVJIBHAI,8758717728,383245,India Post Payments Bank Limited
+ PRAVINBHAI JAVANBHAI,7984703047,383355,India Post Payments Bank Limited
+ PRAVINKUMAR  CHAMAR,9265626715,383335,Bank of Baroda
+ PRAVINKUMAR  PARMAR,8980561276,383350,Bank of Baroda
+ PRAVINKUMAR CHAMPAKLAL,7778972158,383325,India Post Payments Bank Limited
+ PRAVINSINH BALVANTSINH,9712297402,383246,India Post Payments Bank Limited
+ PRITESHKUMAR PINAKINBHAI,7698455499,383310,India Post Payments Bank Limited
+ PRITIBAHEN MITESHKUMAR,9408585530,383250,India Post Payments Bank Limited
+ PRIYADARSHI RAVI SHAKUMAR LAVJIBHAI,9409047048,383350,AXIS Bank Ltd.
+ PRIYANKABEN DHANJIBHAI,9099747852,383350,India Post Payments Bank Limited
+ PRIYANKABEN PREMCHANDBHAI,8980698773,383350,India Post Payments Bank Limited
+ PRUTHVISINH BHAVANSINH,8447865984,383310,India Post Payments Bank Limited
+ PRUTHVISINH DILIPSINH SOLANKI,9624487946,383330,Yes Bank Limited
+ PUNABHAI SHIVABHAI,9638977548,383315,India Post Payments Bank Limited
+ PUNJABHAI ALKHABHAI,9558316074,383450,India Post Payments Bank Limited
+ PURSOTTAMBHAI PUNJABHAI,9737694240,383325,India Post Payments Bank Limited
+ PURV NARENDRABHAI,9408467033,383251,India Post Payments Bank Limited
+ PURVIK DILIPBHAI,7433917400,383335,India Post Payments Bank Limited
+ PUSHPENDRAGIRI,7698990940,383345,India Post Payments Bank Limited
+ RAHIMBHAI AVAJALBHAI,9426405420,383350,India Post Payments Bank Limited
+ RAHUL KALAJIBHAI PARMAR,9328340077,383317,AU Small Finance Bank Limited
+ RAHUL RAJNIBHAI PATEL,9904414652,383307,Fino Payments Bank Ltd.
+ RAHUL SURESHBHAI SHAH,8866865211,394517,Yes Bank Limited
+ RAHULBHAI RAYJIBHAI,8141929513,383355,India Post Payments Bank Limited
+ RAHULKUMAR  CHAUHAN,9426943857,383311,Bank of Baroda
+ RAHULKUMAR  KALAL,8140040040,383251,Bank of Baroda
+ RAHULKUMAR RAMANBHAI,9737097257,383350,India Post Payments Bank Limited
+ RAJ,9687530290,383315,Union Bank of India
+ RAJDEEP KATARA,7874559286,383315,Airtel Payments Bank Limited
+ RAJENDER  SINGH,9998470980,383245,Airtel Payments Bank Limited
+ RAJENDRASINH  PARMAR,8980200961,383335,Bank of Baroda
+ RAJENDRASINH AJMELBHAI,9727603319,383355,India Post Payments Bank Limited
+ RAJESH  JOSHI,9427695297,383310,Bank of Baroda
+ RAJESH GIRISHBHAI,9099511919,383315,India Post Payments Bank Limited
+ RAJESHBHAI  PRAJAPATI,9773271716,383350,Bank of Baroda
+ RAJESHKUMAR  SOLANKI,9510197248,383345,Bank of Baroda
+ RAJESHKUMAR BHALCHANDRA GOR,9913403703,383320,Fino Payments Bank Ltd.
+ RAJESHKUMAR HIRABHAI  CHAUDHARY,8780240887,383350,Bank of Baroda
+ RAJESHKUMAR LAVINGAMAL LUHANA,9904555533,383340,Fino Payments Bank Ltd.
+ RAJKUMAR PANKAJBHAI,8080464142,383276,India Post Payments Bank Limited
+ RAJPUROHIT ASHOKBHAI GOPALSINH,8238690097,383251,Fino Payments Bank Ltd.
+ RAJUBHAI PUNJABHAI KHANT,8200491110,383335,Fino Payments Bank Ltd.
+ RAJUSINH M,8447869675,383316,India Post Payments Bank Limited
+ RAKESH LAXMILAL JAIN,9879434222,383345,Yes Bank Limited
+ RAKESHBHAI  KHANT,9726306503,383335,Bank of Baroda
+ RAKESHKUMAR BHIKHABHAI PATEL,9913419397,383350,State Bank of India
+ RAMABHAI JETHABHAI,9638787801,383335,India Post Payments Bank Limited
+ RAMABHAI PUNAMBHAI,9427544573,383251,India Post Payments Bank Limited
+ RAMANBHAI,7874027809,383315,India Post Payments Bank Limited
+ RAMANBHAI GANESHBHAI,8511938233,383245,India Post Payments Bank Limited
+ RAMANBHAI NANABHAI,9638075740,383345,India Post Payments Bank Limited
+ RAMANBHAI VALABHAI,9687200705,383315,India Post Payments Bank Limited
+ RAMANLAL SURJI,9687985237,383246,India Post Payments Bank Limited
+ RAMANPATEL RAMANPATEL,6352847282,510164,Canara Bank
+ RAMASINH RANSINH,9409075102,383317,India Post Payments Bank Limited
+ RAMCHANDBHAI  KHANT,9712384850,383350,Bank of Baroda
+ RAMESHBHAI  DAMOR,9727817823,383350,Bank of Baroda
+ RAMESHBHAI  DAMOR,8239537490,383350,Bank of Baroda
+ RAMESHBHAI  MARIVAD,9638756134,383345,Bank of Baroda
+ RAMESHBHAI  PAGI,9825163259,383350,Bank of Baroda
+ RAMESHBHAI  PATEL,6351361212,383307,Bank of Baroda
+ RAMESHBHAI  PRAJAPATI,9408591555,383355,Bank of Baroda
+ RAMESHBHAI BAUBHAI,9429085504,383325,India Post Payments Bank Limited
+ RAMESHBHAI KODARBHAI,9429605355,383325,India Post Payments Bank Limited
+ RAMESHBHAI NANABHAI,9408172901,383350,India Post Payments Bank Limited
+ RAMESHCHANDRA NARAYANDAS,9409047723,383245,India Post Payments Bank Limited
+ RAMESHKUMAR BHIKHABHAI,8980911591,383350,India Post Payments Bank Limited
+ RAMESHKUMAR K DAMOR,9427779943,383350,State Bank of India
+ RAMSINH AGARSINH,8238930150,383251,India Post Payments Bank Limited
+ RANA PRAKASHKUMAR,7265000508,383260,India Post Payments Bank Limited
+ RANAVAT NIKITASINGH RAGHUNATHSINGH,9409555412,383316,Fino Payments Bank Ltd.
+ RANJEETSINH MAKWANA,9106339470,383001,Airtel Payments Bank Limited
+ RANJIT  CHAUHAN,9638812548,383345,Bank of Baroda
+ RANJITJI  BARIYA,9925385440,383345,Bank of Baroda
+ RANJITSINH ABHESINH RATHOD,9426342207,383315,AXIS Bank Ltd.
+ RANJITSINH TAKHATSINH,9574582649,383330,India Post Payments Bank Limited
+ RASHMIKANT HIRALAL CHAUDHARI,9427529431,383245,India Post Payments Bank Limited
+ RATHOD,8347255227,383316,India Post Payments Bank Limited
+ RATHOD ALPESHKUMAR,7861860803,383355,RBL Bank Ltd
+ RATHOD ARVINDSINH,9106220130,383350,Airtel Payments Bank Limited
+ RATHOD ARYANKUMAR,8200442210,383315,Airtel Payments Bank Limited
+ RATHOD BHUPENDRAKUMAR LALJIBHAI,9998975528,383315,Airtel Payments Bank Limited
+ RATHOD HARSHADBHAI,9727476696,383310,India Post Payments Bank Limited
+ RATHOD HITENDRASINH DURSINH,9725995754,383350,AXIS Bank Ltd.
+ RATHOD JAYPALSINH LALSINH,9978161514,383345,Yes Bank Limited
+ RATHOD MAHESHBHAI,9726531345,383350,Airtel Payments Bank Limited
+ RATHOD MANUBHAI,8511431515,383315,Airtel Payments Bank Limited
+ RATHOD MOHAMMEDHUSEN,7777919107,383315,Airtel Payments Bank Limited
+ RATHOD PIYUSHBHAI,9925750454,383316,India Post Payments Bank Limited
+ RATHOD PUSHPARAJSINH JAGATSINH,6352534263,383345,Fino Payments Bank Ltd.
+ RATHOD SURENDRASINH UDESINH,9409555372,383345,Fino Payments Bank Ltd.
+ RATILAL NATHAJI,9427695484,383251,India Post Payments Bank Limited
+ RAVAL,7069770873,383422,India Post Payments Bank Limited
+ RAVAL,8447824418,383315,India Post Payments Bank Limited
+ RAVAL NARESHBHAI NANABHAI,9510879147,383350,Fino Payments Bank Ltd.
+ RAVAL PASHABHAI,9313783450,383310,Airtel Payments Bank Limited
+ RAVAL RUSHIKESH SHIVSHANKAR,9737219290,383325,Paytm Payments Bank Limited
+ RAVAL SANJAYBHAI MUKESHBHAI,8980581394,383350,Fino Payments Bank Ltd.
+ RAVALSHAILESHKUMAR,9909866515,383251,Yes Bank Limited
+ RAVI ARVINDBHAI DABGAR,9909136052,383315,Airtel Payments Bank Limited
+ RAVIKUMAR  DOSHI,9929544985,383350,Bank of Baroda
+ RAVIKUMAR DOSHI,9427637144,383350,Airtel Payments Bank Limited
+ RAVIKUMAR YOGESHBHAI PATEL,9512121881,383315,AXIS Bank Ltd.
+ RAVINA  PARMAR,9316712923,383315,Bank of Baroda
+ RAVIRAJSINH JIGNESHSINH,8200509015,383316,India Post Payments Bank Limited
+ REKHABEN PIYUSHBHAI LABANA,9978059265,383350,AXIS Bank Ltd.
+ REVABHAI BABABHAI,9726718409,383307,India Post Payments Bank Limited
+ REVABHAI BALABHAI PATEL,8178399432,389230,India Post Payments Bank Limited
+ RIMABEN NARENDRABHAI,9408452741,383245,India Post Payments Bank Limited
+ RIYA UNMESHBHAI,9484538922,383240,India Post Payments Bank Limited
+ RIYABEN SANDIPKUMAR,8128532700,383315,India Post Payments Bank Limited
+ RIZVAN IKBALBHAI MEMON,9725067658,383001,Airtel Payments Bank Limited
+ RIZVANABANU  KHERADA,8160632788,383350,Bank of Baroda
+ ROHITBHAI RAVAL,7737526464,383315,Airtel Payments Bank Limited
+ ROHITKUMAR AJIT SINGH,7878356157,394517,Yes Bank Limited
+ ROSHANIBAHEN BANKIMCHANDRA,9726114632,383335,India Post Payments Bank Limited
+ ROSHANKUMAR,9016354718,383325,India Post Payments Bank Limited
+ RUTVIKBHAI KANTILAL PATEL,7990339567,383350,Fino Payments Bank Ltd.
+ SACHINKUMAR  BAROT,9737148932,383325,Bank of Baroda
+ SACHINKUMAR RATILAL,9537356750,383345,India Post Payments Bank Limited
+ SADAT JIGAR KUMAR RAMESHBHAI,6353515623,383245,AXIS Bank Ltd.
+ SADAT JIGARKUMAR RAMESHBHAI,9016921297,383246,Fino Payments Bank Ltd.
+ SAEED AHEMAD  MALEKJI,9978610271,383315,Bank of Baroda
+ SAEED AHEMAD ISMAILBHAI,6353624030,383315,Union Bank of India
+ SAFRI MOHMMADFAIZ MOHMMADIQBAL,8128299929,383315,Fino Payments Bank Ltd.
+ SAGAR KRUPA,9106841749,383251,India Post Payments Bank Limited
+ SAGARKUMAR DILIPKUMAR,9316962748,383250,India Post Payments Bank Limited
+ SAHADEV RAWAL,9033461280,394517,Yes Bank Limited
+ SAIYED MAKBULHUSEN ANVARALI,8000980786,383315,Fino Payments Bank Ltd.
+ SAJID NOORMOHAMMED PATIWALA,7284837864,383315,Fino Payments Bank Ltd.
+ SAJIDHUSEN MUSTUFABHAI BANDI,9979411829,383315,Airtel Payments Bank Limited
+ SALAMHBAI USMANBHAI,8153892731,383325,India Post Payments Bank Limited
+ SALAUDDIN  BAKROLIYA,9913547964,383350,Bank of Baroda
+ SALAUDDIN PATEL,9974019504,383315,Airtel Payments Bank Limited
+ SALIM MAHAMMAD MAHEMUDMIYA SHEKH,9898187055,383345,Yes Bank Limited
+ SANDHI KADARBHAI,9909668763,383316,India Post Payments Bank Limited
+ SANDHYABEN KARANSINH  CHAUHAN,9586232180,383320,Bank of Baroda
+ SANJAY  KATARA,9879998419,383001,Bank of Baroda
+ SANJAY PATEL,9998352657,383315,Paytm Payments Bank Limited
+ SANJAYKUMAR  TARAR,9638964951,383320,Bank of Baroda
+ SANJAYKUMAR  VAISHNAV,7228063675,383307,Bank of Baroda
+ SANJAYKUMAR BABUBHAI,8140977480,383251,India Post Payments Bank Limited
+ SANJAYKUMAR MALABHAI ZALA,9913861482,387620,State Bank of India
+ SANJAYKUMAR PRATAPBHAI KHANT,8160017388,383270,Yes Bank Limited
+ SANJAYKUMAR RAMANBHAI,8141151663,383310,India Post Payments Bank Limited
+ SANJAYKUMAR SANJAYKUMAR  KHANTKHANT,9638602495,383335,AXIS Bank Ltd.
+ SANJAYKUMAR VINUBHAI,9723063447,383345,India Post Payments Bank Limited
+ SANJAYSINH CHAUHAN,9408674051,383340,Airtel Payments Bank Limited
+ SANJIV KUMAR,8460772000,394517,Yes Bank Limited
+ SANKETKUMAR KIRANKUMAR PANDYA,9099960036,383315,Fino Payments Bank Ltd.
+ SARDARBHAI FULABHAI,7573850790,383251,India Post Payments Bank Limited
+ SARDARSINH MALSINH,9909536093,383335,India Post Payments Bank Limited
+ SARFARAZBHAI BHADKI,9898159325,383315,Airtel Payments Bank Limited
+ SAROJBEN  SOLANKEE,7435871843,383240,Bank of Baroda
+ SATYAM GUPTA,9737515212,383355,Airtel Payments Bank Limited
+ SHAH GIRISHKUMAR,9510719805,383315,Airtel Payments Bank Limited
+ SHAH KAPILKUMAR SHRAVANBHAI,9426894058,383315,Airtel Payments Bank Limited
+ SHAIKH MAKIL MSALIM,7016589315,383315,Fino Payments Bank Ltd.
+ SHAILESH AMRATBHAI,8469140883,383205,India Post Payments Bank Limited
+ SHAILESHBHAI  KANTIBHAI DAMOR,9512475870,383350,Bank of Baroda
+ SHAILESHBHAI  RATHOD,9586495266,383345,Bank of Baroda
+ SHAILESHBHAI  ZALA,8154071146,383325,Bank of Baroda
+ SHAILESHBHAI JIVABHAI PRAJAPATI,9979981715,383335,AU Small Finance Bank Limited
+ SHAILESHBHAI SALUBHAI,6359985733,383251,India Post Payments Bank Limited
+ SHAILESHKUMAR  DAMOR,9909637204,383350,Bank of Baroda
+ SHAILESHKUMAR  THAKOR,9725730909,383317,Bank of Baroda
+ SHAILESHKUMAR PATEL,9898886672,383315,Airtel Payments Bank Limited
+ SHAKIRHUSEN ABDULRAHIM GHANCHI,7227086757,383250,State Bank of India
+ SHAKUNTALABEN KANTIBHAI,7434956616,383307,India Post Payments Bank Limited
+ SHANABHAI RUPABHAI,8980599947,383335,India Post Payments Bank Limited
+ SHARDABEN KANABHAI KHANT,9909843254,383350,Fino Payments Bank Ltd.
+ SHITALBEN JIGNESHKUMAR SHAH,9429230171,383325,Fino Payments Bank Ltd.
+ SHIVAM RAJESHBHAI,9429043555,383315,India Post Payments Bank Limited
+ SHIVANGIBAHEN PRAVINBHAI,9428493184,383450,India Post Payments Bank Limited
+ SHOEB ABDULGAFUR BANDI,9974070266,383315,AXIS Bank Ltd.
+ SHRIMALI KHANAK KIRANKUMAR,8153803461,383315,Fino Payments Bank Ltd.
+ SIDDHARAJKUMAR  KHATIK,6351026780,383245,Bank of Baroda
+ SIDHARAJBHAI MAKSHIBHAI,8980730426,383245,India Post Payments Bank Limited
+ SINDHVA NARSINHBHAI,9409606029,383315,Airtel Payments Bank Limited
+ SOLANKI AJMELSINH,7874368993,383325,Airtel Payments Bank Limited
+ SOLANKI ANITASINGH,7984170589,383340,Airtel Payments Bank Limited
+ SOLANKI BIJENDRASINH PRBHATSINH,9879188719,383330,Fino Payments Bank Ltd.
+ SOLANKI DHARMENDRASINH,7265820452,383330,Paytm Payments Bank Limited
+ SOLANKI DHRUVILKUMAR MAHESHBHAI,9512413275,383345,Fino Payments Bank Ltd.
+ SOLANKI KALPESHBHAI KALABHAI,9726572308,383310,Yes Bank Limited
+ SOLANKI KESHRISINH,9714846617,383330,Airtel Payments Bank Limited
+ SOLANKI KHUMANSINH,7041770590,383340,Airtel Payments Bank Limited
+ SOLANKI MAHENDRASINH DALPATSINH,9714148447,383330,Yes Bank Limited
+ SOLANKI MAHESHBHAI BALVANTBHAI,9510002504,383310,Yes Bank Limited
+ SOLANKI MOHANBHAI,7990964994,383315,Airtel Payments Bank Limited
+ SOLANKI PARTH,7096689151,383315,Airtel Payments Bank Limited
+ SOLANKI RAMSINH,8347643098,383315,Airtel Payments Bank Limited
+ SOLANKI VIKRAMBHAI,9537634610,383325,Airtel Payments Bank Limited
+ SOLANKI VIPULSINH NARENDRASINH,7096524627,383340,Fino Payments Bank Ltd.
+ SOMABHAI GOBARBHAI,9428298298,383316,India Post Payments Bank Limited
+ SOMABHAI HIRABHAI,9726490677,383345,India Post Payments Bank Limited
+ SOMSINH BHATHISINH,8140040466,383325,India Post Payments Bank Limited
+ SONALBEN  CHAMAR,9313056255,383251,Bank of Baroda
+ SONALBEN  DAMOR,9537099279,383350,Bank of Baroda
+ SONALBEN  PATEL,6354583259,383315,Bank of Baroda
+ SONALBEN RAJESHKUMAR PATEL,8511611122,383315,Fino Payments Bank Ltd.
+ SPICEMONEYAPI,9979188331,383246,Yes Bank Limited
+ SUBHADRABEN  PATEL,9428772564,383315,Bank of Baroda
+ SUKHABHAI KODARBHAI,9558341467,383245,India Post Payments Bank Limited
+ SUMANBEN PRAVINBHAI,9408016770,383250,India Post Payments Bank Limited
+ SUNIL KUMAR  PRAJAPATI,9099195853,383350,Bank of Baroda
+ SUNILBHAI RAVJIBHAI DABHI,9016706352,383310,Fino Payments Bank Ltd.
+ SUNILKUMAR,8700575196,383315,India Post Payments Bank Limited
+ SUNILKUMAR  TALAR,9427242415,383310,Bank of Baroda
+ SUNILKUMAR ARVINDBHAI,8758778297,383330,India Post Payments Bank Limited
+ SURBHI KAMLESHKUMAR SHARMA,7984590088,383310,India Post Payments Bank Limited
+ SURESH  DAMOR,9638543318,383350,Bank of Baroda
+ SURESH NATH,9636713667,383345,Airtel Payments Bank Limited
+ SURESHBHAI  BHAMBHI,9427690120,383251,Bank of Baroda
+ SURESHBHAI  MODIYA,9712237314,383246,Bank of Baroda
+ SURESHBHAI  SOLANKI,9726348556,383310,Bank of Baroda
+ SURESHBHAI DHANABHAI,9687436213,383310,India Post Payments Bank Limited
+ SURESHBHAI MULABHAI,9624244309,383307,India Post Payments Bank Limited
+ SURESHKUMAR  PARMAR,8780703148,247662,Bank of Baroda
+ SURESHKUMAR PUNJABHAIDAMOR,9723650707,383350,India Post Payments Bank Limited
+ SUTHAR TANVIR GULAMHUSEN,9727038928,383315,HDFC Bank Ltd.
+ SUVERA CHETANKUMAR DEVJIBHAI,6353591710,383251,Yes Bank Limited
+ TABIYAD MUKESHBHAI BACHUBHAI,9913025182,383350,Yes Bank Limited
+ TALAR KALPESH KUMAR PRATAPBHAI,9265742638,383310,Yes Bank Limited
+ TALAR SUNILKUMAR THAKORBHAI,7265069315,383310,Fino Payments Bank Ltd.
+ TALAR SURESHBHAI NANABHAI,9979490467,383345,Fino Payments Bank Ltd.
+ TARAR RAMSINH,9724048521,383350,Airtel Payments Bank Limited
+ TEJASKUMAR DILIPKUMAR,9426665545,383251,India Post Payments Bank Limited
+ THAKOR  KARANBHAI,9687966050,383335,Bank of Baroda
+ THAKOR NILESHKUMAR,8672019409,383350,India Post Payments Bank Limited
+ TIRGAR BHAVESHKUMAR,8980465001,383340,India Post Payments Bank Limited
+ TIRGAR SURESHBHAI,9586210058,383340,Airtel Payments Bank Limited
+ TIRGAR SURESHBHAI MANUBHAI,9426989590,383315,Fino Payments Bank Ltd.
+ TWINKALBEN JAYANTIBHAI,9586007154,383355,India Post Payments Bank Limited
+ UDABHAI MATHURBHAI,9725330098,383350,India Post Payments Bank Limited
+ UDAY CHAUDHARI,9409648233,383315,India Post Payments Bank Limited
+ UDESINH DHULSINH,9727100923,383330,India Post Payments Bank Limited
+ UMANGKUMAR VITTHALBHAI CHAUDHARI,9978243478,383315,AXIS Bank Ltd.
+ UNNATIBEN RAJENDRABHAI,9265041956,383310,India Post Payments Bank Limited
+ UPAD MOHAMMED WASIM DAUDBHAI,8511626416,383315,Fino Payments Bank Ltd.
+ URMILABEN  BHAGORA,9909793453,383246,Bank of Baroda
+ URMILABEN SHAMBHUBHAI,9825232686,383310,India Post Payments Bank Limited
+ VAGHELA GOVINDSINH,6354069015,383310,Canara Bank
+ VAGHJIBHAI PUNJABHAI,9428966568,383450,India Post Payments Bank Limited
+ VAISHALIBEN  JOSHI,9687250219,383311,Bank of Baroda
+ VANAJARA AKASHKUMAR MATHURBHAI,9558663680,383355,Fino Payments Bank Ltd.
+ VANAJARA VIJAY KUMAR KHATUBHAI,9978500273,383350,AXIS Bank Ltd.
+ VANDANABEN  KHANT,9978574382,383251,Bank of Baroda
+ VANJARA KHATUBHAI,9712080810,383350,Airtel Payments Bank Limited
+ VANJARA SHETALBHAI,9879446805,383315,Airtel Payments Bank Limited
+ VANKAR JASVANTBHAI,6351219939,383325,Airtel Payments Bank Limited
+ VANKAR MULABHAI,9978794193,396321,India Post Payments Bank Limited
+ VASANTKUMAR,7069064774,383315,India Post Payments Bank Limited
+ VASANTLAL LALLUBHAI PARMAR,9408585545,383245,India Post Payments Bank Limited
+ VASAVA SHAMBHUBHAI,6351402746,383315,Airtel Payments Bank Limited
+ VECHATBHAI KAYABHAI,8469443246,383310,India Post Payments Bank Limited
+ VIDHI ANILBHAI,9316634339,383350,India Post Payments Bank Limited
+ VIJAYKUMAR  DAMOR,9081066719,383350,Bank of Baroda
+ VIJAYKUMAR  KHANT,8980935014,383350,Bank of Baroda
+ VIJAYKUMAR  PATEL,9327868427,383350,Bank of Baroda
+ VIJAYKUMAR  VANJARA,8160768272,383350,Bank of Baroda
+ VIJAYKUMAR RAMANBHAI,9737535895,383350,India Post Payments Bank Limited
+ VIJAYKUMAR SAVABHAI  DAMOR,8141959945,383350,Bank of Baroda
+ VIKAS SURESHBHAI SHAH,9624966295,394517,Yes Bank Limited
+ VIKRAMBHAI  MAKVANA,9537916658,383315,Bank of Baroda
+ VIKRAMJI PRATAPJI DABHI  PRATAPJI,9724063250,385550,Yes Bank Limited
+ VIKRAMSINH,6359985728,383350,India Post Payments Bank Limited
+ VIKRAMSINH  PARMAR,9662857002,383325,Bank of Baroda
+ VIKRAMSINH NARENDRASINH,8140063475,383330,India Post Payments Bank Limited
+ VIMALKUMAR  PATEL,7698104843,383335,Bank of Baroda
+ VINAYBHAI SONI,7600464624,383001,Airtel Payments Bank Limited
+ VINODKUMAR MOHANLAL,9726603871,383350,India Post Payments Bank Limited
+ VINUBHAI CHHAGANBHAI,9978210582,383315,India Post Payments Bank Limited
+ VIPULBHAI PARMABHAI PARMAR,9979763221,383340,Fino Payments Bank Ltd.
+ VIPULKUMAR  CHAUDHARI,9512402163,383251,Bank of Baroda
+ VIPULKUMAR  PATEL,9409560443,383265,Bank of Baroda
+ VIRENDRA PARMAR,9427080806,383325,Airtel Payments Bank Limited
+ VIRENDRAKUMAR GOVIDNBHAI,7874162926,383355,India Post Payments Bank Limited
+ VIRENDRASINH  CHAUHAN,7016028209,383345,Bank of Baroda
+ VIRENDRASINH CHAUHAN,9979270049,383335,AU Small Finance Bank Limited
+ VIRENDRASINH VIKRAMSINH ZALA,8238029435,383350,IndusInd Bank Limited
+ VISHAL  DARJI,8758272026,383240,Bank of Baroda
+ VISHALBHAI RAJESHBHAI,7990763858,383325,India Post Payments Bank Limited
+ VISHALKUMAR  SOLANKI,9313842870,383325,Bank of Baroda
+ VISHALKUMAR PATEL,8200915530,383350,AU Small Finance Bank Limited
+ VISHALSINH JAYANTISINH MAKVANA,9426249217,383310,Fino Payments Bank Ltd.
+ VISHNUBHAI BACHUBHAI,9979566863,383355,India Post Payments Bank Limited
+ VISHNUBHAI KACHARABHAI,9724928082,383320,India Post Payments Bank Limited
+ VISHRAMBHAI MAVJIBHAI BHAGORA,9426248747,383450,Yes Bank Limited
+ VITTHALBHAI KANJIBHAI,9428277893,383315,India Post Payments Bank Limited
+ VRUNDABEN,8238459647,383245,India Post Payments Bank Limited
+ VYAS  SHYAMLAL,8849879100,383355,Airtel Payments Bank Limited
+ YADAV SAROJ KUMAR,9998520228,394517,Yes Bank Limited
+ YASH KAMLESHBHAI,9429179014,383250,India Post Payments Bank Limited
+ YATINKUMAR  VAGHELA,6355633350,383311,Bank of Baroda
+ YOGENDRAPRASAD  BHATT,8401106016,383345,Bank of Baroda
+ YOGENDRASINH SAVNATHSINH RATHOD,9409133685,383350,AXIS Bank Ltd.
+ YOGESHKUMAR RAMANLAL,9913837538,383315,India Post Payments Bank Limited
+ YOGINKUMAR NARANBHAI SONI,9784083464,383251,Fino Payments Bank Ltd.
+ YUVRAJ TRIVEDI,9601826622,383316,Airtel Payments Bank Limited
+ ZALA ANILSINH ALUSINH,8238262134,383276,AXIS Bank Ltd.
+ ZALA FULSINH,9023737879,383325,Airtel Payments Bank Limited
+ ZALA JASHVANTSINH MAHENDRASINH,9106528274,383330,Fino Payments Bank Ltd.
+ ZALA JIGNESHKUMAR JAYANTILAL,9408509418,383330,Yes Bank Limited
+ ZALA KANTISINH,9824246535,383325,Airtel Payments Bank Limited
+ ZALA KISMATSINH RAJUSINH,7572856683,383335,Fino Payments Bank Ltd.
+ ZALA KOMALBEN MAHENDRASINH,9662018724,383245,Canara Bank
+ ZALA KUMAR,9313972677,383325,Airtel Payments Bank Limited
+ ZALA RAKESHKUMAR BHURSINH,8980376853,383340,Fino Payments Bank Ltd.
+ ZALA SANDIPKUMAR,9510425149,383330,India Post Payments Bank Limited
+ ZALA SINH,8758406736,383325,Airtel Payments Bank Limited
+ ZALA SUNILKUMAR RAJENDRASINH,6354275851,383330,Yes Bank Limited
+ ZALA SURENDRASINH MANSINH,9879855668,388265,Yes Bank Limited
+ ZALA VAKATUSINH,8511451156,383325,Airtel Payments Bank Limited
+ ZAZ FARDIN MOHAMMAD ARIF,6355870772,383315,Fino Payments Bank Ltd.
