bc_name,mobile_no,pincode,bank_name
+ ABDULRAB BADHARA,9979058186,370150,Airtel Payments Bank Limited
+ AJANA LIMBABHAI NARAYANBHAI,7228858417,370110,Airtel Payments Bank Limited
+ AJANA MASHRU,9157247236,370110,Airtel Payments Bank Limited
+ AJAY SADHU,9316803833,370145,Airtel Payments Bank Limited
+ AKHTAR  HOSSAIN,7600388816,370110,Airtel Payments Bank Limited
+ AKSHAY PARMAR,9157794572,370145,Airtel Payments Bank Limited
+ AMIN  ANSARI,9558079309,370230,Airtel Payments Bank Limited
+ AMIT JHA,7211160606,370240,Airtel Payments Bank Limited
+ AMJADKHAN PATHAN,9913888786,507307,Canara Bank
+ AMULKUMAR SOMESHWAR,7698567582,370430,Airtel Payments Bank Limited
+ ANANDI BEN,7600727728,380013,Airtel Payments Bank Limited
+ ANANTKUMAR D THACKER,9898372805,370001,Airtel Payments Bank Limited
+ ANIL KUMAR SAHNI,9898257362,370210,Airtel Payments Bank Limited
+ ANIRUDHSINH  VAGHELA,9998251359,370240,Airtel Payments Bank Limited
+ ANJANABA JADEJA,9157259145,370435,Airtel Payments Bank Limited
+ ANKIT  TIWARI,8866233231,370465,Airtel Payments Bank Limited
+ ANSARI  RUKSANA,9898911444,370140,Airtel Payments Bank Limited
+ ARAB  ALIMAMAD,9725238892,370465,Airtel Payments Bank Limited
+ ASHISH GANATRA,9428471040,370510,Airtel Payments Bank Limited
+ AYAR KIRANKUMAR SHAMJIBHAI,8980258741,370140,Airtel Payments Bank Limited
+ AYAR VALJI,9998729666,370001,Airtel Payments Bank Limited
+ BACHUBHAI GEMARAM DESAI,9558180026,370240,Airtel Payments Bank Limited
+ BADIYANI DHVANI,9974217079,370421,Airtel Payments Bank Limited
+ BALA DINESH,9558369008,370145,Airtel Payments Bank Limited
+ BALDANIYA KESHAVJIBHAI,9898209287,370110,Airtel Payments Bank Limited
+ BALOCH HUSENKHAN KESARKHAN,8128198850,385320,Airtel Payments Bank Limited
+ BALOCH KESARKHAN,9724262157,370240,Airtel Payments Bank Limited
+ BAMBHANIYA JERAMBHAI,9904130603,370205,Airtel Payments Bank Limited
+ BAVA  KARSHANBHAI,9898022950,370205,Airtel Payments Bank Limited
+ BAYAD NOGHABHAI,8356812395,370145,Airtel Payments Bank Limited
+ BAYAD PATHABHAI,8128509114,370145,Airtel Payments Bank Limited
+ BHADKA,9067049949,370110,Airtel Payments Bank Limited
+ BHADORIYA GULABSINH SYAMSINGH,7405075780,370001,Airtel Payments Bank Limited
+ BHADRU VINODBHAI,9601369869,370615,Airtel Payments Bank Limited
+ BHANGI KHENGARBHAI,9664983044,370201,Airtel Payments Bank Limited
+ BHANUSHALI  JADAVJI,9662827691,370201,Airtel Payments Bank Limited
+ BHANUSHALI BHARAT,7698512470,370205,Airtel Payments Bank Limited
+ BHANUSHALI DAYARAM,7777957917,370020,Airtel Payments Bank Limited
+ BHANUSHALI KANTILAL,7043174578,370001,Airtel Payments Bank Limited
+ BHANUSHALI MANGALBHAI,7043673263,370201,Airtel Payments Bank Limited
+ BHANUSHALI VASANTBHAI,9687596956,370201,Airtel Payments Bank Limited
+ BHARAT  PARAMAR,7043174812,370001,Airtel Payments Bank Limited
+ BHARAT ARJAN HETHWADIYA,9601695765,370110,Airtel Payments Bank Limited
+ BHARATBHAI DANGAR,7096689427,370145,Airtel Payments Bank Limited
+ BHARATBHAI RAJPUT,8488819599,370410,Airtel Payments Bank Limited
+ BHARATKUMAR PUROHIT,8511765588,370240,Airtel Payments Bank Limited
+ BHARATSINH ARJANJI JADEJA,9898399096,370645,Airtel Payments Bank Limited
+ BHATTI SHOHELAHEMAD,9714354134,370421,Airtel Payments Bank Limited
+ BHAVESH  GADHVI,9998381790,370465,Airtel Payments Bank Limited
+ BHINDE HITEN,7016770768,370110,Airtel Payments Bank Limited
+ BHOMA RAM,7665178483,370240,Airtel Payments Bank Limited
+ BHORANIYA GULAMNABI,8128639761,370145,Airtel Payments Bank Limited
+ BIJAL GEMARAM RABARI,9879231433,370201,Airtel Payments Bank Limited
+ BINJA  RAM,7486050950,370201,Airtel Payments Bank Limited
+ CHAD KANABHAI,8401706054,370020,Airtel Payments Bank Limited
+ CHAD MOMAYA,8140924379,370001,Airtel Payments Bank Limited
+ CHANDAN KUMAR,9974109493,370110,Airtel Payments Bank Limited
+ CHANDAN SINH,9662220286,370230,Airtel Payments Bank Limited
+ CHANDARANA  JIGAR,7228830019,370110,Airtel Payments Bank Limited
+ CHANDRAKANT  VYAS,9558245127,370201,Airtel Payments Bank Limited
+ CHAUHAN BHUDABHAI,8780844425,370145,Airtel Payments Bank Limited
+ CHAUHAN HIMATLAL,8200001782,370110,Airtel Payments Bank Limited
+ CHAVADA RAMESHBHAI KARAMSHI,9023281967,370105,Airtel Payments Bank Limited
+ CHAVDA  RAJESHBHAI,7043201596,370140,Airtel Payments Bank Limited
+ CHAVDA BHARATBHAI NARANBHAI,8238867200,370240,Airtel Payments Bank Limited
+ CHAVDA MANGA,9737207328,370201,Airtel Payments Bank Limited
+ CHAWDA DANJI BAYA,9725437034,370201,Airtel Payments Bank Limited
+ CHETANGIRI LAXMANGIRI GUSAI,7228044508,370240,Airtel Payments Bank Limited
+ CHHANGA GANESHABHAI,9925161845,370150,Airtel Payments Bank Limited
+ CHHOTU  KUMAR,9925179168,370201,Airtel Payments Bank Limited
+ DANGAR LAXMAN RAJABHAI,7226882890,370110,Airtel Payments Bank Limited
+ DANGAR PACHANBHAI,9974374768,370240,Airtel Payments Bank Limited
+ DARAJI  GOVINDJI,7228084937,370601,Airtel Payments Bank Limited
+ DAU  DHIRAJBHAI,9725853394,370140,Airtel Payments Bank Limited
+ DAU  SUMATBHAI,9724138392,370140,Airtel Payments Bank Limited
+ DAVDA RAM SHAMBHULAL,9974242028,370201,Airtel Payments Bank Limited
+ DAVE PRAVIN MAGANBHAI,8511527591,370110,Airtel Payments Bank Limited
+ DEDHIYA KETAN,8128098895,370405,Airtel Payments Bank Limited
+ DEVA RAM,9974817071,370201,Airtel Payments Bank Limited
+ DHANA RABARI,9825226555,370240,Airtel Payments Bank Limited
+ DHIRUBHAI RAMABHAI PARMAR,8128195114,370201,Airtel Payments Bank Limited
+ DIGARI SAVANBHAI BHAGVANJI,9998056492,370165,Airtel Payments Bank Limited
+ DINESH ABHA BHATU,9974616682,370421,Airtel Payments Bank Limited
+ DINESHBHAI KOLI,9978167858,370155,Airtel Payments Bank Limited
+ DURGESH  GOUD,8128094122,370201,Airtel Payments Bank Limited
+ G PARMANAND RAMCHANDANI,7226938195,370140,Airtel Payments Bank Limited
+ GADHAVI VIJAY JADAV,9898859351,370465,Airtel Payments Bank Limited
+ GADHVI SANGABHAI,7984133567,370405,Airtel Payments Bank Limited
+ GAJRA GOPAL,9537649622,370020,Airtel Payments Bank Limited
+ GAJRA NILESH,9586542038,370405,Airtel Payments Bank Limited
+ GAMOT  PRABHULAL,9898037026,370150,Airtel Payments Bank Limited
+ GANATRA KANTILAL,9998459461,370110,Airtel Payments Bank Limited
+ GANESHA  RAM3,7490948663,370201,Airtel Payments Bank Limited
+ GAUTAM  MYATRA,9974641841,370240,Airtel Payments Bank Limited
+ GEETA DEVI,9725270176,370140,Airtel Payments Bank Limited
+ GOHIL MAVUBHA,8401276990,363642,Airtel Payments Bank Limited
+ GOPA RAM,9998881381,370140,Airtel Payments Bank Limited
+ GOPIDEVI,9724070109,370201,Airtel Payments Bank Limited
+ GOPLANI  DILIPKUMAR,9725275526,370201,Airtel Payments Bank Limited
+ GOPLANI  PRAKASH,7041304593,370205,Airtel Payments Bank Limited
+ GOR RAJAL JIGNESHBHAI,9712115543,370001,India Post Payments Bank Limited
+ GORDHAN  NO LAST NAME,9898351003,370201,Airtel Payments Bank Limited
+ GOTAM,8128508785,370140,Airtel Payments Bank Limited
+ GOYAL PARBATBHAI,9104388195,370145,Airtel Payments Bank Limited
+ GUDU KUMAR  MANDAL,7043673702,370201,Airtel Payments Bank Limited
+ GURNANI MUKESH,9913578620,370205,Airtel Payments Bank Limited
+ HAMIR MAKWANA,9909429875,370140,Airtel Payments Bank Limited
+ HANSRAJ MAKHIJANI,9898793753,370201,Airtel Payments Bank Limited
+ HANUMAN RAM,9772201126,370240,Airtel Payments Bank Limited
+ HARDEVSINH MAHIPATSINH KHOD,9998462240,370435,Airtel Payments Bank Limited
+ HARENDRASINH SURESHSINH JADEJA,7486831333,370655,Airtel Payments Bank Limited
+ HARIJAN JANUBEN DANABHAI,8866736501,370165,Airtel Payments Bank Limited
+ HARISH AGARACHA,9106519808,370001,Airtel Payments Bank Limited
+ HARISHBHAI KHARAWALA,9724145352,370150,Airtel Payments Bank Limited
+ HAVA BEN,7600199881,370140,Airtel Payments Bank Limited
+ HETHVADIYA BHACHUBHAI,9879744551,370240,Airtel Payments Bank Limited
+ HIMATA RAM,9173294457,370110,Airtel Payments Bank Limited
+ HINGORA IKBALBHAI,9898712871,365601,Airtel Payments Bank Limited
+ HITESH  THAKKAR,7802976986,370150,Airtel Payments Bank Limited
+ HUMBAL RAVI MADEVA,8128505164,370240,Airtel Payments Bank Limited
+ IMRAN  KHOJA,9974670928,370110,Airtel Payments Bank Limited
+ IMTIYAZ  QURESHI,8128044310,370201,Airtel Payments Bank Limited
+ JADEJA  NARENDRASINH,9998517958,370140,Airtel Payments Bank Limited
+ JADEJA  PRUTHVIRAJSINH,9173705999,370140,Airtel Payments Bank Limited
+ JADEJA FATESINH,9998078345,370240,Airtel Payments Bank Limited
+ JADEJA GAMBHEERSINH,9879714095,370405,Airtel Payments Bank Limited
+ JADEJA KESHUBHA,8128157800,370140,Airtel Payments Bank Limited
+ JADEJA KIRITSINH,9722016585,370130,Airtel Payments Bank Limited
+ JADEJA LALUBHA AJITSINH,8866871365,370240,Airtel Payments Bank Limited
+ JADEJA SWAROOPSINH,9054477701,370145,Airtel Payments Bank Limited
+ JADEJA VAJERAJJI,9913365062,370205,Airtel Payments Bank Limited
+ JAFAR SEKH,7526877805,370150,Airtel Payments Bank Limited
+ JAGDISH  RABARI,9724016739,370110,Airtel Payments Bank Limited
+ JAGDISH BISHNOI,9558164120,370203,Airtel Payments Bank Limited
+ JAIPRAKASH  SAIN,9974209779,370110,Airtel Payments Bank Limited
+ JAKESH  MANDAL,9998153005,370150,Airtel Payments Bank Limited
+ JAKIRHUSAIN SELIYA,9714879218,370145,Airtel Payments Bank Limited
+ JALALKHAN NAINUKHAN PATHAN,9998456524,370201,Airtel Payments Bank Limited
+ JAMIL SUMRA,9558659389,370455,Airtel Payments Bank Limited
+ JAYANTILAL RUPAREL,7043029644,370001,Airtel Payments Bank Limited
+ JIGAR  CHAUHAN,9998386889,370240,Airtel Payments Bank Limited
+ JITENDRA MOHANLAL THAKKAR,9898268069,370201,Airtel Payments Bank Limited
+ JOGA RAM,7487088835,370201,Airtel Payments Bank Limited
+ JOGENDRA,6377190507,370203,Airtel Payments Bank Limited
+ JOGINDER KOUR,9898060879,370140,Airtel Payments Bank Limited
+ JOSHI RAJESHKUMAR,9426032066,370615,Airtel Payments Bank Limited
+ JOSHI ROHITKUMAR BALDEVBHAI,9409382082,370110,India Post Payments Bank Limited
+ JUSAB AAMAD MANJOTHI,9724069870,370110,Airtel Payments Bank Limited
+ KAILASHKUMAR MAICHA,9408508174,370205,Airtel Payments Bank Limited
+ KALA  P,9725433042,370140,Airtel Payments Bank Limited
+ KALURAM  GIRWAL,9725432989,370155,Airtel Payments Bank Limited
+ KAMLESH DABIYA,9724923955,370240,Airtel Payments Bank Limited
+ KANA  RAM,9724804901,370201,Airtel Payments Bank Limited
+ KARAN  BHANUSHALI,7043673021,370201,Airtel Payments Bank Limited
+ KARIYA KIRTIKUMAR,9558252969,370165,Airtel Payments Bank Limited
+ KATARIYASHIVJI KATARIYASHIVJI,8141803410,506830,Canara Bank
+ KERAI  HARESH RAMJI,9725238547,370465,Airtel Payments Bank Limited
+ KHANDEKA GANGARAMBHAI,9974667032,370110,Airtel Payments Bank Limited
+ KHANDEKA KARAN,7405815102,370110,Airtel Payments Bank Limited
+ KHARET DEVA,9429406667,370510,Airtel Payments Bank Limited
+ KHATRI  PRAVINBHAI,9898900251,370465,Airtel Payments Bank Limited
+ KISHAN PARMAR,6351917135,370145,Airtel Payments Bank Limited
+ KISHAN THACKAR,9898438540,370205,Airtel Payments Bank Limited
+ KISHOR DHIRAJLAL BHAGDEV,9429818900,370001,India Post Payments Bank Limited
+ KISHOR PATEL,8511779996,370110,Airtel Payments Bank Limited
+ KOLI KISHOR,9737313470,370145,Airtel Payments Bank Limited
+ KRISHAN KUMAR THALOR,8128776433,370201,Airtel Payments Bank Limited
+ KUNWARBEN,9724070227,370140,Airtel Payments Bank Limited
+ KUNWARBEN,9998595596,370140,Airtel Payments Bank Limited
+ LADAK KOMAL,7043469531,370110,Airtel Payments Bank Limited
+ LADHA RAM,9649319908,370240,Airtel Payments Bank Limited
+ LALJI MAHESHVARI,8200692215,370110,Airtel Payments Bank Limited
+ LALWANI PRAKASH,9909524366,370201,Airtel Payments Bank Limited
+ LAVKUSH RAJAK,9173931980,370203,Airtel Payments Bank Limited
+ LEELABEN,9725137135,370240,Airtel Payments Bank Limited
+ LIMBACHIYA  PRAHLADBHAI,9974098290,370201,Airtel Payments Bank Limited
+ LODAYA HARISH,9426767733,370205,Airtel Payments Bank Limited
+ MADANLAL  MOBARSA,8128101767,370240,Airtel Payments Bank Limited
+ MADEVA JARU,9724068552,370130,Airtel Payments Bank Limited
+ MADHAVI SHIVARAM,9925169710,370205,Airtel Payments Bank Limited
+ MADHUDEVI,8128016891,370240,Airtel Payments Bank Limited
+ MAHENDRA  TANWAR,7043673281,370210,Airtel Payments Bank Limited
+ MAHENDRA SINGH,8487838615,370205,Airtel Payments Bank Limited
+ MAHER RAMSINGH HATHOO,7069569026,363642,Airtel Payments Bank Limited
+ MAHESH  RAJWANI,9825525934,370201,Airtel Payments Bank Limited
+ MAHESHBHAI PRAGJIBHAI TACHKER,9974676507,370201,Airtel Payments Bank Limited
+ MAHESHWARI  MANGALBHAI,7043672983,370201,Airtel Payments Bank Limited
+ MAHESHWARI SAJAN DEVSHIBHAI,9033299359,370205,Airtel Payments Bank Limited
+ MAHESHWARI SURESHBHAI,9712436253,370421,Airtel Payments Bank Limited
+ MAJIRANA SHRAVANKUMAR,9157514380,370201,Airtel Payments Bank Limited
+ MAKAVANA KULDIP,8511837145,370155,Airtel Payments Bank Limited
+ MAKVANA  RATANBHAI,8511550980,370110,Airtel Payments Bank Limited
+ MAKVANA GANESHBHAI,8511528194,370110,Airtel Payments Bank Limited
+ MAKVANA KHIMABHAI,9820550470,370145,Airtel Payments Bank Limited
+ MAKVANA PRAKASHKUMAR SAMATBHAI,9537556255,370150,Airtel Payments Bank Limited
+ MALLAR  KHAN,9558079394,370210,Airtel Payments Bank Limited
+ MAMAD SHEKH,9913346357,370605,Airtel Payments Bank Limited
+ MANJURHUSEN  SAMA,9998025099,370001,Airtel Payments Bank Limited
+ MANOJ  PARWANI,8128318311,370201,Airtel Payments Bank Limited
+ MANOJ KISHOR ASWANI,9998875192,370240,Airtel Payments Bank Limited
+ MARU NITINBHAI,9998701795,370110,Airtel Payments Bank Limited
+ MATANG DEVJI,7041441209,370205,Airtel Payments Bank Limited
+ MAVJI BHANJI MANGARIYA`,7228051303,370001,Airtel Payments Bank Limited
+ MAYUR MASURIYA,9726815502,370150,Airtel Payments Bank Limited
+ MAYURBHAI CHAIYA,9687729076,370110,Airtel Payments Bank Limited
+ MEENA BEN,7043021511,370201,Airtel Payments Bank Limited
+ MEHUL BHOGILAL SATHWARA,9898298677,370201,Airtel Payments Bank Limited
+ MILANKUMAR SOLANKI,8238081193,370110,Airtel Payments Bank Limited
+ MIRANI  NATVARLAL,7043928760,370205,Airtel Payments Bank Limited
+ MITHUN KUMAR,8401436028,370405,Airtel Payments Bank Limited
+ MOHAMMAD HASIB,7600455381,370421,Airtel Payments Bank Limited
+ MOHIT  DORWAL,6358296787,370201,Airtel Payments Bank Limited
+ MOHITKUMAR NAG,8401866244,370203,Airtel Payments Bank Limited
+ MOTA  MOHANLAL,8487045060,370455,Airtel Payments Bank Limited
+ MR. PRATAP CHANDRA GURU,8128403579,370140,Airtel Payments Bank Limited
+ MUKENDRA KUMAR,7079884825,370405,Airtel Payments Bank Limited
+ MUKESH  ZARU,9662141616,370240,Airtel Payments Bank Limited
+ MUKESHKUMAR  SINGH,7226882958,370201,Airtel Payments Bank Limited
+ MUKUND A MAHESWARI,9558190085,370140,Airtel Payments Bank Limited
+ MULARAM,7726939459,370150,Airtel Payments Bank Limited
+ MURAD BANDEALI,9974728371,370110,Airtel Payments Bank Limited
+ MURLIDHRE VAISHNAV,8290197750,370150,Airtel Payments Bank Limited
+ NAKAR NAVINCHANDRA,7043837392,370405,Airtel Payments Bank Limited
+ NAKAR VIJAY NAVINCHANDRA,8128185159,370465,Airtel Payments Bank Limited
+ NARENDRA RAJPUROHIT,8764218018,370110,Airtel Payments Bank Limited
+ NARENDRABHAI GORDHANBHAI DODIYA,9898495625,370140,Airtel Payments Bank Limited
+ NARESH KUMAR,9725841212,370203,Airtel Payments Bank Limited
+ NIKHIL THAKKAR,6351482271,370110,Airtel Payments Bank Limited
+ NIMAVAT DINESHBHAI,9558664777,370240,Airtel Payments Bank Limited
+ NIRAJ MISHRA,7487877016,370240,Airtel Payments Bank Limited
+ NITISH KUMAR,8434996831,370421,Airtel Payments Bank Limited
+ NODE TAMACHI,7434061448,370001,Airtel Payments Bank Limited
+ OM  PRAKESH,9725116208,370140,Airtel Payments Bank Limited
+ PADARAM,9898495264,370210,Airtel Payments Bank Limited
+ PALU GADHAVI,9512772759,370405,Airtel Payments Bank Limited
+ PANCHANI DINESH JADAVJI,9825736539,370427,Airtel Payments Bank Limited
+ PANIDEVI,9725137165,370201,Airtel Payments Bank Limited
+ PANKAJ  SATYARTHI,9662217211,370001,Airtel Payments Bank Limited
+ PANKAJ SURESHBHAI BHANUSHALI,8128101691,370201,Airtel Payments Bank Limited
+ PANKHERIYA MOHMADAARIF TALAB,9033198448,370001,Airtel Payments Bank Limited
+ PARESH MOHANLAL RAJGOR,8866765757,370465,Airtel Payments Bank Limited
+ PARMAR  KEYANABHAI,9558539672,370160,Airtel Payments Bank Limited
+ PARMAR BHUPATSINH DEVJIBHAI,9898808511,370130,Airtel Payments Bank Limited
+ PARMAR CHANDRESHKUMAR RAMESHBHAI,9327598655,370145,India Post Payments Bank Limited
+ PARMAR GELABHAI,8511752035,370145,Airtel Payments Bank Limited
+ PARMAR JANAKRAY,8000250050,370405,Airtel Payments Bank Limited
+ PARMAR KAMLESHKUMAR,6355361893,370145,Airtel Payments Bank Limited
+ PARMAR RAMESHBHAI,9913527483,370145,Airtel Payments Bank Limited
+ PARMAR RATANBHAI,9081125037,370145,Airtel Payments Bank Limited
+ PARMESHWARI DEVI,7490948662,370201,Airtel Payments Bank Limited
+ PARTH HIMMATLAL DARJI,9879590622,370040,Airtel Payments Bank Limited
+ PATEL DHIRAJLAL KARAMSHI,9974642949,370030,Airtel Payments Bank Limited
+ PINJARA SALEMAMD,8866622743,370615,Airtel Payments Bank Limited
+ PINTU PRAJAPATI,9998445304,370201,Airtel Payments Bank Limited
+ POMAL RITESH,9978004455,370230,Airtel Payments Bank Limited
+ PRABHABEN,9725496678,370201,Airtel Payments Bank Limited
+ PRABHURAM RANARAM PUROHIT  .,9558102091,370201,Airtel Payments Bank Limited
+ PRAJAPATI KISHORBHAI,9725239243,370465,Airtel Payments Bank Limited
+ PRAJAPATI PREMJIBHAI,7490909009,370110,Airtel Payments Bank Limited
+ PRAMOD KUMAR,8128115461,370201,Airtel Payments Bank Limited
+ PRITAM SINGH,9054296904,370240,Airtel Payments Bank Limited
+ PUJAN RAJGOR,9979645331,370435,Airtel Payments Bank Limited
+ PUJARA KIRANBHAI,9408318851,370205,Airtel Payments Bank Limited
+ RABARI  DAYABHAI,9898833355,370201,Airtel Payments Bank Limited
+ RABARI  KAMABHAI,9974305588,370165,Airtel Payments Bank Limited
+ RABARI SAMAT,9638505165,370230,Airtel Payments Bank Limited
+ RABARI VIBHABHAI,8200768100,370203,Airtel Payments Bank Limited
+ RAGHUVIRSINH HITENDRASINH ZALA,9998437912,370201,Airtel Payments Bank Limited
+ RAHUL KUMAR,9601454720,370240,Airtel Payments Bank Limited
+ RAHUL ZINZUVADIYA,9998487574,363641,Airtel Payments Bank Limited
+ RAJ PRAJAPATI,9974867044,370145,Airtel Payments Bank Limited
+ RAJDE  CHAMANLAL,8487821915,370201,Airtel Payments Bank Limited
+ RAJDE RATILAL,9099008059,370410,Airtel Payments Bank Limited
+ RAJENDRA CHAUDHARI,7043233697,370201,Airtel Payments Bank Limited
+ RAJESH BHANUSHALI,8128671041,370655,Airtel Payments Bank Limited
+ RAJESHKUMAR P GAMOTI,9998311973,370150,Airtel Payments Bank Limited
+ RAJGOR KEVAL,9898948031,370145,Airtel Payments Bank Limited
+ RAJGOR SURESHBHAI,9909592095,370001,Airtel Payments Bank Limited
+ RAJKUMAR RAY,7043435982,370405,Airtel Payments Bank Limited
+ RAJPALSINH JADEJA,8511717222,370140,Airtel Payments Bank Limited
+ RAJPUT RATANBHAI,9054386801,370110,Airtel Payments Bank Limited
+ RAM  BHANUSHALI,7043655013,370001,Airtel Payments Bank Limited
+ RAMANUJ HIMANSHU,8401375514,370145,Airtel Payments Bank Limited
+ RAMCHANDANI  KIRAN,9898538645,370201,Airtel Payments Bank Limited
+ RAMDEVSINGH DILIPSINGH JADEJA,9558369337,370020,Airtel Payments Bank Limited
+ RAMESHBHAI GOVAJI CHAUDHARY,8128657451,385565,Airtel Payments Bank Limited
+ RANJITGAR NARSHIGAR GUSAI,8128205179,370240,Airtel Payments Bank Limited
+ RASIKBHAI VARCHAND,9998021474,370105,Airtel Payments Bank Limited
+ RATAN VAISHNAV,9725193749,370150,Airtel Payments Bank Limited
+ RATHOD BABUBHAI,9925854756,370110,Airtel Payments Bank Limited
+ RATHOD DIPAK MANSUKHBHAI,7041162628,362001,Airtel Payments Bank Limited
+ RATHOD JIGARKUMAR NAVINBHAI,9016554090,370150,India Post Payments Bank Limited
+ RAVIBHAI BHIKHABHAI MYATRA,9724076050,370240,Airtel Payments Bank Limited
+ REGAR NEMARAM,8128393883,370201,Airtel Payments Bank Limited
+ RENU  RABIDAS,7043020644,370240,Airtel Payments Bank Limited
+ RISHI BHANUSHALI,8140993498,370201,Airtel Payments Bank Limited
+ RITESHKUMAR THACKER,9408709487,370001,Airtel Payments Bank Limited
+ ROHIT  JAIN,8866737806,370421,Airtel Payments Bank Limited
+ ROHIT THAKUR,9724878122,370421,Airtel Payments Bank Limited
+ ROHITGAR DHYANGAR GUNSAI,7043653249,370201,Airtel Payments Bank Limited
+ RUPESH TEKCHAND MAHARAJ,9898664557,370205,Airtel Payments Bank Limited
+ SADHU KANAIYALAL,9978283012,370465,Airtel Payments Bank Limited
+ SADHU KANAIYANATH,7874526688,370465,Airtel Payments Bank Limited
+ SAIRABANU,9725861467,370150,Airtel Payments Bank Limited
+ SAIYAD ABDULRASUL,9725220921,370475,Airtel Payments Bank Limited
+ SAIYAD GULAMRASUL,7874786278,370455,Airtel Payments Bank Limited
+ SAJID  MANJOTHI,9725137100,370150,Airtel Payments Bank Limited
+ SAMA YUSUF SIKANDAR,9173293103,370605,Airtel Payments Bank Limited
+ SAMIMA SULTANA,8141490816,370421,Airtel Payments Bank Limited
+ SANJAY DALASINGHARAY,7405419803,370203,Airtel Payments Bank Limited
+ SANJAY KESHVAJI MOTA,8140529035,370001,Airtel Payments Bank Limited
+ SANTOSH KUMAR,9898377887,370201,Airtel Payments Bank Limited
+ SATISH RATHOD,7490832006,370421,Airtel Payments Bank Limited
+ SAVABHAI DEVJIBHAI RABARI,9913592196,370110,Airtel Payments Bank Limited
+ SHABIRHUSHEN ABDULKARIM PATHAN,9724001690,370110,Airtel Payments Bank Limited
+ SHAH DINESHBHAI,7874512878,370675,Airtel Payments Bank Limited
+ SHAH JITENDRA,9898811889,370605,Airtel Payments Bank Limited
+ SHAILESHGIRI CHAMANGIRI GUSAI,7490841119,370110,Airtel Payments Bank Limited
+ SHAMJI ZARU,9998296704,370130,Airtel Payments Bank Limited
+ SHANKAR  BHAVANI,8128102790,370201,Airtel Payments Bank Limited
+ SHANTARAM  BELOKAR,9974672474,370465,Airtel Payments Bank Limited
+ SHARAD  GAUTAM,8488929123,370435,Airtel Payments Bank Limited
+ SHASHIRANJAN  PASWAN,8128044871,370201,Airtel Payments Bank Limited
+ SHEKH MAMADSHA,9712681353,370150,Airtel Payments Bank Limited
+ SHEKHAR SAH,8128041754,370421,Airtel Payments Bank Limited
+ SHETH MANSUKHLAL,7016768670,370205,Airtel Payments Bank Limited
+ SHIV KUMAR B HIND,8128317107,370205,Airtel Payments Bank Limited
+ SHRAVAN  BHARTI,9662829196,370201,Airtel Payments Bank Limited
+ SHRI BISHNOI,9157702029,370240,Airtel Payments Bank Limited
+ SITABEN,9998973473,370201,Airtel Payments Bank Limited
+ SITABEN,9898054151,370201,Airtel Payments Bank Limited
+ SIYARAM,9157588616,370201,Airtel Payments Bank Limited
+ SODHA ALTAF,7043541430,370240,Airtel Payments Bank Limited
+ SODHA VAJA,9998707793,370155,Airtel Payments Bank Limited
+ SOLANKI BHIMJIBHAI,6351041194,370205,Airtel Payments Bank Limited
+ SOLANKI DILIPKUMAR,9879787829,370203,Airtel Payments Bank Limited
+ SONI BHAILALBHAI,8401461646,370615,Airtel Payments Bank Limited
+ SONI JAYANTKUMAR,9033848979,370110,Airtel Payments Bank Limited
+ SORATHIYA VIJAY,9879420797,370110,Airtel Payments Bank Limited
+ SOURABH KUMAR,6356005150,370240,Airtel Payments Bank Limited
+ SUBHASH NANDRAM MIHERWAL,7043491288,370201,Airtel Payments Bank Limited
+ SUBHO SARKAR,7226046693,370110,Airtel Payments Bank Limited
+ SUMAN KUMAR,8128044185,370405,Airtel Payments Bank Limited
+ SUMIT JHA,8799574246,370240,Airtel Payments Bank Limited
+ SUMIT ZARU,8238309891,370240,Airtel Payments Bank Limited
+ SUMRA KASAM,8866497973,370655,Airtel Payments Bank Limited
+ SUMRA MAUSIM SUMARBHAI,7801836670,370140,Airtel Payments Bank Limited
+ SUNIL  SAHU,9558128502,370421,Airtel Payments Bank Limited
+ SUNILKUMAR MULARAM PUROHIT,8128222356,370201,Airtel Payments Bank Limited
+ SURANI RAMJIBHAI,9265632850,370145,Airtel Payments Bank Limited
+ SURENDRASINH HETUBHA JADEJA,9998596691,370240,Airtel Payments Bank Limited
+ SURESH  KUMAR,9054733310,370201,Airtel Payments Bank Limited
+ SURESH JAGDISH CHUIYA,9558649639,370465,Airtel Payments Bank Limited
+ TANK KAMLESH,9898802921,370110,Airtel Payments Bank Limited
+ TARUNKUMAR BHARMALBHAI GARVA,7600362900,370201,Airtel Payments Bank Limited
+ TEJAS GUNVANT VYAS,9925577685,370445,India Post Payments Bank Limited
+ THACKER  BHAI,7600183922,370001,Airtel Payments Bank Limited
+ THACKER  SHANKARLAL,9724360901,370615,Airtel Payments Bank Limited
+ THACKER BHARATBHAI LALJIBHAI,8128101451,370630,Airtel Payments Bank Limited
+ THACKER KANTILAL,7600421493,370205,Airtel Payments Bank Limited
+ THACKER MAHENDRABHAI,8780773717,370165,Airtel Payments Bank Limited
+ THACKER RAJESHBHAI,9727322899,370001,Airtel Payments Bank Limited
+ THAKAR CHANDRESHBHAI,9558686199,370110,Airtel Payments Bank Limited
+ THAKKAR  HASMUKHLAL,9327822706,370110,Airtel Payments Bank Limited
+ THAKKAR JAYANTILAL,9879830323,370201,Airtel Payments Bank Limited
+ THAKKAR KANTILAL,7041974413,370165,Airtel Payments Bank Limited
+ THAKKAR KARTIK,9979486301,370165,Airtel Payments Bank Limited
+ THAKKER PREM ARVINDBHAI,9726448386,370030,Airtel Payments Bank Limited
+ THAKOR GANDAJI,9723960333,370110,Airtel Payments Bank Limited
+ THAKUR SANJAY,7048309477,370201,Airtel Payments Bank Limited
+ TRIVENIBEN  THAKKAR,7226938180,370140,Airtel Payments Bank Limited
+ UDAY SINGH,9157803519,370405,Airtel Payments Bank Limited
+ URVASHIBA NATUBHA JADEJA,9974971203,370465,Airtel Payments Bank Limited
+ VAGHELA DHARMENDRASINH KHETUBHA,8128157803,370240,Airtel Payments Bank Limited
+ VAGHELA KANABHAI,8401816609,370201,Airtel Payments Bank Limited
+ VAGHELA RAJENDRASINH RANJITSINH,9724692032,370110,Airtel Payments Bank Limited
+ VAGHELA VIJAYSINH,9104473039,370110,Airtel Payments Bank Limited
+ VALA MANUBHAI,9925527534,370405,Airtel Payments Bank Limited
+ VALAND KUMBHABHAI,7600351895,370205,Airtel Payments Bank Limited
+ VARCHAND BHAGU,9924345771,370110,Airtel Payments Bank Limited
+ VARCHAND BHAGU,9725698073,370110,Airtel Payments Bank Limited
+ VEJUBEN MALUKUMA RABARI,8128094329,370110,Airtel Payments Bank Limited
+ VELJI BHIKHABHAI MYATRA,7600184448,370240,Airtel Payments Bank Limited
+ VIJAYABA,9898830035,370415,Airtel Payments Bank Limited
+ VIKRAM  KUMAR,8128001485,370201,Airtel Payments Bank Limited
+ VIMAL RAJGOR,9909581558,370405,Airtel Payments Bank Limited
+ VIMAL THACKER,7226885930,370201,Airtel Payments Bank Limited
+ VINAY GOPLANI,7229085503,370201,Airtel Payments Bank Limited
+ VIPAL VORANI,9824233198,370110,Airtel Payments Bank Limited
+ VIRA BABUBHAI,9913834832,370110,Airtel Payments Bank Limited
+ VISHAL CHANDE,9974676517,370201,Airtel Payments Bank Limited
+ VYAS RISHI HARESHBHAI,7801820906,370421,Airtel Payments Bank Limited
+ YOGESH LALSINH YADAV,9725737265,370605,Airtel Payments Bank Limited
+ ZALA  SHIVPALSINH,8128904813,370140,Airtel Payments Bank Limited
+ ZALA CHANDAN MAHESHBHAI,9879667879,370421,Airtel Payments Bank Limited
+ ZALA JAYDEEPSINH,9722222172,370110,Airtel Payments Bank Limited
+ ZALAIYA SHAILESHCHANDRA,9978880965,370140,Airtel Payments Bank Limited
+ ZARU  BHAVESHBHAI,9537026163,370240,Airtel Payments Bank Limited
+ ZER RAJESHKUMAR,6358140683,370110,Airtel Payments Bank Limited
