bc_name,mobile_no,pincode,bank_name
+ A L VORA,9904059426,365535,India Post Payments Bank Limited
+ AARIFA  KHATRI,8160172701,364765,Airtel Payments Bank Limited
+ ABHISHEK  SAKARIYA,7069324772,364710,Bank of Baroda
+ ABIYANI ALPESH BHUPATBHAI,7778823423,364710,Yes Bank Limited
+ AGARSANGBHAI SOLANKI,9898554793,363423,India Post Payments Bank Limited
+ AJAYBHAI KALUBHAI CHUDASAMA,7878642727,364765,State Bank of India
+ AJAYKUMAR  MER,8141609067,382450,Bank of Baroda
+ AJAYKUMAR VELAJIBHAI,8154949133,364750,India Post Payments Bank Limited
+ AJAYSINH MAHENDRASINH VAGHELA,9712107245,364710,RBL Bank Ltd
+ AJITBHAI ARJANBHAI,9426386304,364760,India Post Payments Bank Limited
+ AMALIYAR BHARGAVKUMAR MUKESHBHAI,9537716586,382255,India Post Payments Bank Limited
+ AMANBHAI ABBASBHAI  VADIYA,9726578777,364710,Bank of Baroda
+ AMRUTRAM,9624597996,364710,India Post Payments Bank Limited
+ ANAKBHAI,9979781178,364730,India Post Payments Bank Limited
+ ANANDBHAI,9328257215,364730,India Post Payments Bank Limited
+ ANILBHAI  MUNDHAVA,8140413674,364765,Bank of Baroda
+ ANILKUMAR,9499549058,364740,India Post Payments Bank Limited
+ ANILKUMAR M,7827020160,364750,India Post Payments Bank Limited
+ ANIRUDDHSINHSARVAIYA,7202912121,364710,Ujjivan Small Finance Bank Limited
+ ANKIT GHANSHYAMBHAI GOYANI,9737452918,364710,Fino Payments Bank Ltd.
+ ARVINDBHAI,9925647001,364730,India Post Payments Bank Limited
+ ARVINDBHAI,9723940286,364765,India Post Payments Bank Limited
+ ARVINDBHAI  SAKALIYA,8140445369,364720,Bank of Baroda
+ ASFAQBHAI RAFIK BHAI KACHRA,8447544509,364710,India Post Payments Bank Limited
+ ASHARAF  MANKAD,7228044398,382245,Airtel Payments Bank Limited
+ ASHOKBHAI P,9898907445,364710,India Post Payments Bank Limited
+ ASHVINGIRI DINESHGIRI,9624303060,364760,India Post Payments Bank Limited
+ ASMITABEN VASHRAMBHAI SAGATHIYA,9924587200,364710,Fino Payments Bank Ltd.
+ AVANI JERAMBHAI,8200584978,364710,India Post Payments Bank Limited
+ B H CHAUHAN,9909572496,382450,India Post Payments Bank Limited
+ B K CHAUHAN,9408569269,363423,India Post Payments Bank Limited
+ B S PARMAR,9909761617,382245,India Post Payments Bank Limited
+ BABUBHAI,9429343523,364310,India Post Payments Bank Limited
+ BABUBHAI  SOSA,9714471287,364750,Bank of Baroda
+ BABUBHAI B,9904284610,364760,India Post Payments Bank Limited
+ BACHUBHAI CHOHALA,9909696741,364750,Bank of India
+ BARAIYA ABHALBHAI,6355459595,364710,Airtel Payments Bank Limited
+ BARAIYA DEVJIBHAI,6354955192,364765,Airtel Payments Bank Limited
+ BARAIYA HIRAJIBHAI,9429439111,364750,Airtel Payments Bank Limited
+ BARAIYA LAVJIBHAI,9924716377,364765,Airtel Payments Bank Limited
+ BARAIYA MUKESH JENTIBHAI,9574190174,364765,Paytm Payments Bank Limited
+ BATHVAR  HARESHBHAI,7046446778,364710,Airtel Payments Bank Limited
+ BATUKBHAI,9925684537,364710,India Post Payments Bank Limited
+ BAVALIYA ATULSAGARBHAI,9624442145,364710,India Post Payments Bank Limited
+ BAVALIYA HIMATBHAI,9725003700,364710,Airtel Payments Bank Limited
+ BAVALIYA KARAMSHIBHAI GHANSHYAMBHAI,9925371149,382245,Paytm Payments Bank Limited
+ BAVALIYA LAKHABHAI,9265787874,364750,Airtel Payments Bank Limited
+ BAVALIYA SUNILBHAI ARJANBHAI,8140302382,382450,AXIS Bank Ltd.
+ BAVLIYA NILESH,8153061711,382255,Airtel Payments Bank Limited
+ BERANI MUKESHBHAI JIVRAAJBHAI,9662101500,364750,Airtel Payments Bank Limited
+ BHADANI VIJAYBHAI,9054796070,382450,Airtel Payments Bank Limited
+ BHADANIA ARVINDBHAI,9099242430,382245,Airtel Payments Bank Limited
+ BHAGIRATHBHAI  DANGAR,8733038101,364720,Bank of Baroda
+ BHAGVANBHAI,7827020156,364760,India Post Payments Bank Limited
+ BHAGVATIPRASAD J VYAS,8347665128,364710,India Post Payments Bank Limited
+ BHARATBHAI,9428493665,364730,India Post Payments Bank Limited
+ BHARATBHAI  MIYANI,9898315151,364710,Bank of Baroda
+ BHARATBHAI HARISINHBHAI,9924342246,364750,India Post Payments Bank Limited
+ BHARATPARI,9924083076,364750,India Post Payments Bank Limited
+ BHATT HITESH DALSUKHBHAI,9558666722,364710,Yes Bank Limited
+ BHATT TAPAN,9265577870,364710,India Post Payments Bank Limited
+ BHATTI NASHIRHUSEN SULTANBHAI,8758177989,364710,Airtel Payments Bank Limited
+ BHOPABHAI MADHABHAI TALAVADIYA,9722803990,364750,India Post Payments Bank Limited
+ BHUNGANI  MANSUKHBHAI,9898518080,364710,Airtel Payments Bank Limited
+ BHUPATBHAI  RATHOD,9824996498,364720,Bank of Baroda
+ BHUPATBHAI T,8140375940,364710,India Post Payments Bank Limited
+ BHURAKHIYA RAJUBHAI HARIBHAI,9558899494,364320,Airtel Payments Bank Limited
+ BHUVA LAKHABHAI,9913935321,382245,India Post Payments Bank Limited
+ BIPINKUMAR KESHAVBHAI DUMADIYA,7096275917,364750,IndusInd Bank Limited
+ BOLIYA MELABHAI,9724283529,364710,Airtel Payments Bank Limited
+ BORICHA AJAY,7486995565,364730,Yes Bank Limited
+ BORICHA BHARGAV RAMBHAI,9723595234,364750,AXIS Bank Ltd.
+ BRIRAJ ZALA,9558583194,382450,State Bank of India
+ CHAUHAN  MANSUKHBHAI,9998159568,364710,Airtel Payments Bank Limited
+ CHAUHAN AJAY ASHOKBHAI,6354589050,364710,RBL Bank Ltd
+ CHAUHAN AJAYBHAI,8734856560,382245,AXIS Bank Ltd.
+ CHAUHAN BABBHAI PRATAPBHAI,6353606600,382255,Airtel Payments Bank Limited
+ CHAUHAN BHARATBHAI,9974950321,364710,India Post Payments Bank Limited
+ CHAUHAN DEVAJIBHAI,6352566968,364760,Airtel Payments Bank Limited
+ CHAUHAN DINESHBHAI,9824862390,364760,Airtel Payments Bank Limited
+ CHAUHAN KALPESHBHAI MANSUKHBHAI,9428051819,364710,Paytm Payments Bank Limited
+ CHAUHAN RAMJIBHAI,8530303057,364710,Airtel Payments Bank Limited
+ CHAUHAN SAHIDBHAI BHIKHABHAI,8000717080,364710,Paytm Payments Bank Limited
+ CHAUHAN YOGESHKUMAR SAVASIBHAI,9722058909,364765,Paytm Payments Bank Limited
+ CHAVDA MAHESHBHAI BHARATBHAI,9998656855,364730,Airtel Payments Bank Limited
+ CHAVDA VALJIBHAI,9510088943,364710,Airtel Payments Bank Limited
+ CHAVDA VIPUL NAGARBHAI,9904539095,364710,Paytm Payments Bank Limited
+ CHETANBHAI  BHUPATBHAI CHAUHAN,9898898943,364710,Bank of Baroda
+ CHIRAG,8128005027,364740,India Post Payments Bank Limited
+ CHIRAG HASMUKHBHAI PARMAR,8530859285,364710,State Bank of India
+ CHOHALA BACHUBHAI TOGABHAI,6356963703,364765,AXIS Bank Ltd.
+ CHUDASAMA BHUMIKABA,6359656548,364750,India Post Payments Bank Limited
+ D N ADHIYA,9909545109,382450,India Post Payments Bank Limited
+ DABHI ARJUN  ASHOKBHAI,8866461353,382450,Bank of Baroda
+ DABHI RANCHODBHAI,9427322242,382245,Airtel Payments Bank Limited
+ DABSARA SANJAYBHAI MANJIBHAI,7778086478,382450,Airtel Payments Bank Limited
+ DAMOR NIMESHKUMAR,9712882807,382245,India Post Payments Bank Limited
+ DANIYA BHARATBHAI,9265334736,364710,Airtel Payments Bank Limited
+ DAREDIYA UMEDBHAI,8154054015,364710,Airtel Payments Bank Limited
+ DARSHAN KARAMSHIBAHI,9484772166,382255,India Post Payments Bank Limited
+ DAUDIVOHRA SABBIRHUSEN,9016995253,364710,Airtel Payments Bank Limited
+ DAVE ABHISHEK VIJAYBHAI,9687555151,364710,Fino Payments Bank Ltd.
+ DESAI UMANG  DILIPBHAI,9998989805,364710,Bank of Baroda
+ DETROJA ANILBHAI,9574769040,382450,AXIS Bank Ltd.
+ DETROJA PANCHABHAI,9773400143,382450,Airtel Payments Bank Limited
+ DHADHAL DASHRATHBHAIMANUBHAI,9898440340,364710,AXIS Bank Ltd.
+ DHALVANIYA BHARATBHAI,6354087871,364710,Airtel Payments Bank Limited
+ DHARAJIYA AJITBHAI MERAMBHAI,9898620506,382245,Fino Payments Bank Ltd.
+ DHARAJIYA ARVINDBHAI DUDABHAI,9558470726,382245,State Bank of India
+ DHARAJIYA CHETANKUMAR KHODABHAI,8866988795,364765,Fino Payments Bank Ltd.
+ DHARAJIYA ISHWARBHAI,9898016407,364720,Airtel Payments Bank Limited
+ DHARAJIYA MAHESH SOMA BHAI,6353255528,382245,Yes Bank Limited
+ DHARAMKUMAR HARESHBHAI JOSHI,9714566782,364710,India Post Payments Bank Limited
+ DHARJIYA JAYESHBHAI JEMABHAI,9998981070,382245,Fino Payments Bank Ltd.
+ DHARJIYA PRAVINBHAI RAMJIBHAI,8690682212,364710,AXIS Bank Ltd.
+ DHIRAJBHAI  MUNDHAVA,9723889165,364720,Bank of Baroda
+ DHIRUBHAI CHATURBHAI,9723534910,364720,India Post Payments Bank Limited
+ DHIRUBHAI MOHANBHAI,9998153390,364750,India Post Payments Bank Limited
+ DIGVIJAYSINH,6353143332,364320,India Post Payments Bank Limited
+ DILIP  ZALA,7046117317,364710,Bank of Baroda
+ DILIPBHAI  KHACHAR,9662624111,364720,Bank of Baroda
+ DILIPBHAI M,9558553800,364710,India Post Payments Bank Limited
+ DINESHBHAI,9924013760,364760,India Post Payments Bank Limited
+ DINESHBHAI D,9723195516,364710,India Post Payments Bank Limited
+ DIPAKBHAI LAKHAMANBHAI KANJARIYA,9624347054,364710,State Bank of India
+ DIPAKBHAI LAKHANMANBHAI KANJARIYA,8140191354,364710,State Bank of India
+ DIVAKAR VIPULBHAI RAGHURAMBHAI,7303308376,364710,India Post Payments Bank Limited
+ DUDAKIYA NIYATI DINESHBHAI,7777962296,364710,Airtel Payments Bank Limited
+ FARID IKBALBHAI PARMAR,9033309292,364750,AXIS Bank Ltd.
+ FIROJBHAI,9904336817,364730,India Post Payments Bank Limited
+ FIROJBHAI,9913937284,364765,India Post Payments Bank Limited
+ GABU  DHIRUBHAI,8511202059,364720,Airtel Payments Bank Limited
+ GABU NILESHBHAI HIMMATBHAI,7777998044,364750,Fino Payments Bank Ltd.
+ GABU VIJAYBHAI ARJANBHAI,7359591499,364720,Airtel Payments Bank Limited
+ GADHAVI JAYRAJBHA RAJESHBHAI,6355235964,363030,Airtel Payments Bank Limited
+ GAGANGIRI NARENDRGIRI GOSWAMI,9924094095,364710,RBL Bank Ltd
+ GANJA HARUNBHAI,9737168089,364710,Airtel Payments Bank Limited
+ GAURAVBHAI  GHANSHYAMBHAI,9725184811,364720,Fino Payments Bank Ltd.
+ GAUTAMBHAI  MATHOLIYA,7041817530,364710,Bank of Baroda
+ GHANSYAMSINH CHUDASAMA,9426507308,382245,India Post Payments Bank Limited
+ GITABEN  PARMAR,9265772350,382450,Bank of Baroda
+ GOHEL VIMAL KARSHANBHAI,7874567053,364710,AXIS Bank Ltd.
+ GOHIL  DILAVARSINH,7228039408,382250,Airtel Payments Bank Limited
+ GOHIL FATESINH,9054651903,382250,Airtel Payments Bank Limited
+ GOHIL MADHAVSINH,9909082973,364760,Airtel Payments Bank Limited
+ GOHIL MAHESHKUMAR,9979201244,364710,Airtel Payments Bank Limited
+ GOHIL RAJENDRASINH VAJUBHAI,9773246703,382245,Yes Bank Limited
+ GOLANI BHARATBHAI,8238945546,364740,Airtel Payments Bank Limited
+ GONDALIYA SITARAM DHARAMDAS,7878277070,382255,Airtel Payments Bank Limited
+ GOPALBHAI H SANKLIYA,9904002420,364710,India Post Payments Bank Limited
+ GOPIBEN PRAVINBHAI,8200339324,364710,India Post Payments Bank Limited
+ GOSAI GAJRAJGIRI,6354791112,364765,Airtel Payments Bank Limited
+ GOVINDBHAI  JADAV,9974763684,382255,Bank of Baroda
+ GUDALIYA BHUPENDRABHAI,9974672763,364750,Airtel Payments Bank Limited
+ H  S JOSHIYARA,8383871948,382250,India Post Payments Bank Limited
+ H D SOLANKI,9714294369,364710,India Post Payments Bank Limited
+ H P UPADHYAY,9925356280,390024,India Post Payments Bank Limited
+ HARCHAND RAM,8128217762,364710,Airtel Payments Bank Limited
+ HARDIK G,9724289797,364710,India Post Payments Bank Limited
+ HARESH DHADHAL,9998729898,364710,State Bank of India
+ HARESH R SABVA,9714812738,364710,State Bank of India
+ HARESHBHAI  MAKHIYAVIYA,9725437977,364750,Airtel Payments Bank Limited
+ HARESHBHAI  RAGHAVANI,9723625589,364710,Bank of Baroda
+ HARESHBHAI HIMATBHAI,9904196916,364765,India Post Payments Bank Limited
+ HARGOVINDBHAI V,7383311319,364720,India Post Payments Bank Limited
+ HARISINH,9824208747,364710,India Post Payments Bank Limited
+ HARMESH BHARATBHAI GAJERA,9714199560,364730,Fino Payments Bank Ltd.
+ HARSHADBHAI,9898220020,364720,India Post Payments Bank Limited
+ HARSHDIPSINH,8160825082,364320,India Post Payments Bank Limited
+ HASMUKHBHAI,9825353708,364740,India Post Payments Bank Limited
+ HASMUKHBHAI  GABU,9558351821,364720,Bank of Baroda
+ HATHILA BHAVNABEN,9898875766,364710,India Post Payments Bank Limited
+ HIMMATBHAI  DABHI,9714154444,364750,Bank of Baroda
+ HIRABHAI,8980731714,364765,India Post Payments Bank Limited
+ HIRALBEN JAYESHBHAI RANGPARA,9157789111,364750,State Bank of India
+ HIRENKUMAR NATHABHAI PATEL,9574690060,382255,India Post Payments Bank Limited
+ HITESH,9904238499,364750,India Post Payments Bank Limited
+ HITESH VADHEL,9426440090,364730,State Bank of India
+ HITESHBHAI  SOLANKI,7818901951,364765,Bank of Baroda
+ INDRAJITSINH AJITSINH VAGHELA-118055,8320350673,364750,IndusInd Bank Limited
+ IRFAN M SHETH,9722105352,364320,Fino Payments Bank Ltd.
+ IRFANBHAI RAJAKBHAI ISANI,9998582159,364750,Airtel Payments Bank Limited
+ ISHVARBHAI RAVJIBHAICHAUHAN,7069704035,364313,AXIS Bank Ltd.
+ ITOLIYA CHATURBHAI,8487099222,382250,Airtel Payments Bank Limited
+ ITOLIYA MANOJ CHATURBHAI,7434858549,382250,State Bank of India
+ J A SHAU,9574367549,382450,India Post Payments Bank Limited
+ J G ACHARYA,9913307937,393041,India Post Payments Bank Limited
+ J S KHACHAR,9712176107,382255,India Post Payments Bank Limited
+ JAGDISHBHAI PARSINGBHAI,6355636276,364765,India Post Payments Bank Limited
+ JAGDISHBHAI R,6351297059,364710,India Post Payments Bank Limited
+ JAGDISHGIRI,9978348206,364730,India Post Payments Bank Limited
+ JAGDISHKUMAR RAVJIBHAI PIPALIYA,7016051688,364750,India Post Payments Bank Limited
+ JAGJIVANBHAI J,9558542242,364720,India Post Payments Bank Limited
+ JALIYA MALHARSINH NITINBHAI,9558043376,364730,Paytm Payments Bank Limited
+ JAMALI SHABBIRBHAI,9033270952,364710,Airtel Payments Bank Limited
+ JAMBUKIYA SHIVABHAI,9737983314,364710,Airtel Payments Bank Limited
+ JAMOD  RAMESHBHAI,9723500640,364710,Airtel Payments Bank Limited
+ JAMOD NILESHBHAI PREMJIBHAI,9662900054,364710,Airtel Payments Bank Limited
+ JANJAVADIYA SANDIP SHANKARBHAI,7043283438,364710,Paytm Payments Bank Limited
+ JAYDEEP,7043466460,363660,India Post Payments Bank Limited
+ JAYDIP,9499614232,364760,India Post Payments Bank Limited
+ JAYESH,9825018581,364710,India Post Payments Bank Limited
+ JAYESHBHAI  GHAGHRETIYA,9429022153,363610,Bank of Baroda
+ JAYESHBHAI  JAMOD,6351764748,364710,Bank of Baroda
+ JAYESHBHAI CHAVDA,9722854450,364710,State Bank of India
+ JAYESHBHAI DINESHBHAI RANGPARA,9974440789,364750,State Bank of India
+ JAYESHBHAI SURESHBHAI GOSWAMI,9033404143,364210,State Bank of India
+ JAYSUKHBHAI  DAVE,9898828671,364750,Bank of Baroda
+ JAYSUKHKUMAR DHORIYA,7698903472,364720,India Post Payments Bank Limited
+ JIDIYA RAHUL DHIRUBHAI,8000651715,364765,Paytm Payments Bank Limited
+ JIDIYA VIPULBHAI DHIRUBHAI,8866877657,364765,Airtel Payments Bank Limited
+ JIGNESHBHAI  GOHEL,9879664707,364710,Bank of Baroda
+ JIGNESHKUMAR  PANDYA,8000282813,364730,Bank of Baroda
+ JOGRANA BHARATBHAI LAKHABHAI,7600193827,364710,Fino Payments Bank Ltd.
+ JOSHI JAYDIP BAKULBHAI,8238359491,364710,Paytm Payments Bank Limited
+ JOSHI NILESHKUMAR ARUNBHAI,7096480900,382245,India Post Payments Bank Limited
+ JOSHI RAKESHBHAI,7984668874,382245,Airtel Payments Bank Limited
+ JYOTIBEN ISHVARBHAI  KHANIYA,8511486578,363610,Bank of Baroda
+ K N SOLANKI,6359771362,382450,India Post Payments Bank Limited
+ KADOPARA SUHANI HITESHKUMAR,7827930751,382450,India Post Payments Bank Limited
+ KAILASHBEN RAJUBHAI MAKWANA,9316625147,382450,Fino Payments Bank Ltd.
+ KAILESHGIRI  GOSAI,8000551564,364765,Bank of Baroda
+ KALATHIYA VISHALBHAI MOHANBHAI,9898921090,364710,Airtel Payments Bank Limited
+ KALIYA DHARMESHKUMAR RAJESHBHAI,9033069792,364710,Fino Payments Bank Ltd.
+ KALIYA NATUBHAI,9904004904,364710,Airtel Payments Bank Limited
+ KALIYA SAILESHBHAI MEGHJIBHAI,7984058589,364720,Fino Payments Bank Ltd.
+ KALPANABA AJAYSINH RANA,9106561763,363610,Fino Payments Bank Ltd.
+ KALPESHBHAI  KANZARIYA,9725177242,364710,Airtel Payments Bank Limited
+ KALSARIYA MAYUR JAGDISHBHAI,9723699908,364710,Paytm Payments Bank Limited
+ KANJARIYA MEHULBHAI HARJIBHAI,7203982739,364710,RBL Bank Ltd
+ KANJARIYA MUKESHBHAI,8128255059,382255,Airtel Payments Bank Limited
+ KANOTARA ANIL HARJIBHAI,8734882256,382245,Paytm Payments Bank Limited
+ KANOTARA SANJAYBHAI AMARSHIBHAI,7383284163,382245,Fino Payments Bank Ltd.
+ KANOTARA SANJAYBHAI AMARSHIBHAI,8000706176,382245,Airtel Payments Bank Limited
+ KANUBHAI GIDABHAI VALA,9824210872,364710,India Post Payments Bank Limited
+ KARMASHBHAI GORDHANBHAI,9924031546,364765,India Post Payments Bank Limited
+ KATARIYA ARVINDBHAI MAVJIBHAI,6351455549,364750,Airtel Payments Bank Limited
+ KATHIRI TALAHBIN MOHMADBHAI,9974268872,364710,Airtel Payments Bank Limited
+ KAUSHIK DHARAMSHIBHAI CHAUHAN,8347047677,364710,IDBI Bank Limited
+ KERALIYA MAHESHBHAI,9737402399,364760,Airtel Payments Bank Limited
+ KHACHAR BAVKUBHAI,9909970330,364720,Airtel Payments Bank Limited
+ KHACHAR VIRDIPBHAI RAVUBHAI,9737421222,364765,Paytm Payments Bank Limited
+ KHALANI AJAJBHAI ABBASBHAI,9825509823,382245,Fino Payments Bank Ltd.
+ KHALANI ILYASBHAI ISHAKBHAI,9714862801,382245,AXIS Bank Ltd.
+ KHANDALA  CHANDUBHAI,7096373453,382245,Airtel Payments Bank Limited
+ KHETARIYA CHINTANKUMAR,8306793977,364710,India Post Payments Bank Limited
+ KHIMABHAI B,9904944104,364720,India Post Payments Bank Limited
+ KHIMAJIBHAI  SENTHALA,9979507960,382450,Bank of Baroda
+ KHODUBHAI BHOPABHAI MAKWANA,9913180140,364765,India Post Payments Bank Limited
+ KHUDADIYA ASHOKBHAI BUDHABHAI,9601024560,364710,Yes Bank Limited
+ KHUSHI,7827020126,364750,India Post Payments Bank Limited
+ KIHALA SHANTIBHAI,8160907951,365421,Airtel Payments Bank Limited
+ KISHAN  SOLANKI,7046477654,364710,Bank of Baroda
+ KISHANBHAI  SAKARIY,8000036125,364730,Bank of Baroda
+ KISHANKUMAR,8401116001,364750,India Post Payments Bank Limited
+ KISHOR  SATIYA,7096186589,364750,Bank of Baroda
+ KISHORBHAI,9879933162,364740,India Post Payments Bank Limited
+ KOTHARIYA IRFAN IKBALBHAI,7990262873,364710,Fino Payments Bank Ltd.
+ KUNVARKHNIYA MAHESHBHAI,8160050478,363610,Airtel Payments Bank Limited
+ KURESHI AMIN,9925698748,382245,Airtel Payments Bank Limited
+ KURESHI ASHRAFHUSEN CHHADUBHAI,9825875142,382245,India Post Payments Bank Limited
+ LABHUBHAI,9825968099,364730,India Post Payments Bank Limited
+ LADOLA VANITA,9429006497,364710,India Post Payments Bank Limited
+ LAKHABHAI BADHABHAI MEVADA,9574070516,364720,AXIS Bank Ltd.
+ LAKHABHAI V,9687917397,364710,India Post Payments Bank Limited
+ LAKHANI AMIRALI,9898227404,364710,Airtel Payments Bank Limited
+ LAKHANI FIROJALI,9898977383,364750,Airtel Payments Bank Limited
+ LAKHANI TILAK,9574856368,364760,India Post Payments Bank Limited
+ LAKHVA SAHEJAD SIKANDARBHAI,8735068784,364710,Airtel Payments Bank Limited
+ LAKUM JIGNESH,7303308361,364710,India Post Payments Bank Limited
+ LALANI SAMIR SALIMBHAI,7990978293,364710,Yes Bank Limited
+ LALJIBHAI  BHARADIYA,8000883098,364720,Bank of Baroda
+ LALJIBHAI GOPALBHAI,9924719734,364750,India Post Payments Bank Limited
+ LALJIBHAI KALUBHAI OLAKIYA,9737540440,364720,Fino Payments Bank Ltd.
+ LANIYA ALPESHBHAI RAMESHBHAI,8153050910,364720,Yes Bank Limited
+ LAVUJBHAI  KHACHAR,9662251423,382255,Bank of Baroda
+ LIMBADIYA KALUBHAI,8320026044,364710,Airtel Payments Bank Limited
+ LIMBADIYA RAJUBHAI KANABHAI,9624960298,382245,Paytm Payments Bank Limited
+ LIMBDIYA RASIKBHAI,9737563514,382245,Airtel Payments Bank Limited
+ M G PARMAR,9510456484,382450,India Post Payments Bank Limited
+ MADHAVJIBHAI,9879933164,364730,India Post Payments Bank Limited
+ MAHENDRA KUMAR SHIVALALBHAI,9824651822,364760,India Post Payments Bank Limited
+ MAHENDRABHAI CHAUHAN,9824749772,382450,Airtel Payments Bank Limited
+ MAHESH,9925909423,364730,India Post Payments Bank Limited
+ MAHESH JADAV,9904190310,364710,Bank of India
+ MAHESHBHAI  MATHUKIYA,8469171010,382450,Bank of Baroda
+ MAHESHBHAI VINUBHAI PARMAR,8200344250,364470,State Bank of India
+ MAHIPALSINH PRAKASHSINH CHUDASAMA,8980827557,382250,State Bank of India
+ MAKAVANA RASIK,8160013100,382245,Airtel Payments Bank Limited
+ MAKAVANA SHUBHASHBHAI NANJIBHAI,9725981619,364750,Airtel Payments Bank Limited
+ MAKVANA ASHOKBHAI PALJIBHAI,9724824548,382245,Fino Payments Bank Ltd.
+ MAKVANA PANKAJBHAI GHANSHYAMBHAI,7878504508,364765,Fino Payments Bank Ltd.
+ MAKWANA  JENTIBHAI,6351317842,365601,Airtel Payments Bank Limited
+ MAKWANA DIPAK NAGARBHAI,8200611254,364710,RBL Bank Ltd
+ MAKWANA GHANSHYAMBHAI,9624575090,382245,Airtel Payments Bank Limited
+ MAKWANA JAYANTIBHAI,7359530892,364710,Airtel Payments Bank Limited
+ MAKWANA POPATBHAI,9712499033,364740,Airtel Payments Bank Limited
+ MAKWANA SHANTIBHAI,9724912397,364710,Airtel Payments Bank Limited
+ MAKWANA VIRABHAI,6359102925,364765,Airtel Payments Bank Limited
+ MANBHA B PARMAR,9173384344,382245,India Post Payments Bank Limited
+ MANESHKUMAR,9824483712,364710,India Post Payments Bank Limited
+ MANHARBAHIKUMAR J,9725528280,364710,India Post Payments Bank Limited
+ MANISH AJITBHAI PATEL,9313132732,364710,India Post Payments Bank Limited
+ MANISH M CHARPOT,7011463345,364710,India Post Payments Bank Limited
+ MANISHABEN PAGI,7827020157,364750,India Post Payments Bank Limited
+ MANISHABEN RAJESHKUMAR BHAYANI,9426461555,364750,Fino Payments Bank Ltd.
+ MANIYA DHRUVKUMAR,8460175537,382463,India Post Payments Bank Limited
+ MANKAD AYUBBHAI,9737434443,364710,Airtel Payments Bank Limited
+ MANKAD KALUBHAI,9574115316,364710,Airtel Payments Bank Limited
+ MANOJKUMAR CHATURBHAI ITOLIYA,9737838554,382250,Fino Payments Bank Ltd.
+ MANSURIYA NAVNITBHAI,9725174210,382255,Airtel Payments Bank Limited
+ MANUBHAI,9726195131,364730,India Post Payments Bank Limited
+ MAULIKKUMAR,9737481285,364710,India Post Payments Bank Limited
+ MEGHARAJSINH  ZALA,9725479999,382450,Bank of Baroda
+ MEHTA NIRAJKUMAR,9924002829,382245,Airtel Payments Bank Limited
+ MEHTA RAJESHBHAI,8866739191,364710,Airtel Payments Bank Limited
+ MEHUL  CHAUHAN,7600831072,382450,Bank of Baroda
+ MEHULBHAI SADULBHAI  METALIYA,9724402922,364710,Bank of Baroda
+ MELAKIYA CHIRAG DINESHBHAI,9662658585,364750,AXIS Bank Ltd.
+ MER  JAYESHBHAI,9624114686,382450,Bank of Baroda
+ MER AJAYKUMAR JAYNTIBHAI,8160609067,382255,Yes Bank Limited
+ MER DARSHAN GHANSHYAMBHAI,7359043160,382245,India Post Payments Bank Limited
+ MER JAYESHBHAI BHAGABHAI,8488841172,364710,Airtel Payments Bank Limited
+ MEVADA MITESH,8140453634,364710,India Post Payments Bank Limited
+ MEVADA RANJANBEN LAKHABHAI,7575043673,364720,Fino Payments Bank Ltd.
+ MITHAPARA SURESHBHAI,9727118145,364765,Airtel Payments Bank Limited
+ MOHANBHAI,9879717649,364710,India Post Payments Bank Limited
+ MOREE KIRITBHAI,6351151740,364710,Airtel Payments Bank Limited
+ MORI JAMSANGBHAI BHUPATBHAI,9265379481,382255,Fino Payments Bank Ltd.
+ MORI JAMSANGBHAI BHUPATBHAI,7778042268,364710,Airtel Payments Bank Limited
+ MORI PRAVINBHAI,6353777419,364730,Airtel Payments Bank Limited
+ MORI RAMJIBHAIK,9662626261,364710,AXIS Bank Ltd.
+ MUFADDAL JAMALI,8866270952,364710,State Bank of India
+ MUKESH JIVANBAI LAKUM,7698807698,364710,State Bank of India
+ MUKESHBHAI  JAMOD,9924071657,364710,Bank of Baroda
+ MULANI MANJIBHAI,9974973602,364730,Airtel Payments Bank Limited
+ MULIYA SOYAB MAHAMMADBHAI,9157786312,364710,Paytm Payments Bank Limited
+ MUNDHAVA BHAVANBHAI,7621047091,364710,Airtel Payments Bank Limited
+ MUNIYA SHRUTIBEN MANOJBHAI,7096311280,382250,India Post Payments Bank Limited
+ N L PARMAR,8672060900,382450,India Post Payments Bank Limited
+ NAGARBHAI  JAMBUKIYA,9574094153,382450,Bank of Baroda
+ NANDARIYA ARVINDBHAI HARJIBHAI,7698508797,364720,AXIS Bank Ltd.
+ NARAYANBHAI V,9924552083,364720,India Post Payments Bank Limited
+ NARENDRABHAI  DETROJA,9978511661,382450,Bank of Baroda
+ NARESH KUMAR KHANIA,7003189664,382450,Yes Bank Limited
+ NARESHBHAI BHUPATBHAI VIRJA,9265204848,364710,Paytm Payments Bank Limited
+ NATUBHAI KALIYA,9909399590,382245,Bank of India
+ NAVRANG KUMAR N,7567209858,364750,India Post Payments Bank Limited
+ NAYAN LODAYA,8487053533,364710,Airtel Payments Bank Limited
+ NAYANA,7265936565,364730,India Post Payments Bank Limited
+ NAYANKUMAR KANAIYALAL,9099499817,364750,AXIS Bank Ltd.
+ NIKUNJ CHAMANBHAI,9624554194,364710,India Post Payments Bank Limited
+ NILAMBEN  DONDA,9099762580,365220,Fino Payments Bank Ltd.
+ NILAMBEN JAGDISHBHAI,8511312935,364750,India Post Payments Bank Limited
+ NILESHBHAI,8866229897,364765,India Post Payments Bank Limited
+ NILESHBHAI  PADHARIYA,9033337460,364730,Bank of Baroda
+ NIMISHABEN SUBHASHBHAI,9727168374,364750,India Post Payments Bank Limited
+ NISARTA VALSINGBHAI,8469150371,364765,Airtel Payments Bank Limited
+ NITESH  LELA,9265810011,364750,Bank of Baroda
+ NITIN VITTHALBHAI,9924250383,364710,India Post Payments Bank Limited
+ NIYATAR RAMIJBHAI,9054154929,382245,Airtel Payments Bank Limited
+ NURUDIN SURANI,9558603930,364710,Airtel Payments Bank Limited
+ ODHAVJIBHAI,7874392403,364730,India Post Payments Bank Limited
+ OLAKIYA ASHOKBHAI GOVINDBHAI,9574109080,364710,Airtel Payments Bank Limited
+ OLAKIYA ASHOKBHAI GOVINDBHAI,8140562502,364750,Paytm Payments Bank Limited
+ OLAKIYA KALUBHAI,9924455987,364720,Airtel Payments Bank Limited
+ OLKIYA  BHIMJIBHAI,9974983020,364720,Bank of Baroda
+ P M BAMANIYA,9574435490,364710,India Post Payments Bank Limited
+ P M KINHALA,8320209201,394325,India Post Payments Bank Limited
+ P R SHAH,9376654686,382450,India Post Payments Bank Limited
+ P Z MAKWANA,9824780209,382450,India Post Payments Bank Limited
+ PADHARSHI GANIBHAI,9898657375,364710,Airtel Payments Bank Limited
+ PANJA HANIF,7861009882,362269,Airtel Payments Bank Limited
+ PANJVANI ROSHANBHAI,9723481124,364710,Airtel Payments Bank Limited
+ PANKAJ MAKWANA,8128756157,364765,AXIS Bank Ltd.
+ PARASRAM RAMFERBHAI SUMAIBHAI,9904032278,382245,Fino Payments Bank Ltd.
+ PARESH RAMESHBHAI PARMAR,8447544508,364750,India Post Payments Bank Limited
+ PARESHBHAI SAILYA,8347635393,382245,State Bank of India
+ PARESHBHAI SANKALIYA,9998896977,382245,Airtel Payments Bank Limited
+ PARESHKUMAR PRABHUBHAI BARAIYA,9725743252,363610,State Bank of India
+ PARIKSHITBHAI,8758449448,364750,India Post Payments Bank Limited
+ PARIMAL K,9714607947,364710,India Post Payments Bank Limited
+ PARMAR  ASHOKBHAI,9016102128,382450,Bank of Baroda
+ PARMAR AMANKUMAR DHIRUBHAI,9714370535,364710,RBL Bank Ltd
+ PARMAR ASHOKBHAI,8140622950,364765,India Post Payments Bank Limited
+ PARMAR BALUBHAI BAPASAHEB,9925166744,382245,India Post Payments Bank Limited
+ PARMAR BHARAT BHANUBHAI,9824073419,364710,Paytm Payments Bank Limited
+ PARMAR DARSHIT VIJAYKUMAR,7041808505,382245,India Post Payments Bank Limited
+ PARMAR GHANSHYAMBHAI,9998181540,364710,Airtel Payments Bank Limited
+ PARMAR GOPAL,7777943427,382245,Airtel Payments Bank Limited
+ PARMAR JORUBHA,9723781823,382245,Airtel Payments Bank Limited
+ PARMAR KALUBHA MERUBHA,9925073758,363610,Yes Bank Limited
+ PARMAR PRAKASHBHAI,9974484215,364765,Airtel Payments Bank Limited
+ PARMAR RANCHHODBHAI,9737349030,364710,Airtel Payments Bank Limited
+ PARMAR RAVIKUMAR PREMJIBHAI,7041023358,364740,AXIS Bank Ltd.
+ PARMAR VIJAY RANCHHODBHAI,9898212434,382245,Fino Payments Bank Ltd.
+ PARMAR VIJAYSINH,9724577912,382245,Airtel Payments Bank Limited
+ PARMAR YUVRAJSINH RAJENDRASINH,9574866363,364710,RBL Bank Ltd
+ PATADIYA DILIPBHAI SHAMJIBHAI,7016764344,364710,Fino Payments Bank Ltd.
+ PATDIYA  HARDIK,9662878375,382450,Bank of Baroda
+ PATEL AROHI JITENDRAKUMAR,7838291614,382245,India Post Payments Bank Limited
+ PATEL AVANISHABEN KANTILAL,7046987979,382250,India Post Payments Bank Limited
+ PATEL BRIJAL KUMARI,9510722990,382255,India Post Payments Bank Limited
+ PATEL CHETANBHAI ISHVARBHAI,9904888555,364710,AXIS Bank Ltd.
+ PATEL CHINTAN JAYANTIBHAI,8160409637,382245,India Post Payments Bank Limited
+ PATEL DEEP NAVNEETKUMAR,9033230254,382255,India Post Payments Bank Limited
+ PATEL KOMALBEN,9313045436,382255,India Post Payments Bank Limited
+ PATEL MAULIKKUMAR DINESHBHAI,9662585185,382255,India Post Payments Bank Limited
+ PATEL NEHABEN BHARATBHAI,7827930558,382450,India Post Payments Bank Limited
+ PATEL NIDHI MUKESHBHAI,7838286799,382255,India Post Payments Bank Limited
+ PATEL VIDHIBEN,7990978779,382255,India Post Payments Bank Limited
+ PAYAK IKABALBHAI,9510558452,382245,Airtel Payments Bank Limited
+ PIPAVAT HARESH PRAVINDAS,9722372052,382450,Yes Bank Limited
+ POLABHAI MEGHJIBHAI,9925544911,364750,India Post Payments Bank Limited
+ PRADEEPGIRI DEVGIRI,9998781932,364750,India Post Payments Bank Limited
+ PRADIPBHAI,7303787795,364740,India Post Payments Bank Limited
+ PRAJAPATI RAHULKUMAR BABULAL,9825254996,382255,Fino Payments Bank Ltd.
+ PRAKASHBHAI  CHAVDA,9723533353,364710,Bank of Baroda
+ PRAKASHBHAI  JADAV,9723533159,364765,Bank of Baroda
+ PRAKASHBHAI LALJIBHAI SOLANKI,9925333092,364710,AXIS Bank Ltd.
+ PRAKASHCHANDRA,9601881351,364710,India Post Payments Bank Limited
+ PRATIPALSINH,9904114241,364760,India Post Payments Bank Limited
+ PRAVIN C PARMAR,9537988020,363610,Bank of Baroda
+ PRAVINBHAI BABUBHAI DABHI,7359198768,364720,AXIS Bank Ltd.
+ PRAVINBHAI BABUBHAI DABHI,9725881732,364720,Paytm Payments Bank Limited
+ PRITESHBHAI K,7827020175,364730,India Post Payments Bank Limited
+ R H BOSIYA,9687355949,394670,India Post Payments Bank Limited
+ R K BODAT,9537907066,382255,India Post Payments Bank Limited
+ R M DEVMURARI,9725796009,382450,India Post Payments Bank Limited
+ R N GOHIL,9726063800,382250,India Post Payments Bank Limited
+ RADHESHYAMBHAI I LASHKARI,9979355774,364710,India Post Payments Bank Limited
+ RAHULBHAI  DABHI,7621918728,364710,Bank of Baroda
+ RAHULBHAI BOLIYA,9664745755,364710,Bank of India
+ RAHULKUMAR  PRAJAPATI,8980951717,382255,Bank of Baroda
+ RAJAPARA KISHAN,9510235006,382245,Airtel Payments Bank Limited
+ RAJESH,9924037459,364710,India Post Payments Bank Limited
+ RAJESHBHAI  VALA,8690122334,380001,Bank of Baroda
+ RAJKUMAR DHAKAD,9687872552,364710,Airtel Payments Bank Limited
+ RAJPALSIGH SAHDEVSINH GOHIL,9662723051,364765,State Bank of India
+ RAJPARA MUKESHBHAI,9586967028,364730,Airtel Payments Bank Limited
+ RAKESHBHAI,9714469108,364710,India Post Payments Bank Limited
+ RAMAVAT JAGADISHBHAI VITHTHALBHAI,9909699425,382255,India Post Payments Bank Limited
+ RAMESHBHAI  GARNIYA,9428969411,364730,Bank of Baroda
+ RAMESHCHANDRA,9979716406,364740,India Post Payments Bank Limited
+ RANGAPARA DILIPBHAI BHAGUBHAI,8000901016,364720,Fino Payments Bank Ltd.
+ RANGPARA JUGABHAI,6352497692,364750,Airtel Payments Bank Limited
+ RANJITBHAI  MER,9624960240,382450,Bank of Baroda
+ RANJITBHAI NANJIBHAI CHUDASMA,9898511709,364320,Fino Payments Bank Ltd.
+ RANJITSINH H,9904944032,364720,India Post Payments Bank Limited
+ RASIKBHAI ODHABHAI SOLANKI,9510103388,382450,Fino Payments Bank Ltd.
+ RATHOD  DHIRUBHAI,8488844405,364720,Airtel Payments Bank Limited
+ RATHOD BHUPATBHAI,9054494093,364730,Airtel Payments Bank Limited
+ RATHOD DEVRAJSINH,9327088505,382255,Airtel Payments Bank Limited
+ RATHOD HARESHBHAI NATUBHAI,7779050111,364710,Airtel Payments Bank Limited
+ RATHOD JAYDEVSINH AJITSINH,9722397980,364710,RBL Bank Ltd
+ RATHOD JITENDRA BHARATBHAI,9106133470,364765,Airtel Payments Bank Limited
+ RATHOD URVASHI,7046685770,382245,India Post Payments Bank Limited
+ RATHOD VIJAY KUMAR KISHORBHAI,8154937343,364760,AXIS Bank Ltd.
+ RAVAL MADHAVKUMAR DEVENDRABHAI,9428051800,364750,Fino Payments Bank Ltd.
+ RAVAL NIKITA MUKESHKUMAR,7202827620,363423,India Post Payments Bank Limited
+ RAVI,8347512557,364710,India Post Payments Bank Limited
+ RAVI SHIVABHAI KALIVADA,9157006802,364710,State Bank of India
+ RAVIBHAI RAMESHBHAI KHETARIYA,9723137328,364750,India Post Payments Bank Limited
+ RAVIKUMAR,9904880248,364750,India Post Payments Bank Limited
+ RAVINDRABHAI  SOLAN,9723969541,364730,Bank of Baroda
+ RAVJIBHAI,9537228484,364730,India Post Payments Bank Limited
+ REKHABEN,9558220565,382450,Airtel Payments Bank Limited
+ ROJHARA RAMESHBHAI,9081763201,382245,Airtel Payments Bank Limited
+ S G MAKWANA,9662959316,382255,India Post Payments Bank Limited
+ S H SORATHIYA,9033538399,364710,India Post Payments Bank Limited
+ S N RAMANANDI,8530947027,382455,India Post Payments Bank Limited
+ S R DESANI,9825875016,364135,India Post Payments Bank Limited
+ S S KOTHARIA,9723637865,382245,India Post Payments Bank Limited
+ SAHIN HANIFBHAI  KURESHI,9898268461,364710,Bank of Baroda
+ SAKALIYA ARAVINDBHAI MERAMBHAI,9099504076,364720,Yes Bank Limited
+ SAKORIYA DIYALBHAI,6352224710,364710,Airtel Payments Bank Limited
+ SANJAYBHAI  ZAMPADIYA,9904761287,364750,Bank of Baroda
+ SANJAYBHAI JADAVBHAI PATEL,8200198929,364710,Fino Payments Bank Ltd.
+ SANJAYKUMAR,9725100462,364740,India Post Payments Bank Limited
+ SANJAYKUMAR KABABHAI  SHIHORA,9904806246,382450,Bank of Baroda
+ SANJAYKUMAR R,9726888209,364765,India Post Payments Bank Limited
+ SAPARA DHARMESHBHAI DHANJIBHAI,7046943712,382450,Paytm Payments Bank Limited
+ SARKADIYA LALJIBHAI GOBARBHAI,9898233966,382255,Paytm Payments Bank Limited
+ SARODIYA VIPULBHAI RAYABHAI,9974005944,363410,Airtel Payments Bank Limited
+ SATANI MUKESHBHAI LALJIBHAI,9327622344,364710,Fino Payments Bank Ltd.
+ SATHLIYA VAJUBHAI,8866962247,382255,Airtel Payments Bank Limited
+ SAVAKIYA ANKITA BATUKBHAI,9265872772,382245,India Post Payments Bank Limited
+ SHAH DHARAK VIJAYBHAI,9904668080,364710,Airtel Payments Bank Limited
+ SHAILESHKUMAR,9714508248,364750,India Post Payments Bank Limited
+ SHAKTIPRASAD,9879997957,364710,India Post Payments Bank Limited
+ SHAKTISINH  LIMBOLA,8530303022,382255,Bank of Baroda
+ SHAVJIBHAI  VAHUKIYA,9998244786,364710,Airtel Payments Bank Limited
+ SHETH VISHAL RAMESHBHAI,9512313637,364750,AXIS Bank Ltd.
+ SHIVRAMBHAI BHANJIBHAI PIPALIYA,9898258404,382245,India Post Payments Bank Limited
+ SHREE SANJANAVADAR DUDH UTPADAK SAHAKARI MANDALI LIMITED,9723367450,364750,The Federal Bank Ltd.
+ SHRI GHOGHASAMADI MAHILA DUDH UTPADAK SAHAKARI MANDALI LIMITED,9429588635,364730,The Federal Bank Ltd.
+ SIDATAR KAYUM KADARBHAI,9265603604,364710,Paytm Payments Bank Limited
+ SIDDHARTHGIRI MAHENDRAGIRI GOSWAMI,7878681008,364710,State Bank of India
+ SINDHAV NAVAL,7878125353,364760,India Post Payments Bank Limited
+ SISODIYA SONAL,8460195270,382245,India Post Payments Bank Limited
+ SMT A B PADARSINGA,6352956266,382450,India Post Payments Bank Limited
+ SOHIL  KHALIFA,9737454520,363610,Bank of Baroda
+ SOLANKI  AJAY,7600305137,364710,Bank of Baroda
+ SOLANKI CHANDRIKABEN,7383931051,364710,India Post Payments Bank Limited
+ SOLANKI GHANSHYAMBHAI,9725067059,364730,Airtel Payments Bank Limited
+ SOLANKI JAGDISHBHAI POPATBHAI,9737419595,364710,Fino Payments Bank Ltd.
+ SOLANKI JASAMATBHAI,9998597547,382245,Airtel Payments Bank Limited
+ SOLANKI JAYRAJSINH UDESANGBHAI,8511900041,364710,AXIS Bank Ltd.
+ SOLANKI MAHESHBHAI DAYABHAI,7486870750,365601,Airtel Payments Bank Limited
+ SOLANKI MERAMBHAI,9624053077,364750,Airtel Payments Bank Limited
+ SOLANKI TUSHAR NANDALALBHAI,7621060647,364710,AXIS Bank Ltd.
+ SOMANI NISHANTKUMAR JITUBHAI,9427949494,364750,Fino Payments Bank Ltd.
+ SUBHASHBHAI  GOLANI,9624927163,364730,Bank of Baroda
+ SUBHASHBHAI ODHABHAI KUKADIYA,9773083570,364710,India Post Payments Bank Limited
+ SURANI SIMRAN,8141741506,364720,India Post Payments Bank Limited
+ SURESHBHAI  CHAVDA,9624803251,364710,Bank of Baroda
+ SURESHBHAI V,9714681482,364720,India Post Payments Bank Limited
+ SUSARA VIJAY,9173503485,364710,Airtel Payments Bank Limited
+ TALAJIYA JAVEDHUSENBHAI,6355849250,364710,Airtel Payments Bank Limited
+ TALAJIYA JAVEDHUSENBHAI MAYUDINBHAI,9106952369,364710,Fino Payments Bank Ltd.
+ TALASANIYA SURESHBHAI,9265862365,363610,Airtel Payments Bank Limited
+ TARAKBHAI VALJIBHAI SHIHORA,7046396324,364710,Fino Payments Bank Ltd.
+ TAVIYA RAMANBHAI VALLABHBHAI,8347050074,364710,AXIS Bank Ltd.
+ TEJAS KAMLESHKUMAR VAISHNAV,9429383119,364730,India Post Payments Bank Limited
+ TIRTH RAMESHBHAI PATEL,9725620541,382450,India Post Payments Bank Limited
+ TUSHAL PARMAR,9824679883,382245,AXIS Bank Ltd.
+ TUSHAR,9428990810,364740,India Post Payments Bank Limited
+ UMANGBHAI CHANDRKANTBHAI JOSHI,8511134006,364720,Fino Payments Bank Ltd.
+ UTTAM KUMAR MAHILANGE,7778883885,364765,Airtel Payments Bank Limited
+ VADHEL NARSINHBHAI,8200545546,364730,Airtel Payments Bank Limited
+ VADIA ASLAM,9016366871,382245,Paytm Payments Bank Limited
+ VAGHELA KAJAL VASHRAMBHAI,7069201222,382255,India Post Payments Bank Limited
+ VAHID  MAHETAR,9016044901,364730,Bank of Baroda
+ VAHUKIYA SURESHBHAI,9558066486,382450,Airtel Payments Bank Limited
+ VALA JUVANSANG,9909444084,364720,India Post Payments Bank Limited
+ VALLABHBHAI KARSHANBHAI,8447544709,364760,India Post Payments Bank Limited
+ VALLABHBHAI VASHRAMBHAI,9725165099,364750,India Post Payments Bank Limited
+ VANALIYA PARASHOTAMBHAI,9173325758,364710,Airtel Payments Bank Limited
+ VANJADIYA KISHANBHAI,7486962191,382450,Airtel Payments Bank Limited
+ VANRAJKUMAR NANJIBHAI,9925117821,364710,India Post Payments Bank Limited
+ VANRAJSINH N,9726888979,364750,India Post Payments Bank Limited
+ VASANI BAVALBHAI,9099445601,382245,Paytm Payments Bank Limited
+ VASANI MANSUKHBHAI,7265948664,382245,Airtel Payments Bank Limited
+ VASANI MEHULBHAI BUDHABHAI,9662281449,382245,Airtel Payments Bank Limited
+ VASANTDAS G,9979963107,364765,India Post Payments Bank Limited
+ VATSAL PANKAJBHAI,8866588323,364710,India Post Payments Bank Limited
+ VEGAD SHAILESH NAGARBHAI,7600681850,364710,AXIS Bank Ltd.
+ VHORA  SHABBIRHUSEN,9974995152,364710,Airtel Payments Bank Limited
+ VIGESH MUKESHBHAI RAJPARA,9904280003,364730,Kotak Mahindra Bank Limited
+ VIJAYBHAI,8488883737,364765,India Post Payments Bank Limited
+ VIJAYBHAI VAJUBHAI AMBALIA,9737925725,364765,Fino Payments Bank Ltd.
+ VIJAYKUMAR JEJARIA,9825255930,382245,Bank of India
+ VIMAL  GOHEL,9033771945,364710,Bank of Baroda
+ VINODRAY,9925618580,364320,India Post Payments Bank Limited
+ VIPUL,8849742629,364740,India Post Payments Bank Limited
+ VIPUL KUMAR D,7567134809,364760,India Post Payments Bank Limited
+ VIPULBHAI  DABHRA,9724997606,363610,Bank of Baroda
+ VIPULBHAI KUKADIYA,8000024723,364710,Bank of India
+ VIPULSINH  PARMAR,7046770090,364730,Bank of Baroda
+ VIRGAMA SANJAYBHAI,9998095770,382250,Airtel Payments Bank Limited
+ VISHALBHAI  PARMAR,9714260264,364730,Bank of Baroda
+ VISHNURAM K,8511366145,364720,India Post Payments Bank Limited
+ VISHWASBHAI,8153861595,364720,India Post Payments Bank Limited
+ VITHTHALBHAI MOTIBHAI,9898303226,364750,India Post Payments Bank Limited
+ YASH,7984809903,364730,India Post Payments Bank Limited
+ YOGESH ARVINDBHAI VAGHASIYA,7490836936,364750,Airtel Payments Bank Limited
+ YOGESHKUMAR,9824651674,364710,India Post Payments Bank Limited
+ ZALA GHANSHYAMBHAI,7698673559,364710,Airtel Payments Bank Limited
+ ZALA HARESHBHAI RAJESHBHAI,9638888250,364710,India Post Payments Bank Limited
+ ZALA RAJUBHAI MEGHJIBHAI,6352663402,382255,Airtel Payments Bank Limited
+ ZALA SHAILENDRASINH,9825954221,382450,Airtel Payments Bank Limited
+ ZAMPADIYA BHUPATBHAI,8128102045,364750,Airtel Payments Bank Limited
+ ZANZRUKIYA RAGHAVBHAI,9429554448,364710,Airtel Payments Bank Limited
+ ZAPADIYA ARUNABEN JAYANTIBHAI,9737210498,364710,Airtel Payments Bank Limited
+ ZAPADIYA YASH VALJIBHAI,6355034108,364750,Fino Payments Bank Ltd.
+ ZEZARIYA GAMBHUBHAI,9714373580,382250,Airtel Payments Bank Limited
