bc_name,mobile_no,pincode,bank_name
+ ABBASBHAI RATHWA,8980557495,391165,India Post Payments Bank Limited
+ ABHINANDAN PARMAR,9913515220,391140,India Post Payments Bank Limited
+ ABULI ISHAKALI VAHORA,6352520089,391160,AU Small Finance Bank Limited
+ ADEHSINH BARIYA,9909871824,391125,India Post Payments Bank Limited
+ AJAYBHAI PRATAPBHAI RATHWA,6354941758,391170,Fino Payments Bank Ltd.
+ AJAYKUMAR  BHIL,9099046538,391115,Bank of Baroda
+ AKASH KAMLESHBHAI TAILOR,7567365106,396191,State Bank of India
+ AKBARALI  SHAIKH,9974820772,391165,Bank of Baroda
+ AKSHAYKUMAR  RATHWA,9537571863,391150,Bank of Baroda
+ ALSINGBHAI RATHWA,9687576056,391165,India Post Payments Bank Limited
+ AMARAT FULLSINH RATHWA,9714333854,391168,State Bank of India
+ AMBUBHAI RATHWA,9978798024,391165,India Post Payments Bank Limited
+ AMITKUMAR  JAISWAL,7285005939,391150,State Bank of India
+ AMITKUMAR PAREKH,9979162010,391140,India Post Payments Bank Limited
+ AMRUTBHAI RAVAL,9825651667,391761,India Post Payments Bank Limited
+ ANANTS INH,9913980340,391125,India Post Payments Bank Limited
+ ANANTSINH PARMAR,9913980346,391125,India Post Payments Bank Limited
+ ANIL KUMAR BARIA,9925231996,391160,India Post Payments Bank Limited
+ ANISHABEN  BHIL,9313569590,391175,Bank of Baroda
+ ANITA G RATHWA,8141844953,391160,India Post Payments Bank Limited
+ ANKIT RATHWA,6351860785,391135,India Post Payments Bank Limited
+ ANKITKUMAR SAMUDRE,9106393958,393145,Yes Bank Limited
+ ANKURKUMAR JAYESHBHAI RATHVA,7069507776,391170,Fino Payments Bank Ltd.
+ APURV PATEL,9712813348,391160,India Post Payments Bank Limited
+ ARJUNBHAI VARSANBHAI RATHWA,9537941634,391170,Fino Payments Bank Ltd.
+ ARPIT JAYASWAL,9409652342,391155,India Post Payments Bank Limited
+ ARUNABEN BARIA,8980959462,391150,India Post Payments Bank Limited
+ ARVINDBHAI RATHVA,9428129337,391165,State Bank of India
+ ASHISHBHAI  RATHAVA,9023956345,391165,State Bank of India
+ ASHOK SHANKAR RATHVA,7874448728,391165,State Bank of India
+ ASHOKBHAI DEETUBHAI RATHVA,9712222332,361170,State Bank of India
+ ASHVINBHAI  RATHWA,8238654781,391150,Bank of Baroda
+ ASHWIN KUMAR DARJI,9428430399,391145,India Post Payments Bank Limited
+ ASHWIN PATEL,9712857648,391135,India Post Payments Bank Limited
+ ASVINBHAI UDAYSANGBHAI RATHV,9978403963,391160,Bank of Baroda
+ AVANI R NADPARA,9586409857,391135,India Post Payments Bank Limited
+ AVTARSINH TAKHATSINH PARMAR,7046118001,391160,State Bank of India
+ BABUBHAI,7434938237,391125,India Post Payments Bank Limited
+ BACHALABHAI  RATHAVA,8141867471,391165,Bank of Baroda
+ BACHU R RATHWA,9726620960,391170,India Post Payments Bank Limited
+ BAKULBHAI KISHANBHAI KOLACHA,9978570874,391135,Fino Payments Bank Ltd.
+ BARIA  CHARANKUMAR,7284863354,391145,Fino Payments Bank Ltd.
+ BARIA  MANISHABEN,9023194902,391160,Fino Payments Bank Ltd.
+ BARIA AJAYKUMAR SARJANSINH,7069217680,391152,India Post Payments Bank Limited
+ BARIA BHANUPRATAPSINH,8347643736,391160,Fino Payments Bank Ltd.
+ BARIA CHANDANBHAI CHAMPAKBHAI,9773499260,391125,Fino Payments Bank Ltd.
+ BARIA JAYSHRIBEN RAKESHBHAI,7069661905,391160,Fino Payments Bank Ltd.
+ BARIA JIGNESH KUMAR,7359386438,391135,Yes Bank Limited
+ BARIA KAMLESHBHAI BHIKUBHAI,9913536180,391145,India Post Payments Bank Limited
+ BARIA MAHENDRAKUMAR AJITBHAI,9913122149,391130,Yes Bank Limited
+ BARIA MITULKUMAR,9586189324,391145,Yes Bank Limited
+ BARIA RAHULKUMAR,6356323570,391160,Fino Payments Bank Ltd.
+ BARIA RAJESHBHAI SHANKARBHAI,9099594769,389151,Yes Bank Limited
+ BARIA VARSHABEN VIJAYSINH,9427840234,391160,Fino Payments Bank Ltd.
+ BARIYA  MEHULKUMAR,9099279433,391125,Fino Payments Bank Ltd.
+ BARIYA  MUKESHKUMAR,9537372591,391160,Fino Payments Bank Ltd.
+ BARIYA  RAJESHKUMAR,9913490578,391135,Fino Payments Bank Ltd.
+ BARIYA  RAMESHBHAI,7567409138,391135,Fino Payments Bank Ltd.
+ BARIYA KALPESH  KUMAR,8320514840,391135,Bank of Baroda
+ BARIYA KARANKUMAR,9313340479,391168,India Post Payments Bank Limited
+ BARIYA KINJALKUMAR AMARSINH,7874552784,391160,Fino Payments Bank Ltd.
+ BARIYA KOLI INDUBEN,9925003913,391135,Fino Payments Bank Ltd.
+ BARIYAASHVINBHAI GOPALBHAI BARIYA,8401872525,391145,Fino Payments Bank Ltd.
+ BARIYADHAVALKUMAR RAGHABHAI BARIYA,9723767124,391761,Fino Payments Bank Ltd.
+ BARIYAKOLI  RAJENDRAKUMAR,7016803372,391135,Bank of Baroda
+ BARIYAVISHALKUMAR CHARANDAS BARIYA,8758824650,391155,Fino Payments Bank Ltd.
+ BHAGAT AMITKUMAR,9909451639,391140,Yes Bank Limited
+ BHAGU BHAI,7567008605,391170,India Post Payments Bank Limited
+ BHAGWANBHAI TADVI,8860181390,391145,India Post Payments Bank Limited
+ BHAIJIBHAI BARIA,9909099331,391145,India Post Payments Bank Limited
+ BHAILAL TADVI,8860087771,391125,India Post Payments Bank Limited
+ BHAIYA  HIRENKUMAR,9712074909,391160,Fino Payments Bank Ltd.
+ BHAVESH B VANKAR,8238158208,391168,India Post Payments Bank Limited
+ BHAVESH PATEL,9727799436,391125,India Post Payments Bank Limited
+ BHAVESHBHAI S RATHVA,9727665692,391152,Yes Bank Limited
+ BHAVESHKUMAR,7202007632,391135,India Post Payments Bank Limited
+ BHAVSAR  RASHMIKABEN,9427540711,391165,Fino Payments Bank Ltd.
+ BHIL  AVALSINGBHAI,9712501218,391170,Fino Payments Bank Ltd.
+ BHIL  JITENDRABHAI,7623962840,391150,Fino Payments Bank Ltd.
+ BHIL  KAMLESHBHAI,9327136034,391150,Bank of Baroda
+ BHIL  MANOJKUMAR,6353263506,391150,Bank of Baroda
+ BHIL  RAKESHBHAI,9979115277,391125,Fino Payments Bank Ltd.
+ BHIL  RAKESHBHAI,9638856601,391175,Bank of Baroda
+ BHIL NIRUBEN AJITBHAI,7573897072,391152,Fino Payments Bank Ltd.
+ BHIL PRIYANKABEN SAFRAJBHAI,9016956545,391150,Yes Bank Limited
+ BHIL RANJITBHAI GANPATBHAI,9316533269,391150,Yes Bank Limited
+ BHIL SATISHABHAI,7016311512,391150,Indian Overseas Bank
+ BHIL SAVITABEN SHAILESHBHAI,9875159086,391150,Fino Payments Bank Ltd.
+ BHIL TINIYABHAI,6354665218,391170,Yes Bank Limited
+ BHILDINESHBHAI BHANABHAI BHIL,9106506865,391150,Fino Payments Bank Ltd.
+ BHIMSINH SOLANKI,9879266732,391168,India Post Payments Bank Limited
+ BHOJVANIVISHALBHA SUNDARDAS BHOJVANI,7874730473,391135,Fino Payments Bank Ltd.
+ BHUDESHBHAI PARMAR,9898432479,391165,India Post Payments Bank Limited
+ BHUPENDRA  BARIYA,9737448079,391130,Bank of Baroda
+ BHUPENDRA MUKUNDLAL SHAH,9427846048,391160,Fino Payments Bank Ltd.
+ BHUPENDRA RATHVA,7600004296,391160,State Bank of India
+ BHUPENDRASINH JADAV,9904196992,391135,Bank of India
+ BHURSINGBHI  RATHVA,9979762236,391165,Bank of Baroda
+ BHURSINGH NAVALSINGHBHAI RATHAVA,9978158180,391160,Fino Payments Bank Ltd.
+ BIPIN S RATHWA,9978015752,391170,India Post Payments Bank Limited
+ BUDDHILAL C RATHVA,9537413409,391160,India Post Payments Bank Limited
+ BULSING BHAI RATHWA,9979192451,391160,India Post Payments Bank Limited
+ CHANDUBHAI RATHVA,6355863441,391168,India Post Payments Bank Limited
+ CHARANKUMAR,6352545123,391135,Union Bank of India
+ CHATURBHAI KOLI,9979347429,391135,India Post Payments Bank Limited
+ CHAUHAN HARENDRASINH KIRANSINH,7567630839,391152,Fino Payments Bank Ltd.
+ CHAUHAN JAYRAJSINH RATANSINH,9033220363,391150,Fino Payments Bank Ltd.
+ CHAVADARAKESHBHAI AMBALAL CHAVADA,9510591870,391135,Fino Payments Bank Ltd.
+ CHHAGAN BHAI TADVI,9913786622,391140,India Post Payments Bank Limited
+ CHIMAN BHAI RATHWA,9913909211,391156,India Post Payments Bank Limited
+ CHINTAN V VAJA,8866434591,391135,India Post Payments Bank Limited
+ CHIRAG G PANCHAL,8866677414,391165,India Post Payments Bank Limited
+ CHIRAG PATEL,9724816567,391135,India Post Payments Bank Limited
+ CHIRAGKUMAR ZALA,9328100370,391150,IndusInd Bank Limited
+ CHIRAHGKUMAR BUJ,9429094391,391125,India Post Payments Bank Limited
+ D  S BARIA,6353942264,391160,India Post Payments Bank Limited
+ D C RATHVA,9909394578,391135,India Post Payments Bank Limited
+ D K RATHWA,8860078219,391135,India Post Payments Bank Limited
+ DAHYABHAI VANKAR,9712001507,391125,India Post Payments Bank Limited
+ DAL RIZWANBHAI FARUKBHAI,9426545148,391165,Fino Payments Bank Ltd.
+ DALSING K RATHWA,8980076318,391175,India Post Payments Bank Limited
+ DALSUKHBHAI,6359885165,391150,India Post Payments Bank Limited
+ DAMODAR R TADVI,7984642164,391170,India Post Payments Bank Limited
+ DAMOR KAMLESHKUMAR KALSINH,6351851812,389170,Yes Bank Limited
+ DAMOR RANJITSINH APSINH,9712178268,389151,Yes Bank Limited
+ DAMOR SHAILESHKUMAR,9727772038,389230,Yes Bank Limited
+ DAMSINGBHAI,9879394868,391170,India Post Payments Bank Limited
+ DANGI SHAHILBHAI MUKESHBHAI,9909263259,389180,Yes Bank Limited
+ DARSING RATHWA,9638306713,391168,India Post Payments Bank Limited
+ DAS BHAI BHIL,9726058719,391150,India Post Payments Bank Limited
+ DAXABEN  RATHVA,7567760068,391165,Bank of Baroda
+ DEVENDRAKUMAR  RATHWA,8980771971,391160,Bank of Baroda
+ DEVSINGH RATHWA,9714273250,391168,India Post Payments Bank Limited
+ DHAIRYA VIJAYBHAI GOKANI,6354870800,391152,India Post Payments Bank Limited
+ DHANANJAY PATEL,9727883934,391140,India Post Payments Bank Limited
+ DHARABEN BHOGILAL SHARMA,9428194183,391165,India Post Payments Bank Limited
+ DHARMENDRABHAI  RATHVA,7861051421,391115,Bank of Baroda
+ DHARMESH PATEL,8401949146,391140,India Post Payments Bank Limited
+ DHARMESHBHAI  VANKAR,9879298228,391170,Bank of Baroda
+ DHAVALBHAI JETHABHAI,9574679097,391125,India Post Payments Bank Limited
+ DIGVIJAYSING CHAVDA,9979366050,391165,India Post Payments Bank Limited
+ DILHARKUMAR PARVATBHAI BARIA,9687434317,389382,Yes Bank Limited
+ DINBANDHU D,8469111565,391130,India Post Payments Bank Limited
+ DINESHBHAI CHHAGANBHAI RATHWA,8238748247,391165,Fino Payments Bank Ltd.
+ DINESHBHAI RATHVA,9870072193,391160,State Bank of India
+ DINESHBHAI RATHWA,9265195849,391165,State Bank of India
+ DINESHKUMAR  CHAUHAN,9909561597,391160,Bank of Baroda
+ DIPAK L MAHIDA,9574510667,391165,India Post Payments Bank Limited
+ DIPAKKUMAR VIRENDRASINH CHAUHAN,9427033332,391156,State Bank of India
+ DIPESH KANOJIYA,9726489185,391135,India Post Payments Bank Limited
+ DIPUL KUMAR TIWARI,9428430682,391152,Bank of Baroda
+ DIVYA R PATEL,7283815423,391168,India Post Payments Bank Limited
+ DIWANJAVED SHAH MOSHAH,7698220818,391150,Bank of Baroda
+ DU.BHIL RAJILABHAI,9265047822,391150,Yes Bank Limited
+ DUBHIL  DADUBHAI,6353681950,391150,Fino Payments Bank Ltd.
+ DUBHIL  DALSINGBHAI,9979691825,391150,Fino Payments Bank Ltd.
+ DUBHIL  SUNDARBHAI,8849154644,391152,Bank of Baroda
+ DUBHIL KANCHANBHAI DAMABHAI,6355078574,391150,Yes Bank Limited
+ DUBHIL KHUMANBHAI,9316622948,391150,Indian Overseas Bank
+ DUBHIL VIKESHBHAI,9327425648,391150,Yes Bank Limited
+ DUBHIL VIKRAMBHAI GANGADIYABHAI,7984211669,391150,Fino Payments Bank Ltd.
+ DUNGARABHIL RINESHBHAI ARSIBHAI,9428014320,391150,Fino Payments Bank Ltd.
+ DUNGRABHIL AJITBHAI KANJIBHAI,9023588359,391150,Yes Bank Limited
+ DUSHYANTSINH MAHIPALSINH ZALA,8200393812,391168,India Post Payments Bank Limited
+ FAISAL  KHALPA,9879987673,391165,Bank of Baroda
+ FARHINBANU BELIM,9924699111,391125,India Post Payments Bank Limited
+ FATEHSINH BHAI,9638472410,391120,India Post Payments Bank Limited
+ FUDIYA S RATHWA,8141021448,391170,India Post Payments Bank Limited
+ FULIYABHAI VITTHALBHAI RATHVA,7069977796,391165,Fino Payments Bank Ltd.
+ FULJIBHAI KHAPRIYABHAI RATHVA,9429136300,391165,Fino Payments Bank Ltd.
+ FULSINH RATHWA,9638767283,391168,India Post Payments Bank Limited
+ GAMLABHAI KEVLABHAI RATHWA,9099722810,391170,Fino Payments Bank Ltd.
+ GANIYA J BHIL,7096163782,391170,India Post Payments Bank Limited
+ GARASIYA PRABHUBHAI JIVABHAI,8141128543,389172,Yes Bank Limited
+ GEMABHAI RATHWA,7874294509,391165,India Post Payments Bank Limited
+ GEMSINH JAYSINGHBHAI RATHVA,9725944975,391135,Bank of Baroda
+ GHANSHYAM VANKAR,9099184055,391152,India Post Payments Bank Limited
+ GIMA B RATHWA,9978050438,391168,India Post Payments Bank Limited
+ GOHIL MOHSIN IKBAL  GOHIL,9712252815,391145,Bank of Baroda
+ GOPALBHAI V BARIA,9099249317,391145,India Post Payments Bank Limited
+ GORDHAN BHAI BARYA,8980437394,391125,India Post Payments Bank Limited
+ GORDHAN BHAI RATHWA,9824911295,391168,India Post Payments Bank Limited
+ GORDHANBHAI RATHWA,9879184491,391160,State Bank of India
+ GOVIND BHAI RATHWA,8178038359,391156,India Post Payments Bank Limited
+ GUNJANKUMAR AMRUTBHAI CHAUDHARY,8200856263,383430,Yes Bank Limited
+ GUNVANTBHAI KOLI,7827023890,391140,India Post Payments Bank Limited
+ H J CHAUHAN,9638389038,384210,India Post Payments Bank Limited
+ HANSRAJ M TADVI,6351488293,391125,India Post Payments Bank Limited
+ HARDIK M PRAJAPATI,9737542021,391170,India Post Payments Bank Limited
+ HARDIKKUMAR PREMANAND VASAVA,9016592590,391150,IndusInd Bank Limited
+ HARESHBHAI,9925397539,391168,AXIS Bank Ltd.
+ HARESHBHAI HIRLABHAI RATHVA,7265893597,391165,Union Bank of India
+ HARESHBHAI RANCHHODBHAI RATHWA,9537057637,391168,State Bank of India
+ HARESHBHAI RATHAVA,9925082723,391160,State Bank of India
+ HARIPRAKASHBHAI HARIPRAKASHBHAI  RATHVARATHVA,7623093840,391152,AXIS Bank Ltd.
+ HARSHADBHAI  VANKAR,9909872179,391141,Bank of Baroda
+ HARSHAL KUMARPATEL,9737306265,391145,India Post Payments Bank Limited
+ HASMUKHBHAI,9726734647,391145,India Post Payments Bank Limited
+ HEMANTKUMAR RATHVA,9712571754,391152,Fino Payments Bank Ltd.
+ HET JAYESHKUMAR PATEL,8860145704,391170,India Post Payments Bank Limited
+ HIREN P PATELIA,9586912325,391160,India Post Payments Bank Limited
+ HITESHBHAI  BARIYA,9898820073,391135,Bank of Baroda
+ HITESHBHAI BARIA,9714562459,391160,India Post Payments Bank Limited
+ HITESHKUMAR,8141536806,391135,India Post Payments Bank Limited
+ HITESHKUMAR  BARIYA,9574212459,391152,Bank of Baroda
+ IDRISHBHAI KHANSHABBHAI MALEK,8128036064,391150,IndusInd Bank Limited
+ ILABEN DAHYABHAI PARMAR,6354578586,391130,State Bank of India
+ ILPESHBHAI M.,9879480226,391135,Union Bank of India
+ INDRASINH FATABHAI PANADA,7292090538,389110,India Post Payments Bank Limited
+ IRSHAD AHMED AJMERI,8140179786,391125,India Post Payments Bank Limited
+ ISHVARBHAI PARMAR,7434017464,391152,India Post Payments Bank Limited
+ ISHWARBHAI,8141389296,380026,India Post Payments Bank Limited
+ ISHWER SING PARMAR,8155045169,391145,India Post Payments Bank Limited
+ ISHWERBHAI B RATHWA,9979344246,391155,India Post Payments Bank Limited
+ JAGABHAI SOLANKI,9313863509,391135,India Post Payments Bank Limited
+ JAGDISHBHAI K RATHVA,7621843966,391168,State Bank of India
+ JAGRUTIBEN PATEL,9723044042,391140,India Post Payments Bank Limited
+ JANDU S RATHWA,9726859870,391170,India Post Payments Bank Limited
+ JASHUMATIBEN VANKAR,7698434874,391150,Indian Overseas Bank
+ JASIM  MANSURI,7863859728,391150,Fino Payments Bank Ltd.
+ JATINKUMAR  PANCHOLI,7874579780,391155,Bank of Baroda
+ JAYABEN MAHESH BHAI BHIL,7984894487,391150,Central Bank of India
+ JAYABEN PARMAR,9712234339,391168,India Post Payments Bank Limited
+ JAYANTIBHAI TARBADA,9909633483,391145,India Post Payments Bank Limited
+ JAYATIBHAI BARIYA,8758435717,391150,India Post Payments Bank Limited
+ JAYDEEP  TRIVEDI,9825647220,391155,Bank of Baroda
+ JAYDEEPBHAI MANSINHBHAI RATHOD,9714059125,391168,State Bank of India
+ JAYESH  BHAI,9427788006,391170,Fino Payments Bank Ltd.
+ JAYESH KUMAR RATHWA,8980765857,391168,India Post Payments Bank Limited
+ JAYESHBHAI  RATHWA,9879657154,391175,Bank of Baroda
+ JAYESHBHAI ALSINGBHAI RATHVA,8141022296,391165,State Bank of India
+ JAYESHBHAI RATHVA,9638234194,391160,State Bank of India
+ JAYESHKUMAR  RATHWA,9825307733,391175,State Bank of India
+ JAYESHKUMAR PARMAR,9727556853,391150,India Post Payments Bank Limited
+ JAYSWAL AMUL KUMAR,9978510426,391125,Fino Payments Bank Ltd.
+ JAYVIRSINH B RAHEVAR,9099104987,391165,India Post Payments Bank Limited
+ JESING T BARIA,9913180513,391135,India Post Payments Bank Limited
+ JESINGBHAI BHIL,9913046179,391150,India Post Payments Bank Limited
+ JIGARKUMAR PRAJAPATI,7567802067,391145,India Post Payments Bank Limited
+ JIGNASHA RATHWA,9879992454,391152,India Post Payments Bank Limited
+ JIGNESHBHAI  RATHVA,7433890305,391165,Bank of Baroda
+ JIGNESHBHAI RATHAVA,9023586097,391150,India Post Payments Bank Limited
+ JINAL JOSHI,8980312097,391152,India Post Payments Bank Limited
+ JIPSALBEN PATEL,9638639188,370627,India Post Payments Bank Limited
+ JITENDRA SINH,9016628369,391170,India Post Payments Bank Limited
+ JIVANBHAI BARIA,9723638596,391135,India Post Payments Bank Limited
+ JIVANBHAI NARSINHBHAI RATHVA,8980258360,391170,Fino Payments Bank Ltd.
+ JIVANBHAI SURSINGBHAI RATHVA,7567187086,391170,Fino Payments Bank Ltd.
+ JOSHI PARUL BHANUPRASAD,9726483391,391160,Fino Payments Bank Ltd.
+ JUJARA SALMAN SAIDBHAI,9408707186,391165,Fino Payments Bank Ltd.
+ JYOTSANA BEN BARIYA,9712287107,391130,India Post Payments Bank Limited
+ K A RATHWA,7827023985,391135,India Post Payments Bank Limited
+ KADRI ASMA MOHAMMAD,9426328789,391665,Union Bank of India
+ KAILASHBEN  TADVI,8780098951,391125,Bank of Baroda
+ KALIDAS VANKAR,9913046410,391240,India Post Payments Bank Limited
+ KALUBHAI RATHWA,9724147480,391165,India Post Payments Bank Limited
+ KAMLESHBHAI  BARIYA,6354169145,391145,Bank of Baroda
+ KANAKSINH RATHOD,9537641348,391150,India Post Payments Bank Limited
+ KANHAIYALAL,9737088080,391150,India Post Payments Bank Limited
+ KANJIBHAI RATHWA,9638395645,391170,India Post Payments Bank Limited
+ KANTIBHAI RATHVA,9638923049,391165,India Post Payments Bank Limited
+ KANUBHAI I RATHWA,9824425827,391135,State Bank of India
+ KANVBHAI RATHVA,8383973357,391160,India Post Payments Bank Limited
+ KARNASINHABHAI BHIMABHAI RATHVA,9913143556,391160,Fino Payments Bank Ltd.
+ KARSHANBHAI RATHVA,6359885117,391170,India Post Payments Bank Limited
+ KATARA NARENDRASINH,9687475864,389170,Yes Bank Limited
+ KAUSHIK  TADVI,8849303526,391125,Bank of Baroda
+ KETANKUMAR PARMAR,7698463078,391170,India Post Payments Bank Limited
+ KHALPA KAUSAR FAISAL,9824408786,391165,Fino Payments Bank Ltd.
+ KHATRI  AZARUDDIN,9265811344,391135,Fino Payments Bank Ltd.
+ KHATRI  SOHILBHAI,9228382317,391135,Fino Payments Bank Ltd.
+ KHATRI MAHMMADASIF,8487077937,391135,Airtel Payments Bank Limited
+ KHULSINGBHAI PATALIYABHAI RATHVA,9909436048,391165,State Bank of India
+ KHUSHBUKUMARI SOLANKI,7874486906,391150,India Post Payments Bank Limited
+ KIRAN SINH GOHIL,9913016502,391130,India Post Payments Bank Limited
+ KIRITSINH,9099808201,391160,India Post Payments Bank Limited
+ KOLACHA NIKHIL BHAI  PARSOTTAM BHAI,8141578080,391135,Bank of Baroda
+ KOLI JAYDEEP BHAI,9638064588,391140,Bank of Baroda
+ KOLI SUNILKUMAR MONGHAJIBHAI,9727663844,391155,Yes Bank Limited
+ LALABHAI  BARIYA,7574053290,391125,Bank of Baroda
+ LALABHAI DODHIYAR,9099226643,364295,India Post Payments Bank Limited
+ LALIT RAMA RATHVA,9726864611,391168,State Bank of India
+ LALITA BEN RATHWA,9512708473,391150,India Post Payments Bank Limited
+ LALJIBHAI BHIL,9484468107,391150,India Post Payments Bank Limited
+ LALSING RATHWA,9586449692,391168,India Post Payments Bank Limited
+ MACHHI NATVARBHAI RAYJIBHAI,7698356767,389230,Yes Bank Limited
+ MADHUBHAI RATHWA,9510003467,391160,India Post Payments Bank Limited
+ MADHUSINH RATHWA,9638806341,391135,India Post Payments Bank Limited
+ MAHENDRABHAI BHAVANBHAI PATELIYA,8469202481,391150,IndusInd Bank Limited
+ MAHENDRAKUMAR RANJITBHAI RATHVA,7567922643,391170,Fino Payments Bank Ltd.
+ MAHENDRASINH,7016908522,391160,India Post Payments Bank Limited
+ MAHESH J TADVI,8469645064,391140,India Post Payments Bank Limited
+ MAHESH RATHVA,9106081512,391150,India Post Payments Bank Limited
+ MAHESHBHAI  KOLI,9737943127,391135,Bank of Baroda
+ MAHESHBHAI  RATHAVA,7874027223,391160,Bank of Baroda
+ MAHESHBHAI KHUMANBHAI RATHVA,9537371975,391170,Fino Payments Bank Ltd.
+ MAHESHBHAIMANIYABHAI  RATHVA,9586282719,391165,Bank of Baroda
+ MAHESHKUMAR BHAGABHAI RATHVA,9537759380,391165,Fino Payments Bank Ltd.
+ MAHESHKUMAR MACHI,8320333841,391150,IndusInd Bank Limited
+ MAHIMABEN  GOYAL,9824475809,391135,Bank of Baroda
+ MAHIPAL SINH CHAUHAN,9904080823,391152,India Post Payments Bank Limited
+ MAHMMADHUSEN RATHOD,7698023463,391125,State Bank of India
+ MAKRANI VAJIDKHAN RASHIDKHAN,9753661101,391165,Fino Payments Bank Ltd.
+ MAL VIKRAMBHAI RAMANBHAI,9687552162,389151,Yes Bank Limited
+ MALEK  AZARUDDIN,8140170786,391165,Bank of Baroda
+ MALEK AZARUDDIN,8905582555,391165,Yes Bank Limited
+ MALEK MAHAMADKAMIL,8000530600,391761,India Post Payments Bank Limited
+ MALEK SAJIDHUSEN,9313997182,391150,Yes Bank Limited
+ MALEK TAUKIRHUSEN,6352137911,391150,Indian Overseas Bank
+ MAMTA GOHIL,6355026928,391152,India Post Payments Bank Limited
+ MANILAL PARMAR,9913996076,391135,India Post Payments Bank Limited
+ MANJULABEN NAVINBHAI RATHAVA,8141710829,391165,Fino Payments Bank Ltd.
+ MANSINGBHAI RAMABHAI MACHHAR,9978176232,389172,India Post Payments Bank Limited
+ MANSINGH BHAI,8980706694,391170,India Post Payments Bank Limited
+ MANU K RATHWA,9427341723,391170,India Post Payments Bank Limited
+ MANU RATHVA,9714539698,391135,State Bank of India
+ MATHURBHAI RATHWA,8989650766,391165,India Post Payments Bank Limited
+ MATHURBHAI RATHWA,9879220472,391170,India Post Payments Bank Limited
+ MAYUDINBHAI  SANDHI,7226969794,391125,Bank of Baroda
+ MEHULKUMAR  BHIL,9081622539,391150,Bank of Baroda
+ MINAZ SHEIKH,9913911200,391150,India Post Payments Bank Limited
+ MIRZA FEZALMAHAMMAD MAHMMADHANIF,9081953625,391155,Yes Bank Limited
+ MIRZA SADDAMHUSEN,9725335278,391155,Airtel Payments Bank Limited
+ MITESHBHAI RATHWA,7827023906,391152,India Post Payments Bank Limited
+ MITHILESH TAILOR,9722418473,391125,State Bank of India
+ MOHAMMED HANIF SHAIKH,9427404764,391160,India Post Payments Bank Limited
+ MONIKA G RATHOD,8469925756,391165,India Post Payments Bank Limited
+ MR. BHAVESHBHAI  RATHVA,7621886601,391170,Central Bank of India
+ MUDSAR  MAKARANI,7698336096,391165,Bank of Baroda
+ MUKESH BHAI PATEL,9979192260,391135,India Post Payments Bank Limited
+ MUKESH PARMAR,8866297651,391160,India Post Payments Bank Limited
+ MUKESHBHAI CHIMANBHAI RATHVA,9712456258,391160,State Bank of India
+ MUKESHBHAI GOTABHAI RATHVA,7874994504,391175,Bank of Baroda
+ N D BARIA,9913457360,391135,India Post Payments Bank Limited
+ NACHIKET DESHPANDE,9924688878,391125,India Post Payments Bank Limited
+ NAITIK VALAND,7359287268,391125,India Post Payments Bank Limited
+ NAKUM JAHAGIR S,8141473682,391165,India Post Payments Bank Limited
+ NANDINIBEN SONI,9106731389,391140,India Post Payments Bank Limited
+ NANDULAL,9327057629,391150,India Post Payments Bank Limited
+ NARESHBHAI G RATHAVA,9727851923,391165,State Bank of India
+ NARESHBHAI RUPSINGBHAI RATHVA,9638545538,391160,State Bank of India
+ NARMABEN,6355550856,391170,Union Bank of India
+ NAROTTAM RATHVA,9574858136,391170,India Post Payments Bank Limited
+ NARPATBHAI RATHWA,9727326611,391160,State Bank of India
+ NARPATGIR GOSAI,9737086090,391145,India Post Payments Bank Limited
+ NARSINGBHAI BHIL,9979206974,391150,India Post Payments Bank Limited
+ NARSINGBHAI NAYKABHAI RATHVA,9979324315,391165,Fino Payments Bank Ltd.
+ NARSINGHBHAI VANJIBHAI BHILL,9909890809,391170,Fino Payments Bank Ltd.
+ NATVARSINH K THAKUR,9979558882,391140,India Post Payments Bank Limited
+ NAVALSINH FATESINH RATHVA,9998257174,391135,Fino Payments Bank Ltd.
+ NAVINBHAI ISHWARBHAI,9909837833,391165,Union Bank of India
+ NAYKA  KALPESHKUMAR,9978226662,391160,Fino Payments Bank Ltd.
+ NAYKA  NARAYAN,9638671490,391160,Fino Payments Bank Ltd.
+ NAYKA BHANABHAI KANJIBHAI,9510881762,391165,Fino Payments Bank Ltd.
+ NAYKA KIRAN,8141509405,391160,State Bank of India
+ NAYKA SANJAYKUMAR RAGHABHAI,8160808519,391160,Yes Bank Limited
+ NEHALE  RAHULBHAI,7990323386,391125,Bank of Baroda
+ NEVLA BHAI RATHWA,9016096890,391168,India Post Payments Bank Limited
+ NIDHI PATEL,8758432213,391156,India Post Payments Bank Limited
+ NIKUNJBHAI KOLI,9726929597,391130,India Post Payments Bank Limited
+ NILAM,8238868386,391135,India Post Payments Bank Limited
+ NILESH BHAI PATEL,9726636355,391145,India Post Payments Bank Limited
+ NILESH KUMAR PARMAR,7624044100,391165,India Post Payments Bank Limited
+ NILESH SOLANKI,9099722344,391145,India Post Payments Bank Limited
+ NILESHBHAI  BHIL,8238149162,391150,Bank of Baroda
+ NILESHBHAI MANUBHAI THAKKAR,9574015257,391135,Yes Bank Limited
+ NINAMA RAHULKUMAR,9313029228,389190,Yes Bank Limited
+ NISARG D PATEL,9904135265,391761,India Post Payments Bank Limited
+ NISHA PRAJAPATI,9724197900,391160,India Post Payments Bank Limited
+ NISHIT D PATEL,9904977829,391156,India Post Payments Bank Limited
+ OMKAR D JOSHI,9624634588,391135,India Post Payments Bank Limited
+ P J PARMAR,7567530761,391135,India Post Payments Bank Limited
+ PANCHAL HIRENKUMAR KANAIYALAL,9427849845,391160,Fino Payments Bank Ltd.
+ PANCHAL YOGESHKUMAR,7827023932,391130,India Post Payments Bank Limited
+ PANDYA DHRUVIBEN,9909636982,391135,India Post Payments Bank Limited
+ PANKAJKUMAR ROHIT,9737090902,391150,State Bank of India
+ PARABHAVATI BEN BHAGAT,9909083795,391140,India Post Payments Bank Limited
+ PARAMAR  RITESHAKUMAR,8347367512,391135,Fino Payments Bank Ltd.
+ PARAWALA HUSEN,8306186082,391170,Yes Bank Limited
+ PARESHBHAI NARTAMBHAI RATHVA,9726531195,391170,Airtel Payments Bank Limited
+ PARIKH VRAJKUMAR JAYENDRAKUMAR,8200311280,391155,Yes Bank Limited
+ PARIMAL S PATEL,6353953039,391135,India Post Payments Bank Limited
+ PARMAR DIPAKKUMAR KISHORSINH,9512657435,389001,Yes Bank Limited
+ PARMAR MAKANSINH,7862974811,391135,Airtel Payments Bank Limited
+ PARSANBHAI,9979332650,391170,AXIS Bank Ltd.
+ PARSHOTTAM BHAI RATHWA,9978011541,391168,India Post Payments Bank Limited
+ PARSHOTTAM J TARABDA,9925638087,391130,India Post Payments Bank Limited
+ PARSING RATHWA,9712779370,391165,India Post Payments Bank Limited
+ PARUL RATHWA,7434884067,391160,India Post Payments Bank Limited
+ PARVATSINH RAJPUT,9727849395,391156,India Post Payments Bank Limited
+ PATEL  DIVYESHKUMAR,9879726510,391160,Fino Payments Bank Ltd.
+ PATEL HEENA,9904446722,389390,State Bank of India
+ PATEL JALAKBEN,7436041873,391150,India Post Payments Bank Limited
+ PATEL JITENDRAKUMAR HARIDAS,9727035634,391160,Fino Payments Bank Ltd.
+ PATEL KHURSHIDBHAI,9173417486,391165,HDFC Bank Ltd.
+ PATEL MARTINKUMAR DILIPBHAI,7878681848,391150,HDFC Bank Ltd.
+ PATEL USHABEN JITENDRAKUMAR,9879271398,391160,Fino Payments Bank Ltd.
+ PATELIYA DINESHKUMAR,9316221803,389230,Yes Bank Limited
+ PATELIYA KIRITBHAI HIMMATSINH,6352377341,389341,Yes Bank Limited
+ PATHAN JAFARKHAN,7874060596,391135,AXIS Bank Ltd.
+ PATHAN MAHAMAD NAEEM MAHAMADSAID,9558804022,391165,Fino Payments Bank Ltd.
+ PATHAN MAHAMMADASLAM ISMAIL,9924800771,391165,Yes Bank Limited
+ PATHAN MAHAMMADASLAM ISMAIL,9484819492,391165,Fino Payments Bank Ltd.
+ PATHAN SHAHRUKHKHAN,9723166678,391165,Airtel Payments Bank Limited
+ PETLADWALA HUSEN YUSUFBHAI,9537880001,391165,Fino Payments Bank Ltd.
+ PIRANI  ALNUR,7698343736,391135,Bank of Baroda
+ PIYUSH CHHAGANBHAI PATEL,9879728628,391120,Fino Payments Bank Ltd.
+ PIYUSHBHAI BHIL,9714665514,391150,Yes Bank Limited
+ POPATBHAI RATHWA,9687764194,391160,India Post Payments Bank Limited
+ PRAFUL RATHVA,7567360140,391160,State Bank of India
+ PRAFULBHAI RATHWA,6355141684,391170,India Post Payments Bank Limited
+ PRAFULLABEN,9925237187,391160,India Post Payments Bank Limited
+ PRAHARSH PATWA,8000777306,391165,India Post Payments Bank Limited
+ PRAKASH RATHVA,7874627904,391160,State Bank of India
+ PRAKASHBHAI  RATHVA,9313424616,391165,Bank of Baroda
+ PRATAPBHAI BHIL,8860187943,391150,India Post Payments Bank Limited
+ PRAVIN,9879224678,391165,India Post Payments Bank Limited
+ PRAVIN G VANKAR,9879936084,391145,India Post Payments Bank Limited
+ PRAVIN J VANKAR,9979506626,391150,India Post Payments Bank Limited
+ PRAVINBHAI SUTARIYA,7874060587,391165,India Post Payments Bank Limited
+ PREMILABEN  RATHAVA,9726897581,391160,Bank of Baroda
+ PRIYANKA PARMAR,7573904605,391150,India Post Payments Bank Limited
+ PRVINABEN  CHAUHAN,7874581116,391150,State Bank of India
+ PYARESAHEB GORI,9909119357,391120,India Post Payments Bank Limited
+ R M BARIA,9638188569,389160,India Post Payments Bank Limited
+ RAFIKSHA,9909119372,391152,India Post Payments Bank Limited
+ RAGANBHAI RATHVA,9429429886,391168,India Post Payments Bank Limited
+ RAHUL D BARIA,9638201912,391160,India Post Payments Bank Limited
+ RAHULBHAI  BHIL,9316791541,391150,Bank of Baroda
+ RAHULBHAI RAMANBHAI  TADVI,8238525289,391145,Bank of Baroda
+ RAHULKUMAR  RATHAVA,9408719615,391165,Bank of Baroda
+ RAHULKUMAR ZALA-94690,6359141961,391150,IndusInd Bank Limited
+ RAISING BHAI RATHVA,9687451929,391150,India Post Payments Bank Limited
+ RAISINGH  DUABHIL,9978543530,391152,Bank of Baroda
+ RAJANKUMAR RUMALBHAI NINAMA,8238206227,389151,Yes Bank Limited
+ RAJENDRA KUMAR SOLANKI,9913215181,391140,India Post Payments Bank Limited
+ RAJESH  CHANGANBHAI,8141530681,391135,Union Bank of India
+ RAJESH B PRAJAPATI,9737672324,391156,India Post Payments Bank Limited
+ RAJESHBHAI  CHATURBHAI RATHVA,6355073909,391170,Bank of Baroda
+ RAJESHBHAI RAMANLAL CHAUHAN,9426560033,391165,Fino Payments Bank Ltd.
+ RAJESHBHAI TADVI,9537631647,391140,India Post Payments Bank Limited
+ RAJPUT AMITA BEN,8469773383,391140,Bank of Baroda
+ RAJUBHAI KARSHANBHAI RATHVA,9979012626,391170,Fino Payments Bank Ltd.
+ RAJUBHAI NAVALSINH BARIYA,9909550614,391135,Fino Payments Bank Ltd.
+ RAJUBHAI RANA,9724718709,391160,India Post Payments Bank Limited
+ RAJUBHAI RATHVA,9427354655,391168,India Post Payments Bank Limited
+ RAJUBHAI SURABHSING RATHWA,9328937771,391175,Fino Payments Bank Ltd.
+ RAKESHBHAI  RATHVA,9925418523,391170,HDFC Bank Ltd.
+ RAKESHKUMAR D BARIYA,9586446019,391160,HDFC Bank Ltd.
+ RAMANBHAI,6352993267,391140,India Post Payments Bank Limited
+ RAMANBHAI BHIL,7069184607,391152,India Post Payments Bank Limited
+ RAMESH BHAI DODIYA,9601327307,391340,India Post Payments Bank Limited
+ RAMESH L RATHWA,9978009380,391170,India Post Payments Bank Limited
+ RAMESHBHAI,9979471921,391170,India Post Payments Bank Limited
+ RAMESHBHAI,9638623785,391152,India Post Payments Bank Limited
+ RAMESHBHAI BARIYA,7567532344,391160,India Post Payments Bank Limited
+ RAMESHBHAI HARSINGBHAI RATHVA,9825616721,391165,AXIS Bank Ltd.
+ RAMESHBHAI RATHWA,9099856020,391150,India Post Payments Bank Limited
+ RAMESHBHAI RATHWA,9909558171,391160,India Post Payments Bank Limited
+ RAMILABEN RATHWA,9328454718,391165,India Post Payments Bank Limited
+ RANA REEMA M,9429926361,391160,India Post Payments Bank Limited
+ RANA SAHEBAZ YUNUSBHAI,9033983715,391165,Fino Payments Bank Ltd.
+ RANCHODBHAI PATEL,9714655090,391761,India Post Payments Bank Limited
+ RANGER RIZWAN,9737800501,391135,India Post Payments Bank Limited
+ RANGITABEN  BHIL,9726391733,391175,Bank of Baroda
+ RANJITBHI BARIA,9586019640,391145,India Post Payments Bank Limited
+ RANJUBEN RAJESHBHAI  RATHVA,6353836164,391170,Bank of Baroda
+ RASHIK N RATHWA,9624292580,391168,India Post Payments Bank Limited
+ RATANBEN VANKAR,9978824128,391165,India Post Payments Bank Limited
+ RATANBEN VANKAR,6359885161,391165,India Post Payments Bank Limited
+ RATANSINH AMBALAL DUBHIL,7046189928,391150,Fino Payments Bank Ltd.
+ RATHAVA  DILIPKUMAR,9904212367,391160,Fino Payments Bank Ltd.
+ RATHAVA  FATESINGBHAI,8141512607,391160,Fino Payments Bank Ltd.
+ RATHAVA  HASMUKH,7043283140,391160,Fino Payments Bank Ltd.
+ RATHAVA  KAVITABEN,8347880070,391160,Fino Payments Bank Ltd.
+ RATHAVA  PARESHKUMAR,9913136076,391160,Fino Payments Bank Ltd.
+ RATHAVA  SANJAYKUMAR,9328038819,391160,Fino Payments Bank Ltd.
+ RATHAVA  SHAILESHBHAI,6355260228,391160,Fino Payments Bank Ltd.
+ RATHAVA  SURESHBHAI,7567217811,391168,Fino Payments Bank Ltd.
+ RATHAVA  VASUDEVBHAI,9327399980,391170,Fino Payments Bank Ltd.
+ RATHAVA ALPESHKUMAR AMARSINGBHAI,9978195775,391160,Fino Payments Bank Ltd.
+ RATHAVA ARJUNBHAI,8238208728,391135,RBL Bank Ltd
+ RATHAVA AVINASHKUMAR KHIMALABHAI,7574097282,391160,Fino Payments Bank Ltd.
+ RATHAVA BHOGILALBHAI BHIMABHAI,7201856925,391160,Fino Payments Bank Ltd.
+ RATHAVA GULABBHAI VALJIBHAI,9978886297,391165,State Bank of India
+ RATHAVA JUVANSING GEMALABHAI,9023166958,391165,Central Bank of India
+ RATHAVA MAHESHBHAI,9574201216,391165,Fino Payments Bank Ltd.
+ RATHAVA MAHESHBHAI THAVARIYABHAI,9638227558,391165,Fino Payments Bank Ltd.
+ RATHAVA PRAGAJIBHAI ARVINBHAI,9662133207,391156,Yes Bank Limited
+ RATHAVA RAJUBHAI RAYSINGBHAI,9586800130,391165,State Bank of India
+ RATHAVA RAVINDRASIH,9714525020,391155,Yes Bank Limited
+ RATHAVA SANDIP BACHUBHAI,7096840058,391170,AXIS Bank Ltd.
+ RATHAVA TERSINGBHAI,9978766083,391156,Airtel Payments Bank Limited
+ RATHAVA VIPINBHAI RAMJIBHAI,9537846009,391165,Yes Bank Limited
+ RATHAVA VISHALBHAI SURESHBHAI,9328185802,391165,Yes Bank Limited
+ RATHAWA PANKAJKUMAR NATVARBHAI,9978456363,391150,Fino Payments Bank Ltd.
+ RATHVA  ANKITBHAI,9512488432,391160,Fino Payments Bank Ltd.
+ RATHVA  ARUNKUMAR,9099116951,391160,Fino Payments Bank Ltd.
+ RATHVA  BIPINBHAI,8758333842,391165,Fino Payments Bank Ltd.
+ RATHVA  DINESHBHAI,7434815081,391160,Fino Payments Bank Ltd.
+ RATHVA  GHANSHYAMBHAI,9328054032,391160,Fino Payments Bank Ltd.
+ RATHVA  HARISHBHAI,9265214989,391160,Fino Payments Bank Ltd.
+ RATHVA  HARSHDBHAI,9978732358,391160,Fino Payments Bank Ltd.
+ RATHVA  JASVANTBHAI,8141570070,391135,Bank of Baroda
+ RATHVA  JAYDEEPKUMAR,9016435497,391155,Bank of Baroda
+ RATHVA  KAUSHALYABEN,9106125258,391135,Fino Payments Bank Ltd.
+ RATHVA  LALLUBHAI,6353971566,391170,Bank of Baroda
+ RATHVA  MUKESH,7874262520,391135,Fino Payments Bank Ltd.
+ RATHVA  MUNNIBEN,7574097757,391168,Fino Payments Bank Ltd.
+ RATHVA  PARESHKUMAR,9586616732,391140,Bank of Baroda
+ RATHVA  PARSINGBHAI,9106488910,391155,Yes Bank Limited
+ RATHVA  RAJESHBHAI,9638348908,391165,Fino Payments Bank Ltd.
+ RATHVA  RAJESHKUMAR,7574972377,391135,Bank of Baroda
+ RATHVA  RAJUBHAI,8141834020,391160,Fino Payments Bank Ltd.
+ RATHVA  RAKESHBHAI,8238573433,391160,Bank of Baroda
+ RATHVA  RAMESHBHAI,9904561072,391165,Fino Payments Bank Ltd.
+ RATHVA  RENUKABEN,9925967388,391160,Fino Payments Bank Ltd.
+ RATHVA  RINKUBEM,6351550654,391152,Fino Payments Bank Ltd.
+ RATHVA  SACHINKUMAR,9099183351,391160,Fino Payments Bank Ltd.
+ RATHVA  SANTOSHBHAI,9913491802,391168,Fino Payments Bank Ltd.
+ RATHVA  SHAKUNABEN,9327292087,391150,Fino Payments Bank Ltd.
+ RATHVA  VARSINGBHAI,6354511236,391168,Fino Payments Bank Ltd.
+ RATHVA  VIJAYBHAI,9512293403,391168,Fino Payments Bank Ltd.
+ RATHVA  VINIYABHAI,9408694025,391165,Fino Payments Bank Ltd.
+ RATHVA  VITTHALBHAI,9662916081,391160,Fino Payments Bank Ltd.
+ RATHVA AJITBHAI,8238913980,391150,Yes Bank Limited
+ RATHVA ANILBHAI,9313391426,391168,Yes Bank Limited
+ RATHVA ANILBHAI,9687288482,391168,Yes Bank Limited
+ RATHVA ANILBHAI,9978194457,391165,Yes Bank Limited
+ RATHVA ANILBHAI JANGALIYABHAI,6355348065,391170,Fino Payments Bank Ltd.
+ RATHVA ANJANABEN KAMLESHBHAI,7567869505,391135,Fino Payments Bank Ltd.
+ RATHVA ANKITBHAI,6355014768,391160,RBL Bank Ltd
+ RATHVA ARVINDBHAI,9712696674,391160,Yes Bank Limited
+ RATHVA ARVINDBHAI RANCHHODBHAI,9998361048,391135,Yes Bank Limited
+ RATHVA ASHOKBHAI  DHIRABHAI,9638408341,391160,Bank of Baroda
+ RATHVA ASHVINBHAI,8200626090,391165,Yes Bank Limited
+ RATHVA ATULKUMAR,6352558482,391155,Yes Bank Limited
+ RATHVA BHANGIYABHAI GUJALABHAI,8238151985,391165,Fino Payments Bank Ltd.
+ RATHVA BIPINBHAI,9537549339,391152,Fino Payments Bank Ltd.
+ RATHVA CARSAN,9979726615,391160,State Bank of India
+ RATHVA CHANDRAKANTBHAI,9512351641,391160,Yes Bank Limited
+ RATHVA DHAMENDRAKUMAR ROHITBHAI,6355367790,391160,Fino Payments Bank Ltd.
+ RATHVA DHRUVKUMAR MANHARBHAI,8153031690,391155,Fino Payments Bank Ltd.
+ RATHVA DILIP,8141606865,391160,State Bank of India
+ RATHVA DILIPBHAI,9016630186,391160,Fino Payments Bank Ltd.
+ RATHVA DINESHBHAI,8160025379,391152,Yes Bank Limited
+ RATHVA DINESHBHAI SURANGBHAI,9909511374,391170,Yes Bank Limited
+ RATHVA DITALIYABHAI NARSINGBHAI,7874264052,391165,Fino Payments Bank Ltd.
+ RATHVA DITIYABHAI MATHURIYABHAI,7434865242,391160,Fino Payments Bank Ltd.
+ RATHVA GAUTAMBHAI PUNABHAI,7567533039,391160,AXIS Bank Ltd.
+ RATHVA GEETABEN NARAYANBHAI,9023237873,391160,Yes Bank Limited
+ RATHVA GHANSHYAMBHAI VITHALBHAI,8980060028,391152,Bank of Baroda
+ RATHVA GITABEN N,9737696161,391135,India Post Payments Bank Limited
+ RATHVA GOPALBHAI GOVINDBHAI,9909819401,391160,Bank of Baroda
+ RATHVA GOVINDBHAI,9726997376,391165,Fino Payments Bank Ltd.
+ RATHVA GOVINDBHAI ALSINGBHAI,9638541456,391165,Union Bank of India
+ RATHVA HIRALBEN,9327642534,391168,Union Bank of India
+ RATHVA JAYABEN,8154901980,391135,Fino Payments Bank Ltd.
+ RATHVA KAJALBHAI,9099200287,391170,Fino Payments Bank Ltd.
+ RATHVA KALPESHBHAI ISHVARBHAI,7567970610,391165,Yes Bank Limited
+ RATHVA KAMALABEN VISHALKUMAR,7859821404,391165,Fino Payments Bank Ltd.
+ RATHVA KAVITABEN,9638432797,391168,Yes Bank Limited
+ RATHVA MAHESHBHAI RATANBHAI,9512670792,391165,Yes Bank Limited
+ RATHVA MAHESHKUMAR MANHARBHAI,9662606329,391155,State Bank of India
+ RATHVA MAYURKUMAR SANJAYBHAI,7984934172,391135,Yes Bank Limited
+ RATHVA MITESHBHAI ARVINDBHAI,8238793405,391160,Fino Payments Bank Ltd.
+ RATHVA MUKESHBHAI JANGUBHAI,9328454100,391135,Fino Payments Bank Ltd.
+ RATHVA MUKESHBHAI SHIVABHAI,9537372990,391160,Fino Payments Bank Ltd.
+ RATHVA NARESHBHAI AMARSINH .,6354121017,391150,Indian Overseas Bank
+ RATHVA NARSINHBHAI,8980293655,391160,Yes Bank Limited
+ RATHVA NAVINBHAI MANILAL,9978042457,391115,Bank of Baroda
+ RATHVA NAYANABEN MAHESHBHAI,9328656794,391150,Fino Payments Bank Ltd.
+ RATHVA NIRUBEN LAXMANBHAI,9016497973,391165,Fino Payments Bank Ltd.
+ RATHVA NITINKUMAR MANUBHAI,9638586046,391155,Fino Payments Bank Ltd.
+ RATHVA PANKAJBHAI ZALUBHAI,9979344289,391155,State Bank of India
+ RATHVA PARESHBHAI RATANBHAI,8758804356,391170,Fino Payments Bank Ltd.
+ RATHVA PARULBEN RAHULBHAI,9016646032,391155,Fino Payments Bank Ltd.
+ RATHVA PAYALBEN,9173697995,391135,Yes Bank Limited
+ RATHVA PRADIP,9913290210,391160,State Bank of India
+ RATHVA PRADIPKUMAR MADHAVSINH,9913479382,391165,Yes Bank Limited
+ RATHVA PRATAPBHAI,9023394311,391150,Fino Payments Bank Ltd.
+ RATHVA PRITIKABEN RAHULBHAI,7862910992,391150,Fino Payments Bank Ltd.
+ RATHVA PUNIBEN,8320913820,391152,Fino Payments Bank Ltd.
+ RATHVA RAJUBHAI KANJIBHAI,9925457289,391165,Fino Payments Bank Ltd.
+ RATHVA RAMANBHAI KESHIYABHAI,9925194728,391160,Fino Payments Bank Ltd.
+ RATHVA RAMILABEN,8141678226,391170,Fino Payments Bank Ltd.
+ RATHVA RANJUBEN PRAVINBHAI,9537372288,391170,Yes Bank Limited
+ RATHVA RATANBHAI,9537738434,391150,Indian Overseas Bank
+ RATHVA RINKALBEN  RANJITA,9106519921,391150,Central Bank of India
+ RATHVA RUPSINGBHAI RAMANBHAI,6354928101,391160,Fino Payments Bank Ltd.
+ RATHVA RUSABHAI BHAGLABHAI,8469866486,391165,Fino Payments Bank Ltd.
+ RATHVA SAHDEVBHAI,7698020031,390004,Airtel Payments Bank Limited
+ RATHVA SANDEEPKUMAR MUKUNDBHAI,8980306316,391165,Fino Payments Bank Ltd.
+ RATHVA SANDIPKUMAR PRATAPBHAI,9081102811,391135,Yes Bank Limited
+ RATHVA SANJAYBHAI DULSINGBHAI,9327782711,391761,Fino Payments Bank Ltd.
+ RATHVA SAPNABEN FATESINGBHAI,9016874196,391160,Yes Bank Limited
+ RATHVA SARDARSINH,7874808771,391160,Yes Bank Limited
+ RATHVA SHAILESHBHAI,9712900103,391160,Yes Bank Limited
+ RATHVA SHAILESHBHAI KHUSALBHAI,7567582863,391168,Fino Payments Bank Ltd.
+ RATHVA SHAILESHBHAI PRAVINBHAI,6355721743,391160,Yes Bank Limited
+ RATHVA SHAKNBHAI VINUBHAI,9574778755,391170,Fino Payments Bank Ltd.
+ RATHVA SHARMILABEN SAMLESHKUMAR,7990943891,391160,Fino Payments Bank Ltd.
+ RATHVA SHASHIKANT ARJUNBHAI,9825682916,391155,Yes Bank Limited
+ RATHVA SHITALBEN YOGESHBHAI,9023773481,391155,Fino Payments Bank Ltd.
+ RATHVA SOHAN,6352378086,391160,Airtel Payments Bank Limited
+ RATHVA SUKHRAMBHAI,9099637556,391165,Yes Bank Limited
+ RATHVA SUKHRAMBHAI KANUDIYABHAI,9726141433,391165,Yes Bank Limited
+ RATHVA SURAJBHAI,9586439646,391135,Yes Bank Limited
+ RATHVA SURESH,7567349933,391156,State Bank of India
+ RATHVA SURESHBHAI KACHUBHAI,6355547250,391165,Fino Payments Bank Ltd.
+ RATHVA SURTANBHAI SHEKHDIYABHAI,9265018056,391165,Yes Bank Limited
+ RATHVA SUSHMABEN SACHINBHAI,9327479281,391155,Fino Payments Bank Ltd.
+ RATHVA THAKORBHAI,7016769389,391160,Yes Bank Limited
+ RATHVA UMABEN,8320972110,391168,Yes Bank Limited
+ RATHVA VARSHABEN DILIPBHAI,7990867994,391152,Yes Bank Limited
+ RATHVA VESTABHAI,9328160299,391160,Fino Payments Bank Ltd.
+ RATHVA VIKRAMBHAI,9978401074,391165,Fino Payments Bank Ltd.
+ RATHVA VIKRAMSINH HARSINGBHAI,9510926937,391165,Central Bank of India
+ RATHVA VINESHBHAI,6354682309,391170,Yes Bank Limited
+ RATHVA VINUBHAI RAMDASBHAI,7874725339,391115,Bank of Baroda
+ RATHVA VIPEENBHAI POPATBHAI,7874662010,391160,Fino Payments Bank Ltd.
+ RATHVA VIPINBHAI KAMLESHBHAI,9638943505,391165,Fino Payments Bank Ltd.
+ RATHVA VISHALKUMAR RASIKBHAI,8160374708,391165,Fino Payments Bank Ltd.
+ RATHVADILIPBHAI RASIKBHAI RATHVA,6354826021,391160,Fino Payments Bank Ltd.
+ RATHVAMANOJKUMAR,6355544693,391168,Yes Bank Limited
+ RATHVARONAKBHAI PARSOTTAMBHAI,8758361070,391150,Indian Overseas Bank
+ RATHVASUKESHBHAI NATDABHAI RATHVA,9537268843,391170,Fino Payments Bank Ltd.
+ RATHWA  JIGNESHBHAI,9537378441,391170,Fino Payments Bank Ltd.
+ RATHWA  KIRANKUMAR,9023034569,391165,Fino Payments Bank Ltd.
+ RATHWA  LALLUBHAI,9913847497,391170,Fino Payments Bank Ltd.
+ RATHWA  MAHEDRABHAI,9913318605,391135,Bank of Baroda
+ RATHWA  RATILAL,9978287573,391170,Fino Payments Bank Ltd.
+ RATHWA  VISHAL,9512117779,391135,Fino Payments Bank Ltd.
+ RATHWA ARVINDBHAI RANGUBHAI,7621916795,391761,Fino Payments Bank Ltd.
+ RATHWA BHURSINGBHAI SHANKARBHAI,8866408720,391165,Fino Payments Bank Ltd.
+ RATHWA ISHWARBHAI DHANIYABHAI,7874060709,391165,AXIS Bank Ltd.
+ RATHWA MALSINGBHAI METARIYABHAI,9913275052,391165,State Bank of India
+ RATHWA MANJULABEN CHANDARIYABHAI,9712021794,391160,Yes Bank Limited
+ RATHWA MEHULBHAI,9924981900,391170,Yes Bank Limited
+ RATHWA NITINBHAI KAJUBHAI,9328417696,391168,Yes Bank Limited
+ RATHWA PRAVINKUMAR,9727990254,391160,Yes Bank Limited
+ RATHWA RAJESHBHAI BHIMSINGBHAI,9099470313,391170,Fino Payments Bank Ltd.
+ RATHWA RAJUBHAI  BHARSINGBHAI,8469805431,391160,AXIS Bank Ltd.
+ RATHWA RINKIBEN JAYESHBHAI,9316159374,391175,Yes Bank Limited
+ RATHWA SANJAYBHAI R,9737750656,391168,AXIS Bank Ltd.
+ RATHWA SANJAYBHAI RANCHHODBHAI,6354764941,391170,Fino Payments Bank Ltd.
+ RATHWA SANTOSH ISHWARBHAI,9638454292,391160,Yes Bank Limited
+ RATHWA SATISHKUMAR,9712669019,391168,Fino Payments Bank Ltd.
+ RATHWA SHAILESHBHAI KANCHNBHAI,7623963602,391160,Fino Payments Bank Ltd.
+ RATHWA SHAILESHKUMAR MASLABHAI,7990550898,391160,Yes Bank Limited
+ RATHWA SUKHRAM JINABHAI,8860196283,391160,India Post Payments Bank Limited
+ RATHWA SUNILBHAI ARVINDBHAI,9909320219,391160,Fino Payments Bank Ltd.
+ RATHWA VANTESHBHAI,9099464363,391170,Yes Bank Limited
+ RAVAT DILIP KUMAR KALUBHAI,9909328354,391168,India Post Payments Bank Limited
+ RAVIDAS M RATHWA,9016032945,391170,India Post Payments Bank Limited
+ RAVIKUMAR  RATHVA,8141542252,391175,Bank of Baroda
+ RAVINABEN,9537642746,391160,India Post Payments Bank Limited
+ REVJIBHAI  DUBHIL,9913981773,391115,Bank of Baroda
+ RIPINBHAI  RATHWA,8469938896,391170,Bank of Baroda
+ RITIKSHA CHAUHAN,7827020224,391135,India Post Payments Bank Limited
+ RIZWANBHAI MEMAN,7069290206,391150,Yes Bank Limited
+ ROHIT MAYURKUMAR,8347838112,391168,India Post Payments Bank Limited
+ RONIKUMAR S SHAH,9426153631,391135,India Post Payments Bank Limited
+ ROSHNIBEN,9574259572,391160,India Post Payments Bank Limited
+ ROSHNIBEN CHAUHAN,7046940394,391165,India Post Payments Bank Limited
+ RUCHITABEN PATEL,7575041655,391168,India Post Payments Bank Limited
+ RUDRADUTT SINH MAHARAUL,9687763096,391165,India Post Payments Bank Limited
+ S K RATHWA,9909056257,391165,India Post Payments Bank Limited
+ SABANAM BAROT,7861930064,391165,India Post Payments Bank Limited
+ SABIRMOHEMED,7874061224,391165,India Post Payments Bank Limited
+ SACHIN MACCHI,8140990152,391165,India Post Payments Bank Limited
+ SACHINKUMAR AGRAWAL,7228858231,391135,Airtel Payments Bank Limited
+ SACHINKUMAR SHAMBHUBHAI AGARWAL,9879180531,391135,State Bank of India
+ SACHINKUMAR SHAMBHUBHAI AGRAWAL,9909036127,391135,HDFC Bank Ltd.
+ SAEEDKHAN  PATHAN,9909786911,391160,Bank of Baroda
+ SAGAR A MORE,9726535583,391160,India Post Payments Bank Limited
+ SAGUPTAPRAVIN  ANSARI,8347065692,391145,Bank of Baroda
+ SALAHUDEEN GULAMRASUL PIRZADA,8758447865,391165,Fino Payments Bank Ltd.
+ SALMAN MANSURI,8000900900,391135,Bank of India
+ SALMAN SALIMBHAI MANSURI,9913276438,391145,Fino Payments Bank Ltd.
+ SALMANHUSEN ARIFHUSEN SHAIKH,7383240588,391150,IndusInd Bank Limited
+ SAMPATBHAI,9979658895,391145,India Post Payments Bank Limited
+ SANDIP  RATHVA,9328205623,391170,Bank of Baroda
+ SANDIPBHAI  PATEL,9904449188,391135,State Bank of India
+ SANJAY M BARIA,7827020345,391165,India Post Payments Bank Limited
+ SANJAY VADIYABHAI NAYKA,9687563855,391165,State Bank of India
+ SANJAYBHAI  BHIL,8849532820,391130,Bank of Baroda
+ SANJAYKUMAR  RATHVA,9638239123,391160,Bank of Baroda
+ SANKETKUMAR PATEL,7096076476,391165,India Post Payments Bank Limited
+ SANTOSHBHAI JAYANTIBHAI BHOI,9904275717,391145,Bank of Baroda
+ SANTOSHKUMAR  BHIL,6351328205,391152,Bank of Baroda
+ SATISHBHAI RATHWA,9852340627,391150,State Bank of India
+ SAVJIBHAI RATHAVA,9727885428,391165,State Bank of India
+ SHAH  RAHULKUMAR,9714871948,391165,HDFC Bank Ltd.
+ SHAH MITHUNBHAI,9054018632,391160,Yes Bank Limited
+ SHAHID SALIMBHAI MANSURI,9979639120,391145,Fino Payments Bank Ltd.
+ SHAILESH KUMAR THAKUR,8238597793,391135,India Post Payments Bank Limited
+ SHAILESHBHAI  RAMJIBHAI RATHVA,9265074190,391170,Bank of Baroda
+ SHANKARBHAI TERSINHBHAI RATHVA,9978414598,391160,Bank of Baroda
+ SHANTILAL BHIL,9924329244,391150,India Post Payments Bank Limited
+ SHANTILAL V RATHWA,9979192103,391135,India Post Payments Bank Limited
+ SHEKH  BASITALI,9904854112,391140,Fino Payments Bank Ltd.
+ SHEKH IKBALHUSEN,8511502727,391165,India Post Payments Bank Limited
+ SHEKH VASIMBHAI ISHAKBHAI,9558026976,391165,Fino Payments Bank Ltd.
+ SHER  MOHAMMED,7742538869,391160,Fino Payments Bank Ltd.
+ SHITALBEN PRAJAPATI,8469792348,391140,India Post Payments Bank Limited
+ SHIVANGINI CHARMINKUMAR,9714354818,391125,India Post Payments Bank Limited
+ SIFABANU,9574880047,391140,India Post Payments Bank Limited
+ SINDHI MOINBHAI,9265960316,391110,Yes Bank Limited
+ SITABKHAN PATHAN,9913696242,391145,India Post Payments Bank Limited
+ SNEHABEN TADVI,9687726199,391140,AU Small Finance Bank Limited
+ SOHILBHAI  KHATRI,9687747780,391135,Bank of Baroda
+ SOHILKHAN PATHAN,9913532002,391145,State Bank of India
+ SOLANKI  VIKRAMSINH,9726363675,391152,Yes Bank Limited
+ SOLANKI AIRAJSINH PRAVINSINH,9737863862,391140,Yes Bank Limited
+ SOLANKI KANAKSINH PRATAPSINH,9313533488,391152,Fino Payments Bank Ltd.
+ SOLANKI PARULBEN,9316097676,391152,Indian Overseas Bank
+ SOLANKI PRADIPSINH,8780674602,391140,Yes Bank Limited
+ SONAL BEN RATHWA,9426969131,391160,India Post Payments Bank Limited
+ SONAL H SOLANKI,8154958124,391140,India Post Payments Bank Limited
+ SONI ACHALKUMAR,9825268414,391160,Yes Bank Limited
+ SUBHASHCHANDRA KOLI,9725530115,391135,India Post Payments Bank Limited
+ SUDHABEN,9825057187,391135,India Post Payments Bank Limited
+ SUESH BHAI TADVI,9909352565,391150,India Post Payments Bank Limited
+ SUKHIHOSPITALANDICCU,9725089967,391135,Kotak Mahindra Bank Limited
+ SUKHRAMBHAI RATHWA,9638472925,391168,India Post Payments Bank Limited
+ SUNDAR SINGH MOTEDA,9979073386,391145,India Post Payments Bank Limited
+ SUNDARBHAI,9727546059,391168,India Post Payments Bank Limited
+ SUNDARBHAI RATHWA,9924470887,391160,India Post Payments Bank Limited
+ SUNDARBHAI SHANILAL,6355795658,391160,Union Bank of India
+ SUNILBHAI ARVINDBHAI RATHVA,7567200761,391170,Yes Bank Limited
+ SUNILKUMAR  BHIL,8238943735,391170,Bank of Baroda
+ SURESH TADVI,8860161214,391150,India Post Payments Bank Limited
+ SURESHBHAI  TADVI,9537432052,391135,Bank of Baroda
+ SURESHBHAI RATHWA,9427837451,391170,State Bank of India
+ SURESHBHAI SAMRABHAI  RATHWA,9727278026,391170,Bank of Baroda
+ SURESHKUMAR NARSINH PATELIYA,9909330470,389120,India Post Payments Bank Limited
+ SUTHAR ANKURBHAI,9824034096,391170,Fino Payments Bank Ltd.
+ SWETABEN  PARMAR,8347452423,391140,Bank of Baroda
+ TADAVI SURDASBHAI KHUMANSINGBHAI,8238081262,391170,Fino Payments Bank Ltd.
+ TADVI  GAUTAMBHAI,9586103870,391125,HDFC Bank Ltd.
+ TADVI  KAUSHIKBHAI,9328874898,391140,Bank of Baroda
+ TADVI  NARESHKUMAR,8238916338,391170,Fino Payments Bank Ltd.
+ TADVI  SHANTILAL,7203844686,391145,Fino Payments Bank Ltd.
+ TADVI ABHESINGBHAI GOVINDBHAI,9638359492,391160,Fino Payments Bank Ltd.
+ TADVI HARIDASBHAI,9712892697,391150,AXIS Bank Ltd.
+ TADVI HITESHBHAI,7359803707,391135,Yes Bank Limited
+ TADVI KAMLESHBHAI BACHUBHAI,9537125673,391150,Yes Bank Limited
+ TADVI KAUSHALYABEN SANDIPBHAI,9638003867,391152,Fino Payments Bank Ltd.
+ TADVI NEERU BEN,8153811460,391140,Bank of Baroda
+ TADVI PARESHBHAI,9016853981,391155,Yes Bank Limited
+ TARABADA NARENDRABHAI AMBALAL,8469112683,391145,Fino Payments Bank Ltd.
+ TARBADA PURVIKBHAI,7359133277,391140,Yes Bank Limited
+ TEJASKUMAR,9723737822,391140,India Post Payments Bank Limited
+ TEJSING RATHWA,9586742829,391165,India Post Payments Bank Limited
+ THAKKAR SUNILKUMAR,7777998736,391135,Fino Payments Bank Ltd.
+ THAKOR CHHALLABEN,9913149872,391160,Yes Bank Limited
+ TRUPTESH RATHVA,9726604782,391165,State Bank of India
+ TULSI,9558242455,391160,India Post Payments Bank Limited
+ TUSHAR,7567482582,391165,India Post Payments Bank Limited
+ UJIT KUMAR SOLANKI,9277755569,391160,India Post Payments Bank Limited
+ UMESH BALDANIYA,9998124249,391130,India Post Payments Bank Limited
+ UMESHKUMAR  BARIYA,9979474286,391125,Bank of Baroda
+ USMANGANI SHAIKH,9979746626,391168,India Post Payments Bank Limited
+ UTSAV KUMAR PATEL,8141901960,391145,India Post Payments Bank Limited
+ VAIBHAV BAROT,9428068626,391152,India Post Payments Bank Limited
+ VAIBHAVI TRIVEDI,7984085543,391130,India Post Payments Bank Limited
+ VAJJUDIN MALEK,9879181671,391761,India Post Payments Bank Limited
+ VANKAR HARDIKKUMAR,9664828244,393145,Yes Bank Limited
+ VANKAR PANKAJKUMAR GORDHANBHAI,9313003505,391145,Fino Payments Bank Ltd.
+ VANRAJSINH N SOLANKI,8758926095,391130,India Post Payments Bank Limited
+ VARSINGHBHAI RATHWA,9726451904,391168,State Bank of India
+ VASAVA PINKALKUMAR,8160848501,393145,Yes Bank Limited
+ VASAVA RASIKKUMAR GANPATBHAI,6355828991,393001,Yes Bank Limited
+ VASIM AHEMAD  SONI,9512167005,391165,Bank of Baroda
+ VASIM NAJARMAHAMAD MAKARANI,9574786762,391165,State Bank of India
+ VASIMKHAN MOHAMMEDHANIF PATHAN,7228857736,391165,Fino Payments Bank Ltd.
+ VECHADBHAI BHIL,9327636157,391150,India Post Payments Bank Limited
+ VECHATBH BARIA,9638407706,391160,India Post Payments Bank Limited
+ VEENABEN RATHWA,9979192662,391160,India Post Payments Bank Limited
+ VIJAY TADVI,8758149668,391150,India Post Payments Bank Limited
+ VIJAYBHAI RAVJIBHAI NAYKA,9712839121,391160,State Bank of India
+ VIJAYKUMAR  RATHVA,9624284536,391165,Bank of Baroda
+ VIJAYSINH BARIA,9726992138,391761,India Post Payments Bank Limited
+ VIKRAM D RATHWA,9979115173,391170,India Post Payments Bank Limited
+ VIKRAMBHAI PARMAR,9726491314,391140,India Post Payments Bank Limited
+ VINABEN KAJANBHAI RATHVA,9979191383,391170,Fino Payments Bank Ltd.
+ VIPINBHAI BHIL,9825338855,391150,India Post Payments Bank Limited
+ VIPULKUMAR BARIYA,7874946683,391160,State Bank of India
+ VIRAL BARIA,8153020191,391160,India Post Payments Bank Limited
+ VIRSINGBHAI AMARSINGBHAI RATHVA,7878701094,391170,Fino Payments Bank Ltd.
+ VISHALKUMAR SUMANBHAI PANCHOLI,9624124494,391140,State Bank of India
+ VISHALKUMAR VINODBHAI PRAJAPATI,7621027383,391150,IndusInd Bank Limited
+ VITHAL BHAI RATHWA,8980145325,391156,India Post Payments Bank Limited
+ VITTHALBHAI BHOI,9727311447,391135,India Post Payments Bank Limited
+ VORA ALI ASGAR JOHARBHAI,9978119495,391160,Yes Bank Limited
+ YOGESH  BARIYA,8347991629,391130,Bank of Baroda
+ YOGESHBHAI CHIMANBHAI RATHWA,9825158869,391170,Fino Payments Bank Ltd.
+ YOGESHKUMAR NAVNEETBHAI,9727036479,391170,Union Bank of India
+ YUSUFBHAI MANSURI,6354896817,391150,India Post Payments Bank Limited
+ YUSUFBHAI SALIMBHAI CHINTAMAN,7984719902,391165,Fino Payments Bank Ltd.
+ YUVRAJSINH PARMAR,6351085497,391160,AXIS Bank Ltd.
+ ZAKIR GOHIL,9879547230,391761,India Post Payments Bank Limited
