bc_name,mobile_no,pincode,bank_name
+ A N,9484406498,394730,India Post Payments Bank Limited
+ A R,8155025592,394730,India Post Payments Bank Limited
+ ADITYAKUMAR  BORATE,9173683343,394710,Bank of Baroda
+ ADKARI MANGALBHAI JIVLYABHAI,9016747512,394730,Yes Bank Limited
+ AFZALBIN  BAVJIR,9662847806,394730,Bank of Baroda
+ AHIR GANASYABHAI MANGUBHAI,9408328877,394716,Yes Bank Limited
+ AHUJA GAUTAMBHAI MOHANBHAI,8200649195,394710,Yes Bank Limited
+ AJAYBHAI MANABHAI SURYAVANSHI,9408680735,394710,Punjab National Bank
+ AJAYBHAI PANDABHAI GAVIT,8866150057,394720,Yes Bank Limited
+ AJIT BHAI ANTRAMBHAI,9773099830,394716,Union Bank of India
+ AKSHAYBHAI MOTIRAMBHAI BHOYE,9427867591,394715,State Bank of India
+ ANANTBHAI CHHAGANBHAI GAVIT,9408266019,394715,State Bank of India
+ ANJUBEN  KAMDI,9429029136,394730,Bank of Baroda
+ ANJUBEN KANTUBHAI KANAT,9409471389,394710,Central Bank of India
+ ARUNBHAI RAHUBHAI GAVIT,9426253280,394716,Yes Bank Limited
+ ARVINDBHAI RANCHHODBHAI PATEL,7016964371,394715,Yes Bank Limited
+ ASHABEN PRAKASHBHAI PATEL,9924175050,394730,Yes Bank Limited
+ ASHISHBHAI  DESHMUKH,9429790534,394710,Bank of Baroda
+ ASHISHBHAI  KOKANI,7990642023,394710,Bank of Baroda
+ ASHISHBHAI GAYAKAWAD,6353332789,394716,Yes Bank Limited
+ B  A,7436041318,394730,India Post Payments Bank Limited
+ B. S. GANGURDE,7984231850,394710,India Post Payments Bank Limited
+ BAGUL GANESHBHAI RAMESHBHAI,9265225454,394710,Airtel Payments Bank Limited
+ BAHIRAM ROHIDASHBHAI MOHANBHAI,9023621615,394710,Yes Bank Limited
+ BANGAL JIGNESHKUMAR KANTILAL,7046991225,394720,Yes Bank Limited
+ BARAS HARESHBHAI GENABHAI,9426215883,394716,Yes Bank Limited
+ BHAGVATBHAI BIRARI,9828342418,394730,State Bank of India
+ BHAVANBHAI  THAKRE,6351322070,394710,Bank of Baroda
+ BHIVSAN SHAILENDRABHAI MANSUBHAI,9913805434,394730,Yes Bank Limited
+ BHOYE AMRATBHAI GOPICHANDBHAI,9624112675,394710,Yes Bank Limited
+ BHOYE JIGNESHBHAI KAILASBHAI,9023891553,394730,Yes Bank Limited
+ BHOYE MANISHBHAI NILESHBHAI,9428155328,394716,Yes Bank Limited
+ BHOYE MAYURBHAI LAXMANBHAI,9427577917,394710,Fino Payments Bank Ltd.
+ BHOYE MINESHBHAI JAYRAMBHAI,6352786879,394710,Yes Bank Limited
+ BHOYE PRITESHKUMAR VINODBHAI,7096394345,394730,Yes Bank Limited
+ BHOYE VISHALBHAI CHANDARBHAI,9574049609,394716,Yes Bank Limited
+ BHOYE VISHALBHAI MOTUBHAI,9426160005,394710,Yes Bank Limited
+ BHUPENDRABHAI KASHINATHBHAI GAIN,9904995141,394710,Yes Bank Limited
+ C G,7359216137,394730,India Post Payments Bank Limited
+ C G,7574099787,394730,India Post Payments Bank Limited
+ CHANDRESHBHAI  VALVI,9427803828,394710,Bank of Baroda
+ CHAUDHARI ARJUNBHAI DEVRAMBHAI,8411896861,394720,Yes Bank Limited
+ CHAUDHARI CHETANBHAI GANPATBHAI,9408688586,394710,Yes Bank Limited
+ CHAUDHARI DANIYEL PANDUBHAI,9409977478,394716,Yes Bank Limited
+ CHAUDHARI DILIPKUMAR GOVINDBHAI,8320932336,394710,Union Bank of India
+ CHAUDHARI JAGDISHBHAI MOTILALBHAI,9313915007,394710,Yes Bank Limited
+ CHAUDHARI MANOJBHAI  MOHANBHAI,8155003328,394720,Yes Bank Limited
+ CHAUDHARI PRADIPBHAI NATHUBHAI,9327103704,394710,Yes Bank Limited
+ CHAUDHARI PRAFULBHAI PRABHUBHAI,9327661481,394710,Yes Bank Limited
+ CHAUDHARI RITESHBHAI RAJUBHAI,8780322965,394710,Yes Bank Limited
+ CHAUDHARI SANJAYBHAI RAJYABHAI,9924880976,394716,Yes Bank Limited
+ CHAUDHARI SHAILESHBHAI SOMABHAI,9409531040,394710,Yes Bank Limited
+ CHAUDHARI SUNILBHAI SUKIRAVBHAI,9316095844,394710,Yes Bank Limited
+ CHAUDHARI VIJAYBHAI NAMDEVBHAI,9408688873,394710,Yes Bank Limited
+ CHAUDHARI YOGESHBHAI KASHIRAMBHAI,8200282737,394715,Yes Bank Limited
+ CHAUDHARY JIGNESHKUMAR,8200596757,394716,India Post Payments Bank Limited
+ CHAURYA KRUNALBHAI KISHORBHAI,6354442464,394710,Yes Bank Limited
+ CHAURYA MANISHBHAI SINGUBHAI,9408431150,394716,Yes Bank Limited
+ CHHAGANBHAI BUDHABHAI TUMBDA,9510489032,394720,Yes Bank Limited
+ DAHVAD RAHULBHAI MAGANBHAI,9726572645,394730,Yes Bank Limited
+ DEVLE MEHULBHAI RAMANBHAI,9106928504,394716,Yes Bank Limited
+ DEVRAMBHAI BHARATBHAI THAKRE,9428013367,394720,Yes Bank Limited
+ DHANRAJBHAI GOVINDBHAI CHAUDHARI,9512200787,394715,Union Bank of India
+ DHARMENDRABHAI RAMAJBHAI GANVIT,6352300180,394715,Yes Bank Limited
+ DHUM ANKURBHAI SHANTARAMBHAI,9429860921,394710,Yes Bank Limited
+ DHUM ARCHITBHAI LIMJIBHAI,8141269298,394720,Yes Bank Limited
+ DILIPKUMAR AMRUTBHAI,9408625288,394710,India Post Payments Bank Limited
+ DINESHBHAI ANADBHAI KUVAR,9484886699,394710,Central Bank of India
+ DINESHBHAI ANANDBHAI KUVAR,9408192036,394710,India Post Payments Bank Limited
+ DIPAKBHAI BAYAJIBHAI THAKARE,6352462292,394710,Yes Bank Limited
+ DOLIYA AVINASHBHAI CHHAGANBHAI,9428715044,394715,Yes Bank Limited
+ FAISHAL RAFIK DHANANI,7043788387,394710,Yes Bank Limited
+ FAISHAL RAFIQBHAI DHANANI,9426440786,394710,Airtel Payments Bank Limited
+ GAMIT,6351670718,394716,Yes Bank Limited
+ GAMIT ANKITBHAI ISMANBHAI,6354997864,394716,RBL Bank Ltd
+ GAMIT BHAVIKBHAI DIVANJIBHAI,9106639440,394716,Yes Bank Limited
+ GAMIT MAHESHBHAI SURESHBHAI,9427713938,394710,Punjab National Bank
+ GAMIT VADILALBHAI PUNYABHAI,9313849589,394716,Yes Bank Limited
+ GANASYABHAI  AHIR,7984915158,394710,Bank of Baroda
+ GANGURDE ASHVINBHAI RAMDASBHAI,9265938017,394710,Yes Bank Limited
+ GANGURDE VILASHBHAI LAHANYABHAI,9714457378,394720,Yes Bank Limited
+ GAURANGBHAI GOVINDBHAI BIRARI,9978297919,394720,Yes Bank Limited
+ GAVIT ANKITBHAI ANILBHAI,7359124658,394730,Yes Bank Limited
+ GAVIT KALPESH KALUBHAI,9426510368,394710,Union Bank of India
+ GAVIT MADHUKARBHAI BHIKHABHAI,9408274825,394730,Yes Bank Limited
+ GAVIT SAHILBHAI SONIRAVBHAI,9408297665,394715,Yes Bank Limited
+ GAVLI AJAYBHAI DEVRAMBHAI,9106797473,394710,Yes Bank Limited
+ GAVLI PRITESH DINESHBHAI,9978596402,394720,Airtel Payments Bank Limited
+ GAYAKWAD JAYDEEPBHAI PARSYABHAI,9427984281,394710,Yes Bank Limited
+ GAYAKWAD MADHUBHAI MANGALYABHAI,9427768828,394710,Yes Bank Limited
+ GAYKWAD SHAILESHBHAI LALLUBHAI,9924220015,394730,Yes Bank Limited
+ GAYKWAD UMESHBHAI JANTARAMBHAI,9426242863,394710,Airtel Payments Bank Limited
+ GHATAL SUNILBHAI SHUKARBHAI,9601596917,394715,Yes Bank Limited
+ GITABEN GAYAKVAD,9429889697,394720,Airtel Payments Bank Limited
+ HIRAMANBHAI TULSYABHAI PAWAR,9601973776,394710,Punjab National Bank
+ HITESHBHAI LAXMANBHAI BHOYE,9426652277,394720,Yes Bank Limited
+ HITESHBHAI MANOHARBHAI RAUT,9904272115,394710,Yes Bank Limited
+ J S,9427834314,394716,India Post Payments Bank Limited
+ JADAV MEHULBHAI SOMNATHBHAI,9408559700,394710,Yes Bank Limited
+ JADAV SACHINKUMAR KANTILAL,7622058143,394710,Yes Bank Limited
+ JADAV SANDIPBHAI MOTISINGBHAI,7698610600,394720,Airtel Payments Bank Limited
+ JAGDISHBHAI AVSUBHAI CHAUDHARI,9426923287,394710,Yes Bank Limited
+ JAGDISHBHAI DEVRAMBHAI CHAUDHARI,9426164954,394710,Yes Bank Limited
+ JAYANTILAL JIVUBHAI GANGODA,7016564502,394716,Yes Bank Limited
+ JAYPALSINH MALSINH,7046327082,394710,India Post Payments Bank Limited
+ JIGNESHBHAI CHANDARBHAI PATEL,9428064636,394710,Union Bank of India
+ JITESHBHAI SONJIBHAI BORSA,9313235476,394716,Yes Bank Limited
+ K R,9924587470,394730,India Post Payments Bank Limited
+ K S,9537181656,394730,India Post Payments Bank Limited
+ KAGDE PREMJITKUMAR RATILALBHAI,9265298059,394716,HDFC Bank Ltd.
+ KAILASH R JADAV,9427484042,394720,Yes Bank Limited
+ KAILASHKUMAR,8511701634,394730,Airtel Payments Bank Limited
+ KAILESH  BIRARI,9825838499,394730,Bank of Baroda
+ KAJALBEN TANAJIBHAI BHOYE,9409138933,394710,Punjab National Bank
+ KALPESHBHAI CHAMBARBHAI DALVI,9574118650,394730,Yes Bank Limited
+ KANHDOLIYA NILESHBHAI SHUKARBHAI,7359457010,394730,Yes Bank Limited
+ KANSYA ARESHBHAI RAMANBHAI,8155853702,394730,Yes Bank Limited
+ KANTUBHAI ANTYABHAI KANAT,9408607289,394710,Central Bank of India
+ KASHINATH  BHOYE,9737883264,394730,Bank of Baroda
+ KHANDAVI UDAYBHAI SURESHBHAI,9328575234,394710,Yes Bank Limited
+ KHURKUTIYA GOVINDBHAI ANASYABHAI,8905589700,394716,Yes Bank Limited
+ KISHANKUMAR MAHENDRABHAI,9426351824,394710,India Post Payments Bank Limited
+ M L,9428232957,394716,India Post Payments Bank Limited
+ M L,9979123907,394730,India Post Payments Bank Limited
+ M. D. KUNVAR,9409545902,394710,India Post Payments Bank Limited
+ M. K. DESHMUKH,7359092813,394710,India Post Payments Bank Limited
+ MAHENDRABHAI GANGAJUBHAI PAWAR,9427793051,394710,Yes Bank Limited
+ MAHENDRABHAI HADGUBHAI BAGUL,9426906942,394716,Yes Bank Limited
+ MAHENDRABHAI PANGLIYABHAI GAMIT,9427971204,394716,Yes Bank Limited
+ MAHLA RAHULBHAI GANGARAMBHAI,8320327699,394715,Yes Bank Limited
+ MAHLE MONSINGBHAI PREMABHAI,9558475222,394720,Airtel Payments Bank Limited
+ MALVI RATILALBHAI BUDYABHAI,9429897016,394716,Yes Bank Limited
+ MALVISH GUNVANTIBEN MOTIRAMBHAI,9023985723,394710,Yes Bank Limited
+ MALVISH MARTHABEN RAKESHBHAI,9499751920,394710,Yes Bank Limited
+ MANHARBHAI  CHAUDHARI,9924262335,394710,Bank of Baroda
+ MANILAL DHANJUBHAI GAVIT,9428186743,394710,Punjab National Bank
+ MANOHARBHAI THAKRE,9979562528,394720,Yes Bank Limited
+ MANOJ CHAUDHARI,9427120351,394716,State Bank of India
+ MANSURI SABIRBHAI SALIMBHAI,9978333171,394730,Yes Bank Limited
+ MANSYABHAI ANANDBHAI BAGUL,9904464392,394710,Yes Bank Limited
+ MANUBHAI KANDOLE,9408650516,394710,State Bank of India
+ MEHULBHAI,9409635145,394710,Union Bank of India
+ MUKESHBHAI KASUBHAI SURYAVANSHI,9426921946,394720,Yes Bank Limited
+ MUKESHKUMAR,7567615986,394710,India Post Payments Bank Limited
+ NALIN L,9558189847,394720,India Post Payments Bank Limited
+ NARENDRABHAI SHIVDASBHAI PAWAR,9924999352,394710,Yes Bank Limited
+ NARESH  BHOYE,7096824598,394710,Bank of Baroda
+ NARESHKUMAR  BHOYE,8140418507,394710,Bank of Baroda
+ NARNA  RAM,7600415914,394716,Yes Bank Limited
+ NAVEDBHAI  VANAZARA,6352960115,394710,Bank of Baroda
+ NAVNEET GAVANDE,9974052143,394720,State Bank of India
+ NAVNIT RAMRAV GAVANDE,9898994866,394720,Airtel Payments Bank Limited
+ NILESH SITARAM DALAVI,9923476294,394720,Yes Bank Limited
+ NIRAVKUMAR JAGANLAL DESAI,9106670056,394716,Yes Bank Limited
+ NITINBHAI DINESHBHAI GAVLI,9737996871,394720,Yes Bank Limited
+ NITINBHAI RAJESHBHAI GAMIT,7567157631,394715,Yes Bank Limited
+ NITINBHAI RAMDASBHAI RAUT,9904760874,394730,State Bank of India
+ NITINKUMAR GUNVANTRAI TAILOR,9924999491,394710,Yes Bank Limited
+ NUTANBEN  GAVALI,9427802210,394710,Bank of Baroda
+ PADVI JIGNESHBHAI CHANDUBHAI,9427508413,394730,HDFC Bank Ltd.
+ PALVA PANKAJBHAI MUKESHBHAI,6355753707,394716,Fino Payments Bank Ltd.
+ PANKABHAI  KOKANI,9106692246,394730,Bank of Baroda
+ PANKAJBHAI PAWAR,9723169127,394710,State Bank of India
+ PARESHBHAI MAHADUBHAI BAGUL,9428399887,394710,Punjab National Bank
+ PARVATIBEN SONYABHAI GAMIT,9429723053,394710,Punjab National Bank
+ PATEL VAISHALIBEN GULABBHAI,9408946012,394716,Yes Bank Limited
+ PATEL VALAY,8200766912,394716,India Post Payments Bank Limited
+ PAWAR CHAMPAKBHAI JAYVANTBHAI,9327809073,394716,Yes Bank Limited
+ PAWAR GULABBHAI VAMANBHAI,9408625653,394716,Yes Bank Limited
+ PAWAR JIGNESHBHAI MAHESHBHAI,6353132477,394716,Yes Bank Limited
+ PAWAR JIGNESHBHAI RAMESHBHAI,9408191319,394716,Yes Bank Limited
+ PAWAR JIGNESHBHAI SOMABHAI,9409358493,394716,Yes Bank Limited
+ PAWAR NARENDRABHAI SHIVADASBHAI,9898978394,394710,Airtel Payments Bank Limited
+ PAWAR SHANKARBHAI SOJAYABHAI,9016323916,394710,Yes Bank Limited
+ PAWAR SUREKHABEN VASANTBHAI,9429998720,394716,Yes Bank Limited
+ PAWAR SUREKHABEN VASANTBHAI,7016723778,394710,Union Bank of India
+ PAWAR SURENDRABHAI YASHVANTBHAI,9426353612,394730,Yes Bank Limited
+ PINJARA SHEKHSIKANDAR SHEKHGANI,9714020604,394710,HDFC Bank Ltd.
+ PIYUSH RAMUBHAI GAMIT,9429144984,394715,State Bank of India
+ PRADIPBHAI POSALYABHAI KAGDE,6354436218,394716,Yes Bank Limited
+ PRAKASHBHAI BHAVANBHAI GAYKWAD,9427492484,394710,State Bank of India
+ PRAKASHBHAI CHAURYA,9409462246,394710,State Bank of India
+ PRASHANTKUMAR RATANBHAI CHAUDHARI,9484557893,394716,Yes Bank Limited
+ PRATIK YOUGESHBHAI,9512681140,363040,India Post Payments Bank Limited
+ PRATIKSHABEN K RATHOD,8140131518,394730,State Bank of India
+ PRAVINBHAI ITYABHAI DESHMUKH,9426513088,394710,Punjab National Bank
+ PREETESH ASHOKBHAI,9408738878,394710,India Post Payments Bank Limited
+ PRITESHBHAI KASHINATHBHAI GAVIT,8347748600,394720,Airtel Payments Bank Limited
+ PRIYANKBHAI SEVANBHAI,9979454774,394710,India Post Payments Bank Limited
+ PUNAMBEN SUKLALBHAI PAWAR,7984768998,394720,Yes Bank Limited
+ RAJARAMBHAI BUDHABHAI DALVI,9904741930,394730,State Bank of India
+ RAJENDRABHAI RAMCHANDRABHAI JADAV,9316175470,394715,India Post Payments Bank Limited
+ RAJESHBHAI PRUTHVIRAJBHAI GAVIT,9714331006,394715,Yes Bank Limited
+ RAJESHKUMAR JAVANSINH,9624144390,394730,India Post Payments Bank Limited
+ RAJUBHAI,9408023058,394716,Yes Bank Limited
+ RAJUBHAI CHHAGANBHAI BHOYE,9429852543,394716,Punjab National Bank
+ RAMUBHAI SUKIRAV,9426574746,394710,India Post Payments Bank Limited
+ RATANSINGH SURYAVANSHI,9624501181,394710,State Bank of India
+ RATHOD GAMANBHAI,9924131518,394730,State Bank of India
+ RATHODMANHARBHAIYASHAVANTBHAI,9426742947,394710,Yes Bank Limited
+ RATILALBHAI BARE,7016619582,394716,Yes Bank Limited
+ RAUT ISHWARBHAI RAMDASBHAI,7359593998,394720,Airtel Payments Bank Limited
+ RAUT SATISHBHAI DONGRYABHAI,9426019877,394716,Union Bank of India
+ RAVINDRABHAI DHARUBHAI PAWAR,9925141525,394720,Yes Bank Limited
+ RITESH RAJU,9426906628,394710,India Post Payments Bank Limited
+ RUPAMBEN SHAILESHBHAI BHOYE,9998054440,394710,State Bank of India
+ S. B. VADU,9428717315,394710,India Post Payments Bank Limited
+ S. M. BHOYE,9427819905,394710,India Post Payments Bank Limited
+ S. Z. GAVIT,8140659959,394710,India Post Payments Bank Limited
+ SACHINBHAI MUKESHBHAI THORAT,9499665175,394730,Yes Bank Limited
+ SAGAR SANJAYBHAI,8128749126,394730,India Post Payments Bank Limited
+ SAKUNTALABEN NAVINBHAI AHIRE,9428176444,394710,Yes Bank Limited
+ SANJAY KUMAR POPATLAL,9408190142,394710,India Post Payments Bank Limited
+ SANJAYBHAI  BORATE,9428380657,394710,Bank of Baroda
+ SANJAYBHAI DEVRAMBHAI VALVI,9904745468,394710,Yes Bank Limited
+ SANJAYKUMAR,8320282521,394716,India Post Payments Bank Limited
+ SARIKABEN VANJIBHAI BORSA,9427730001,394716,Yes Bank Limited
+ SATISHBHAI MERSINGBHAI PAWAR,9723943233,394730,Yes Bank Limited
+ SATISHBHAI MOHANBHAI MAHLA,9427704717,394716,Yes Bank Limited
+ SATISHBHAI RAUT,9429968993,522617,Canara Bank
+ SEEMABEN  CHAURYA,9409661374,394710,Bank of Baroda
+ SHAHINBANU FARUKBHAI MULLA,8866323859,394710,Yes Bank Limited
+ SHAILESHBHAI GANGURDE,8140922191,394730,State Bank of India
+ SHAILESHBHAI GIRISHBHAI CHAUDHARI,9428047532,394710,Yes Bank Limited
+ SHAILESHBHAI KISHANBHAI CHAUDHARI,9426111695,394710,Yes Bank Limited
+ SHAILESHBHAI RAMANBHAI CHAUDHARI,9428695107,394716,Yes Bank Limited
+ SHAILESHBHAI SITARAMBHAI JADAV,7698794725,394720,Yes Bank Limited
+ SHIVABHAI NAVSYABHAI,9408446121,394710,India Post Payments Bank Limited
+ SHIVRAMBHAI R GAVIT,9428884781,394715,State Bank of India
+ SHREE ADARSH MAHILA SANCHALIT DUDH UTPADAK SAHAKARI MANDALI BARDIPADA,9426888009,394715,The Federal Bank Ltd.
+ SITARAMBHAI CHHAGANBHAI MOKASI,9313265290,394716,Yes Bank Limited
+ SITARAMBHAI RAMESHBHAI KUNVAR,6354549910,394716,Yes Bank Limited
+ SMITBHAI  PAVAR,9558143907,394710,Airtel Payments Bank Limited
+ SOMABHAI GHURIYABHAI CHAUDHARI,9429786314,394710,Yes Bank Limited
+ SOMNATH BHOVANBHAI THAKRE,6351905204,394710,Yes Bank Limited
+ SUBHASHBHAI MAGANBHAI PADVI,8306096783,394715,State Bank of India
+ SUBHASHBHAI MOVALYABHAI DESAI,9409174719,394716,Yes Bank Limited
+ SUBHASHBHAI SHEVARE,9909409325,394730,State Bank of India
+ SULEMANBHAI MAHADHUBHAI DASHMUKH,9409110330,394710,Union Bank of India
+ SUMITBHAI VITTHALBHAI KATARE,9574407227,394710,Yes Bank Limited
+ SUNIL  BHOYE,9428020263,394730,Bank of Baroda
+ SUNIL  JADHAV,9624000710,394710,Bank of Baroda
+ SUNILBHAI  GANVIT,8141359214,394730,Bank of Baroda
+ SUNILBHAI JIVRAMBHAI PAVAR,7203829280,394720,Yes Bank Limited
+ SUNILBHAI RAMJIBHAI KAMDI,9904326713,394730,Yes Bank Limited
+ SUNILKUMAR  BHOYE,8154869793,394710,Bank of Baroda
+ SUNITABEN SHAILESHBHAI MAHALA,9913895315,394715,Union Bank of India
+ SURAJBHAI MAHENDRABHAI BHAGARYA,6351251634,394710,Yes Bank Limited
+ SUSHILABEN RAMUBHAI THAKRE,9723666888,394720,Yes Bank Limited
+ SWAPNILBHAI HEMANTBHAI GAVLI,7487055422,394710,Yes Bank Limited
+ TARABEN KASHINATHBHAI MAHALA,9409433536,394730,Central Bank of India
+ TEJALBHAI TANUBHAI,9409631798,394730,Union Bank of India
+ TEJASHKUMAR RAJUBHAI VALVI,6356980109,394730,Yes Bank Limited
+ TEJASKUMAR  GAVANDE,9426109943,394730,Bank of Baroda
+ THAKARE PRADIPBHAI BAYAJIBHAI,9408292608,394710,Yes Bank Limited
+ THAKRE ARJUNBHAI KASHIRAMBHAI,9409111123,394716,Yes Bank Limited
+ THAKRE HARESHBHAI ANADBHAI,9409624860,394730,Yes Bank Limited
+ THAKRE SHANKARBHAI KASHIRAMBHAI,9409353570,394716,Yes Bank Limited
+ VADILALBHAI,7990282024,394716,Union Bank of India
+ VADU RAMANBHAI,9624972464,394720,Airtel Payments Bank Limited
+ VAISHALIBEN PATEL,8238750827,394716,Yes Bank Limited
+ VANITABEN BHUPESHBHAI PAWAR,9429784973,394715,Yes Bank Limited
+ VANITABEN NILESHBHAI MARALI,9409627744,394715,Yes Bank Limited
+ VANJIBHAI SONJIBHAI BORSA,9429977961,394716,Yes Bank Limited
+ VASANTBHAI,9664816052,394716,Union Bank of India
+ VASIMBIN  BAVJEER,9662309225,394730,Bank of Baroda
+ VILASHBHAI  BHOYE,9408101053,394710,Bank of Baroda
+ VIPULBHAI  GANGODA,7698869031,394730,Bank of Baroda
+ VISHALKUMAR SHAILESHBHAI KURUNGADE,9408298335,394715,Yes Bank Limited
+ YOGENDRAKUMAR RAMJIBHAI,9426111010,394710,Union Bank of India
+ YOGESHBHAI BARKYABHAI CHAUDHARI,9427481492,394716,Yes Bank Limited
+ YOSHOFBHAI PAVAR,8320875963,394715,State Bank of India
