bc_name,mobile_no,pincode,bank_name
+ A L BHETARIYA,9428727963,360590,India Post Payments Bank Limited
+ A S THANKI,9913900738,360590,India Post Payments Bank Limited
+ ABDULBHAI,9712239971,361010,India Post Payments Bank Limited
+ ABHISHEK KATIRA MEHUL,8264530477,361305,India Post Payments Bank Limited
+ AJAY NAKUM,9586310355,361315,AXIS Bank Ltd.
+ AJAYSINH VAJUBHA,9824268524,361305,India Post Payments Bank Limited
+ AKBAR HUSAIN CHAVADA,7802820909,361335,Fino Payments Bank Ltd.
+ AKRAMULHAQ AKRAMULHAQ  SUHRAVARDISUHRAVARDI,8469565294,361305,AXIS Bank Ltd.
+ AKSHAYKUMAR NAGINBHAI,9558134089,360531,India Post Payments Bank Limited
+ ALPABEN  KANANI,9998963952,361305,Bank of Baroda
+ ALPESH VITHTHALBHAI PUROHIT,9426498452,360510,India Post Payments Bank Limited
+ AMBALIYA DILIPBHAI MARKHIBHAI,9727052153,361305,Fino Payments Bank Ltd.
+ AMBALIYA GOVIND DESURBHAI,9825655008,361315,AXIS Bank Ltd.
+ AMBALIYA KHIMABHAI VEJABHAI,7990127781,361320,Yes Bank Limited
+ AMBALIYA MARKHI GOGAN,9879005378,361315,Fino Payments Bank Ltd.
+ AMBALIYA PRAVIN BHIMSHIBHAI,8141803013,361306,AXIS Bank Ltd.
+ AMIT HARDASBHAI AMBALIYA,7622907949,361335,India Post Payments Bank Limited
+ AMITA PARMAR,8154900639,361280,Fino Payments Bank Ltd.
+ AMRUTLAL,9727134622,361325,India Post Payments Bank Limited
+ ANKIT,9724674987,361320,India Post Payments Bank Limited
+ ANVARHUSEN UMARBHAI,9998402434,361305,India Post Payments Bank Limited
+ ARBHAMBHAI,9898477292,361325,India Post Payments Bank Limited
+ ARIF ISHA MUNERA,7878080785,361347,State Bank of India
+ ARJAN KARUBHAI CHAVDA,9725912262,361305,AXIS Bank Ltd.
+ ARJUNSINH . JADEJA,7600403005,361010,Fino Payments Bank Ltd.
+ ARVINDBHAI,9979359110,361315,India Post Payments Bank Limited
+ ASHISH  THOBHANI,7016027108,361305,Bank of Baroda
+ ASHOK POPATLAL RAMAVAT,6353576732,361330,Fino Payments Bank Ltd.
+ ASHOKKUMAR,9723532833,361335,India Post Payments Bank Limited
+ ASHWAR CHANDRESH,9998552730,361280,Fino Payments Bank Ltd.
+ ASMITABEN LALSING VALVAI,9913448762,361335,India Post Payments Bank Limited
+ ASWAR MANSUKHBHAI,8780772688,361335,India Post Payments Bank Limited
+ ATRI RAMESHCHANDRA,9712576845,361305,India Post Payments Bank Limited
+ ATUL ANANTRAY KUBAVAT,9825911514,361315,India Post Payments Bank Limited
+ ATULBHAI,9978511945,361335,India Post Payments Bank Limited
+ AUDICH MANSUKH KALYANBHAI,9537530089,361315,India Post Payments Bank Limited
+ AVADDAN HARDASHBHAI LUNA,9737160001,361315,State Bank of India
+ BABUBHAI PIPROTAR,9624321745,360510,State Bank of India
+ BABULAL,9974564709,360515,India Post Payments Bank Limited
+ BAGDA KANCHANBEN VIJAYBHAI,8128502714,360510,Fino Payments Bank Ltd.
+ BAHAUDIN BHAI,9979660539,360515,India Post Payments Bank Limited
+ BALUBHAI  CHANPA,9624354995,361345,Bank of Baroda
+ BANSARIBEN HARSHIDBHAI DAVADA,7203891574,361335,India Post Payments Bank Limited
+ BARAI PRATIKSHABEN,9427573400,361305,Airtel Payments Bank Limited
+ BARAIYA,9081151559,360510,India Post Payments Bank Limited
+ BARIA NILESHBHAI GANPATBHAI,6351658019,389380,Yes Bank Limited
+ BARIA VIJAYBHAI CHHAGANBHAI,9601791011,389380,Yes Bank Limited
+ BEERENDRA,8077757546,361305,India Post Payments Bank Limited
+ BHACHKAN JITU,7016010556,361305,RBL Bank Ltd
+ BHAGAVATI PRASAD,9428668313,361305,India Post Payments Bank Limited
+ BHAGVANJIBHAI,9898325639,360510,India Post Payments Bank Limited
+ BHAGVATSINH,9879357102,361325,India Post Payments Bank Limited
+ BHAGWAN GIRI,9898327501,361280,Fino Payments Bank Ltd.
+ BHALODIYA BAVANJIBHAI,9054125625,361305,Airtel Payments Bank Limited
+ BHARAT MURABHAI  SHIRUKA,8460041347,361350,Bank of Baroda
+ BHARATBHA RAJUBHA MANEK,9327248188,361345,Fino Payments Bank Ltd.
+ BHARATBHAI,9512415027,361325,India Post Payments Bank Limited
+ BHARATBHAI,8347610443,361345,India Post Payments Bank Limited
+ BHARATBHAI  VARU,9974126848,361320,Bank of Baroda
+ BHARGAV ANILBHAI,9173400408,361335,India Post Payments Bank Limited
+ BHARVADIYA MILAN DEVABHAI,9510325325,361320,AXIS Bank Ltd.
+ BHARVADIYA SUDHIR DADUBHAI,9724650444,360531,AXIS Bank Ltd.
+ BHATIYA AJAY,9512516119,361306,AXIS Bank Ltd.
+ BHATIYA HEMAT SAMATBHAI,9913899323,361306,Fino Payments Bank Ltd.
+ BHATU,6352385971,361010,India Post Payments Bank Limited
+ BHAVESHBHAI KASINGBHAI,8980164933,361306,India Post Payments Bank Limited
+ BHAVIN GOJIYA,9510449633,361305,AXIS Bank Ltd.
+ BHAYA  ARIF,8141510343,361310,Fino Payments Bank Ltd.
+ BHAYA  HEMATALI,9054002701,361010,Airtel Payments Bank Limited
+ BHAYA EJAJBHAI HARUNBHAI,7801935046,361310,Fino Payments Bank Ltd.
+ BHAYA MOHSIN OSMAN,8866392672,361310,Fino Payments Bank Ltd.
+ BHAYA RIZWAN HARUN,7861866601,361310,Fino Payments Bank Ltd.
+ BHIMANI AMITKUMAR,7600485067,360515,India Post Payments Bank Limited
+ BHIMASI BHATIYA BHATIYA,7990719207,361306,HDFC Bank Ltd.
+ BHIMSHIBHAI  BHATIYA,9712712163,361305,Bank of Baroda
+ BHOGAYATA MAHESHBHAI GORDHANBHAI,9067006420,361305,Yes Bank Limited
+ BHOI CHETANKUMAR,6359885289,360515,India Post Payments Bank Limited
+ BHOJABHAI,9953176350,361306,India Post Payments Bank Limited
+ BHULABHAI DABHI,9913906023,361315,State Bank of India
+ CHAMPAKLAL,7487854556,361335,India Post Payments Bank Limited
+ CHANDRAKANT MANILAL BHAYANI,9276759083,361347,State Bank of India
+ CHANDRASHEKHAR PRASAD,8651476487,361330,India Post Payments Bank Limited
+ CHANDUBHAI NARANBHAI,9638440105,361305,India Post Payments Bank Limited
+ CHANDULAL,9974021325,361320,India Post Payments Bank Limited
+ CHANDULAL,9913534492,361305,India Post Payments Bank Limited
+ CHANPA BALUBHAI RAMABHAI,6351932136,361335,Fino Payments Bank Ltd.
+ CHAUHAN RAJENDRASINH,9978044546,361280,Fino Payments Bank Ltd.
+ CHAUHAN SUMITRA MANOJBHAI,7623862884,361310,Fino Payments Bank Ltd.
+ CHAVADA  KISHAN,8200356961,361335,Fino Payments Bank Ltd.
+ CHAVDA ARSHIBHAI BHIMABHAI,9712018998,361306,India Post Payments Bank Limited
+ CHAVDA DEVSHI DESHURBHAI,8000580279,361315,Yes Bank Limited
+ CHAVDA MASARIBHAI KHIMABHAI,8128094050,361305,Fino Payments Bank Ltd.
+ CHAVDA MERU DEVSHI,9586740172,361315,HDFC Bank Ltd.
+ CHAVDA VIMALBHAI DADUBHAI,9824365666,361305,Yes Bank Limited
+ CHETANKUMAR,9879066386,360510,India Post Payments Bank Limited
+ CHHAYA JAGABHAI,8980929472,361305,Canara Bank
+ CHHAYA JALPESH GAJENDRARAY,9714047979,361305,AXIS Bank Ltd.
+ CHHUCHHAR MANJUBEN ARJANBHAI,7575886794,360510,Fino Payments Bank Ltd.
+ DADUBHA PARBATBHA,9879799734,361315,India Post Payments Bank Limited
+ DALPATRAM,9724384482,360515,India Post Payments Bank Limited
+ DAMOR BHAVANABEN,9727236778,361335,India Post Payments Bank Limited
+ DAMOR MANOJKUMAR JUMABHAI,8200805522,361345,India Post Payments Bank Limited
+ DAMOR VIPULKUMAR,9726970255,360590,India Post Payments Bank Limited
+ DANGAR MUKESH NARANBHAI,9712048848,361306,AXIS Bank Ltd.
+ DAVDA KISHAN,9033306392,361305,Yes Bank Limited
+ DAVUBHAI RAMASHIBHAIDER,9722852760,361315,AXIS Bank Ltd.
+ DAYAGAR,7096030455,361306,India Post Payments Bank Limited
+ DESURBHAI,9979742425,361315,India Post Payments Bank Limited
+ DEVANANDBHAI,9687315390,361315,India Post Payments Bank Limited
+ DEVANG ATULBHAI  PANDYA,8140200656,361315,Bank of Baroda
+ DEVASHI CHAVDA,9909974066,361305,Bank of India
+ DEVATBHAI,9879039158,361335,India Post Payments Bank Limited
+ DEVENDRA  PANDYA,9408727002,361305,Bank of Baroda
+ DEVJI HIRJI,9979166618,361315,India Post Payments Bank Limited
+ DEVJIBHAI,7600377987,361335,India Post Payments Bank Limited
+ DEVU,9558914409,361335,India Post Payments Bank Limited
+ DHAMA SHAKTI HAJANHAI,6354190529,361305,RBL Bank Ltd
+ DHANANJAY SAH,9726458494,361010,Airtel Payments Bank Limited
+ DHARMENDRA M MUNDVADA,9099738618,360510,India Post Payments Bank Limited
+ DHARMIK THANKI,9426167012,360510,AXIS Bank Ltd.
+ DHARMISTHA GOVINDBHAI BARAD,9687434534,361305,India Post Payments Bank Limited
+ DHIRAJLAL,9638643771,361306,India Post Payments Bank Limited
+ DHOKIYA VIJAY,9974200411,361335,AXIS Bank Ltd.
+ DILIPBHAI,9824401107,361305,India Post Payments Bank Limited
+ DINESH,9978305402,360510,India Post Payments Bank Limited
+ DINESH,9974877302,361335,India Post Payments Bank Limited
+ DINESH CHANDRA,9727820248,361315,India Post Payments Bank Limited
+ DINESHBHAI,9925530765,360510,India Post Payments Bank Limited
+ DIPAK CHAUHAN,8460803369,361350,AXIS Bank Ltd.
+ DIPTIBEN,9429807322,361305,India Post Payments Bank Limited
+ DUDHAIYA RAHUL JAYESHBHAI,9427386824,361305,India Post Payments Bank Limited
+ DUVA GOGAN KHIMABHAI,9904492001,361306,AXIS Bank Ltd.
+ DUVA SUMIT MASHARIBHAI,7874423707,361306,Fino Payments Bank Ltd.
+ GADHVI PARMANAND,9904980203,361335,Paytm Payments Bank Limited
+ GAJUBHA  MANEK,9687934936,361345,Bank of Baroda
+ GANGJI,9638976915,391165,India Post Payments Bank Limited
+ GHELABHAI,9998044150,361335,India Post Payments Bank Limited
+ GHELABHAI DADUBHAI CHETARIYA,9925858666,361315,State Bank of India
+ GIRDHARBHAI,7984638663,361305,India Post Payments Bank Limited
+ GIRISH BHAI AMRITLAL,9429558494,361350,India Post Payments Bank Limited
+ GOHEL VISHAL,9274010196,361350,Fino Payments Bank Ltd.
+ GOHIL HITENDRASINH,9106579355,361305,India Post Payments Bank Limited
+ GOJIYA GOVIND NATHU,6354098693,361305,India Post Payments Bank Limited
+ GOJIYA NITIN ARSHIBHAI,8128953012,361305,Central Bank of India
+ GONDALIYA HARIRAM,9173634141,361345,Airtel Payments Bank Limited
+ GONDALIYA VIJAY,9913203811,361280,Fino Payments Bank Ltd.
+ GOPALBHAI,9737552206,360510,India Post Payments Bank Limited
+ GORDHANBHAI,6354670940,360510,India Post Payments Bank Limited
+ GORFAD URMILA NARANBHAI,7359632190,360510,Fino Payments Bank Ltd.
+ GOSAI RAKESH NILESHPARI,8530115852,361305,RBL Bank Ltd
+ GOSAI VIPULGAR JAMANAGAR,8238035133,361306,India Post Payments Bank Limited
+ GOSWAMI KARANGIRI ANILGIRI,7046824307,361320,Fino Payments Bank Ltd.
+ GOSWAMI VIJAYPARI MUKESHPARI,9898764179,361320,Fino Payments Bank Ltd.
+ GOVABHAI,9727935046,361315,India Post Payments Bank Limited
+ GOVIND CHAVDA,7778996333,361320,Airtel Payments Bank Limited
+ GOVINDBHAI,9712576180,361306,India Post Payments Bank Limited
+ GOVINDBHAI,9429586310,361350,India Post Payments Bank Limited
+ GOVINDKUMAR BHABHOR,9925224403,360515,India Post Payments Bank Limited
+ GULAMNAVAJ SHETHA,9427670942,360510,AXIS Bank Ltd.
+ GUMANSINH,9426716360,361345,India Post Payments Bank Limited
+ GUNVANTRAI,9726938233,361010,India Post Payments Bank Limited
+ HADIYAMA,9925717423,361305,India Post Payments Bank Limited
+ HAJA SAMAT SUVA,9725897257,361315,State Bank of India
+ HAKUBHA,9904378379,361315,India Post Payments Bank Limited
+ HAMIRBHAI DEVABHAI,9879712115,360531,India Post Payments Bank Limited
+ HARAJIBHAI,9586075085,360510,India Post Payments Bank Limited
+ HARANIYA VASANTBHAI RAMJIBHAI,9978790987,361280,Fino Payments Bank Ltd.
+ HARDASBHAI,9998309549,361306,India Post Payments Bank Limited
+ HARDEVSINH,8141142043,361315,India Post Payments Bank Limited
+ HAREN SURESHBHAI GOHEL,9824599680,361350,Fino Payments Bank Ltd.
+ HARESH MERAMANBHAI CHAUHAN,9904573318,361310,Fino Payments Bank Ltd.
+ HARESHKUMAR,8140656800,361320,India Post Payments Bank Limited
+ HARESHKUMAR,9377638666,361305,India Post Payments Bank Limited
+ HARISHKUMAR BARAI,9879535112,361335,Airtel Payments Bank Limited
+ HARJIVANDAS,9265598030,361315,India Post Payments Bank Limited
+ HARSHIKABEN D BAMANIA,9512393919,361345,India Post Payments Bank Limited
+ HARSHIT DEVSHIBHAI RAM,8128545122,361335,India Post Payments Bank Limited
+ HASMUKH,9909644678,361010,India Post Payments Bank Limited
+ HASMUKH,9724568104,361305,India Post Payments Bank Limited
+ HASMUKHBHAI,9879675158,360510,India Post Payments Bank Limited
+ HEMABEN,9898548582,361305,Airtel Payments Bank Limited
+ HEMANT SAJANBHAI KONDORIYA,9998132278,361315,State Bank of India
+ HEMATPARI,9712215610,361306,India Post Payments Bank Limited
+ HEMATPURI,9586823247,361315,India Post Payments Bank Limited
+ HETALBEN RAKESH PARMAR,9408635000,361305,State Bank of India
+ HETALI AMRUTLAL MODI,8140246568,361315,India Post Payments Bank Limited
+ HIMANSHU YOGESHBHAI  VAYEDA,7990366956,361335,Central Bank of India
+ HIMANSHUKUMAR,9426442378,361305,India Post Payments Bank Limited
+ HIMUBHA ASPABHA NAYANI,9724263544,361345,Bank of Baroda
+ HINGORA AMAND NURMAMADBHAI,9099425441,360510,Fino Payments Bank Ltd.
+ HINGORA BIBIBEN ALTAF,8511962786,360510,Fino Payments Bank Ltd.
+ HINGORA MADISHA KASAMBHAI,9773248875,360510,Fino Payments Bank Ltd.
+ HINGORA MUMTAJ,7046083741,360510,Fino Payments Bank Ltd.
+ HIRENKUMAR,9601053449,361010,India Post Payments Bank Limited
+ HITENDRASINH,9723396587,361335,India Post Payments Bank Limited
+ HITENDRASINH D VADHER,6351662011,361335,India Post Payments Bank Limited
+ HITESHBHAI P GOKANI,9376411101,361350,Fino Payments Bank Ltd.
+ IBRAHIM BHAI,9925771038,361306,India Post Payments Bank Limited
+ ISHABHAI,9428125998,361306,India Post Payments Bank Limited
+ J V JOGAL,8320486159,361325,India Post Payments Bank Limited
+ JADAV  VIJAY,7226096256,361325,Fino Payments Bank Ltd.
+ JADEJA,9773486572,361320,India Post Payments Bank Limited
+ JADEJA,7990335596,361010,India Post Payments Bank Limited
+ JADEJA ABHAYRAJSINH BHARATSINH,7600421222,361305,Yes Bank Limited
+ JADEJA DASHARATHSINH BHIKHUBHA,9664639129,361335,India Post Payments Bank Limited
+ JADEJA DEVANSHEEBA CHANDRASINH,9537382584,361306,India Post Payments Bank Limited
+ JADEJA MAHAVIRSINH,9574159910,361280,Fino Payments Bank Ltd.
+ JADEJA VANRAJSINH NARUBHA,9510466683,361315,Fino Payments Bank Ltd.
+ JAGDISH  DUDHARAJIYA,9687276815,361350,Bank of Baroda
+ JAGDISH DEVASHIBHAI GOJIYA,9408322295,361305,India Post Payments Bank Limited
+ JAGDISHBHAI  VARU,9913530896,360510,Bank of Baroda
+ JAGRUTIBEN  KATARIYA,9106164644,360510,Bank of Baroda
+ JAM BINABEN PRATAPSINH,9824681882,361335,Fino Payments Bank Ltd.
+ JAM SAGAR ARJANBHAI,8511991268,361305,RBL Bank Ltd
+ JANKI,9727477578,361335,India Post Payments Bank Limited
+ JAY  MAKWANA,7600072345,361335,Bank of Baroda
+ JAY PRAVINBHAI DHADUK,9664571476,360311,India Post Payments Bank Limited
+ JAYANTILAL,9825830310,360510,India Post Payments Bank Limited
+ JAYDEEP,9662242999,361315,India Post Payments Bank Limited
+ JAYESHKUMAR SHASHIKANTBHAI KIRATASATA,9601076076,361310,India Post Payments Bank Limited
+ JENTI  KANZARIA,9978511832,361335,Bank of Baroda
+ JERAMGAR,9974254408,361320,India Post Payments Bank Limited
+ JESHABHAI LAKHMANBHAI VARU,9909440136,361325,State Bank of India
+ JETHABHAI,9726177875,360510,India Post Payments Bank Limited
+ JITENDRA PURI,8735035951,361280,Airtel Payments Bank Limited
+ JITENDRABHAI,9979626659,361315,India Post Payments Bank Limited
+ JITENDRABHAI,9904753066,361310,India Post Payments Bank Limited
+ JIVANBHAI LAKHAMANBHAI,9427422492,361320,India Post Payments Bank Limited
+ JOSHI MAHENDRA VELJIBHAI,9662900222,361510,AXIS Bank Ltd.
+ JOSHI VAISHALI RAMESHBHAI,8849238905,360510,Fino Payments Bank Ltd.
+ KADIVAR NAUSHAD,9662499290,360510,Airtel Payments Bank Limited
+ KAJAL,9726791687,361335,India Post Payments Bank Limited
+ KAMLESHBHAI,9924831363,361310,India Post Payments Bank Limited
+ KANARA MANOJ,9925830777,361280,Fino Payments Bank Ltd.
+ KANJIBHAI,9737643123,361320,India Post Payments Bank Limited
+ KANJIBHAI,9726962853,361306,India Post Payments Bank Limited
+ KANTILAL,9879308519,360515,India Post Payments Bank Limited
+ KANTILAL,9427279080,361345,India Post Payments Bank Limited
+ KANZARIYA KISHOR KANJIBHAI,9978562758,361305,Fino Payments Bank Ltd.
+ KANZARIYA TRUPESH,9510920977,361335,AXIS Bank Ltd.
+ KARANGIYA RAJSI NATHUBHAI,9377668825,361306,Fino Payments Bank Ltd.
+ KARMUR,9725531520,360510,India Post Payments Bank Limited
+ KARMUR HARISHKUMAR GOVINDBHAI,9099453572,361325,Fino Payments Bank Ltd.
+ KARMUR SHAILESH PARBATBHAI,9714550421,361305,India Post Payments Bank Limited
+ KATARA KARSHANBHAI DHANABHAI,9879621888,360510,Fino Payments Bank Ltd.
+ KATIYA IRFAN,9898618692,361345,Airtel Payments Bank Limited
+ KAUSHIKKUMAR KHETABHAI BARIA,8980242842,361335,India Post Payments Bank Limited
+ KAZI TANJILURRAHMAN  BADRUJJAMA,9898960398,360510,Bank of Baroda
+ KESHAVLAL,9998600283,361320,India Post Payments Bank Limited
+ KEVAL MAYARAM DUDHREJIYA,9662240886,361320,State Bank of India
+ KHIMABHAI,9913759900,360510,India Post Payments Bank Limited
+ KIRIT NANDANIYA,9913959068,360510,State Bank of India
+ KISHOR KASHIRAM,9427422533,361320,India Post Payments Bank Limited
+ KISHORKUMAR,9727318812,360510,India Post Payments Bank Limited
+ KORRAPATI,9182148584,361335,India Post Payments Bank Limited
+ KORRAPATI SAIDULU,8367614209,361335,AXIS Bank Ltd.
+ KULDIP J DUDHREJIYA,8469722363,361306,India Post Payments Bank Limited
+ LADHUBHA NAGJIBHAI,9687073485,361335,India Post Payments Bank Limited
+ LAKHA DEVA,9998938285,360515,India Post Payments Bank Limited
+ LAKHAMAN BHIMASIBHAI KANDORIYA,7359676462,361315,India Post Payments Bank Limited
+ LAKHMAN,9428320610,361315,India Post Payments Bank Limited
+ LAKHU,9913208927,361335,India Post Payments Bank Limited
+ LALPARDA MAHILA DUDH UTPADAK SAHKARI MANDLI LTD,9726616014,361306,The Federal Bank Ltd.
+ LATHIYA SAVANKUMAR BHAGAVANJIBHAI,8469962187,360510,Yes Bank Limited
+ LAXMIDAS,9429588061,361335,India Post Payments Bank Limited
+ LILADHAR,9426343539,361306,India Post Payments Bank Limited
+ LIMBAD VIPULKUMAR,9429119053,360530,Paytm Payments Bank Limited
+ MADAM ALABHAI,9099089687,361305,Airtel Payments Bank Limited
+ MADAM KISHAN LAKHABHAI,9723943349,361315,Fino Payments Bank Ltd.
+ MADHABHAI,9925723082,360510,India Post Payments Bank Limited
+ MAGHAN BHAI PARSOTAMBHAI,9726777780,361305,India Post Payments Bank Limited
+ MAGHUDIYA RAJESH NARASHIBHAI,9328038064,361315,India Post Payments Bank Limited
+ MAHAMAD,9998496416,360510,India Post Payments Bank Limited
+ MAHENDRA,7827921584,361345,India Post Payments Bank Limited
+ MAHENDRABHAI,9537570705,360510,India Post Payments Bank Limited
+ MAHENDRABHAI,8141581666,361335,India Post Payments Bank Limited
+ MAHESH JAISWAL,8000414313,361001,Airtel Payments Bank Limited
+ MAHIDA KALPESH RAMESHBHAI,9978246590,361305,India Post Payments Bank Limited
+ MAJITHIA HARDIK SHAILESH,7990086841,361305,Fino Payments Bank Ltd.
+ MAKAVANA SAJANBEN BABUBHAI,8866286516,360531,Fino Payments Bank Ltd.
+ MAKVANA VIJAY,7228822472,361305,RBL Bank Ltd
+ MALIYA HIREN,9979686380,361010,India Post Payments Bank Limited
+ MAMADBHAI,9898164978,361306,India Post Payments Bank Limited
+ MAMADBHAI HINGORAJA,9898164987,361306,India Post Payments Bank Limited
+ MANDALIYA DHAVAL VINODBHAI,9998912012,360510,RBL Bank Ltd
+ MANDANBHAI,9974999913,363435,India Post Payments Bank Limited
+ MANEK  RAJABHA,9998516064,361347,Fino Payments Bank Ltd.
+ MANEK HITESH JETHABHA,9624499040,361335,Yes Bank Limited
+ MANHARBHAI KHIMJIBHAI,9724241704,360531,India Post Payments Bank Limited
+ MANILAL KESHAVJI BHAI,9558436281,361315,India Post Payments Bank Limited
+ MANJUBEN KISHANBHAI PINDARIA,8238785882,360510,Fino Payments Bank Ltd.
+ MANSHUKHLAL,8238557394,361305,India Post Payments Bank Limited
+ MANSHUKLAL,9904646795,361315,India Post Payments Bank Limited
+ MANSUKH  KAPDI,9099977089,361335,Bank of Baroda
+ MANSUKH NARANJI,9979281645,361315,India Post Payments Bank Limited
+ MANSUKHBHAI,9825353217,361306,India Post Payments Bank Limited
+ MANSUKHBHAI REVASHANKAR,9276558343,391110,India Post Payments Bank Limited
+ MANSUKHBHARATHI,6354962040,360515,India Post Payments Bank Limited
+ MANSUKHLAL SHIVSAKAR,9586453875,361320,India Post Payments Bank Limited
+ MASARIBHAI,7802089876,361310,India Post Payments Bank Limited
+ MATANG PRAVINBHAI,9904594454,361280,Fino Payments Bank Ltd.
+ MAYANK JAGDISHKUMAR UNADKAT,9723446166,361335,Fino Payments Bank Ltd.
+ MAYUR  KAPDI,9510991359,361335,Bank of Baroda
+ MEET RAMESHBHAI PIPAROTAR,8160963562,360510,India Post Payments Bank Limited
+ MEGHANABEN JAGDISHBHAI PATEL,9904482209,361010,India Post Payments Bank Limited
+ MEPABHAI,6354207713,361335,India Post Payments Bank Limited
+ MIHIR MUKESHBHAI BALBHADRA,8866152855,361305,AXIS Bank Ltd.
+ MILAN BHAYA KARMUR,8780799128,384440,India Post Payments Bank Limited
+ MITESH GOKALDAS,9723388694,361325,India Post Payments Bank Limited
+ MOHANLAL,9898797871,361305,India Post Payments Bank Limited
+ MOKARIYA PRASHANT,9726159402,361305,AXIS Bank Ltd.
+ MOTIRAM,7874924314,361335,India Post Payments Bank Limited
+ MOTIVARAS ARVIND B,8320243045,361347,AXIS Bank Ltd.
+ MUKESHBHAI,9925749274,360510,India Post Payments Bank Limited
+ MUKESHGIRI,9726777517,361305,India Post Payments Bank Limited
+ MULSHANKAR,9558441999,361305,India Post Payments Bank Limited
+ NAIRUT JITENDRABHAI SAMANI,9586376311,361347,Yes Bank Limited
+ NAKUM BHAVIK SHANTILAL,9925963177,361305,AXIS Bank Ltd.
+ NAKUM NANJIBHAI,9913116633,361305,Airtel Payments Bank Limited
+ NAKUM RAJ JITENDRABHAI,9624765383,361305,Yes Bank Limited
+ NAKUM SHAMJIBHAI,9586743844,361315,Airtel Payments Bank Limited
+ NAKUM SHYAM,8128116971,361305,Yes Bank Limited
+ NANDANI SHANTILAL,9723725080,361305,India Post Payments Bank Limited
+ NANDANIYA BHARAT BHIKHABHAI,9925797486,361305,AXIS Bank Ltd.
+ NANGESH DEVJI,7827925258,361335,India Post Payments Bank Limited
+ NARANBHAI,9979022140,360510,India Post Payments Bank Limited
+ NARASINBHAI,9925619047,361305,India Post Payments Bank Limited
+ NARAYANKUMAR,6352688196,361310,India Post Payments Bank Limited
+ NARESHBHAI,9825046568,361325,India Post Payments Bank Limited
+ NATHABHAI,9724494105,360510,India Post Payments Bank Limited
+ NATVARBHAI,9925796701,361010,India Post Payments Bank Limited
+ NATVARLAL,9879586209,361325,India Post Payments Bank Limited
+ NAVEEN,7206612304,361345,India Post Payments Bank Limited
+ NIHAR MODI,9157535982,361345,Airtel Payments Bank Limited
+ NIKHILA  SOLANKI,6353256340,360510,Bank of Baroda
+ NIKUNJ,9586639146,361315,India Post Payments Bank Limited
+ NIKUNJ CHANDARANA,9825714792,361305,State Bank of India
+ NIMAVAT,9427770749,360510,India Post Payments Bank Limited
+ NITINKUMAR CHAMANLAL JETHVA,9824862867,361350,State Bank of India
+ NIZARALI MERALI,9427275601,361315,India Post Payments Bank Limited
+ PANKAJ M ROT,9687289928,361305,India Post Payments Bank Limited
+ PARAKRAM SINH,9427283539,361320,India Post Payments Bank Limited
+ PARGI AJAYKUMAR,9023484047,361315,India Post Payments Bank Limited
+ PARGI DIVYABEN,9638072502,361345,India Post Payments Bank Limited
+ PARGI RAHULKUMAR,9099388295,361335,India Post Payments Bank Limited
+ PARMAR AJAY BHIKHABHAI,8469890269,360510,Fino Payments Bank Ltd.
+ PARMAR HARESHBHAI KANUBHAI,8490949700,361280,Fino Payments Bank Ltd.
+ PARMAR KAUSHALYABEN,9582816856,361335,India Post Payments Bank Limited
+ PARMAR VISHWARAJSINH,8780509194,361305,RBL Bank Ltd
+ PARSOTAM BHAI RAGHAVDAS,9925828910,361325,India Post Payments Bank Limited
+ PATEL ATULKUMAR MANIBHAI,6359885303,361350,India Post Payments Bank Limited
+ PIPAROTAR ARJANBHAI,9033336516,360510,Airtel Payments Bank Limited
+ PIPAROTAR PRATAPKUMAR ARJANBHAI,7777972771,360510,Yes Bank Limited
+ PIYUSH POPAT,9265129488,361010,Yes Bank Limited
+ PIYUSH RAMANBHAI,9624124567,361305,India Post Payments Bank Limited
+ POOJAN  MAJITHIYA,8238455703,361305,Yes Bank Limited
+ PRABATIBHAI ARSHIBHAI,9428989548,361320,India Post Payments Bank Limited
+ PRABHUDAS JADURAM,9512248240,361335,India Post Payments Bank Limited
+ PRADIPBHAI,9724522015,361010,India Post Payments Bank Limited
+ PRAKASH BACHUBHAI,8530246344,360510,India Post Payments Bank Limited
+ PRAMODKUMAR,9723490292,361345,India Post Payments Bank Limited
+ PRAVIN  MASHURA,9624607732,360001,Bank of Baroda
+ PRAVIN BHAI KANDAS,9979242427,361306,India Post Payments Bank Limited
+ PRAVINBHAI,9974927720,361315,India Post Payments Bank Limited
+ PRAVINBHAI,7874465238,361306,India Post Payments Bank Limited
+ PRAVINCHANDRA,9427774839,361306,India Post Payments Bank Limited
+ PRAVINSINH SHIVUBHA,9725528829,361315,India Post Payments Bank Limited
+ PREMDAS,9724180270,361305,India Post Payments Bank Limited
+ PREMJI BHAI,9426570521,361315,India Post Payments Bank Limited
+ PUNABHAI HIRABHAI,7201852421,361335,India Post Payments Bank Limited
+ PUROHIT MANSUKHBHAI,9724601979,360510,India Post Payments Bank Limited
+ PUSHPENDRA BHARATI,7043392551,361010,Airtel Payments Bank Limited
+ RAITHATHA  BHARATBHAI,9409514934,361335,HDFC Bank Ltd.
+ RAITHATHA YASHMIN VANRAVANBHAI,9427943440,361315,Fino Payments Bank Ltd.
+ RAJENDRAKUMAR,8469315600,361010,India Post Payments Bank Limited
+ RAJENDRASINH GULABSANG JADEJA,7600447753,361010,HDFC Bank Ltd.
+ RAJENDRSINH  VADHER,9574477748,360001,Bank of Baroda
+ RAJESH ASHAPARABHA  NAYANI,9054823964,361345,Bank of Baroda
+ RAJESHBHAI,9277504495,361315,India Post Payments Bank Limited
+ RAJU,9537390059,361345,India Post Payments Bank Limited
+ RAJU SHYAM GIRI,7859839495,361280,Fino Payments Bank Ltd.
+ RAKESH RANJITSINH SOLANKI,9558421059,361280,Fino Payments Bank Ltd.
+ RAMABHAI NAGABHAI VAGHELA,8530855919,361325,Fino Payments Bank Ltd.
+ RAMAVAT DHAVAL,7827925100,361335,India Post Payments Bank Limited
+ RAMESHBHAI,9727447895,361315,India Post Payments Bank Limited
+ RAMESHBHAI,9904371206,361335,India Post Payments Bank Limited
+ RAMESHBHAI,9925009826,361315,India Post Payments Bank Limited
+ RAMESHBHAI,9879439857,361335,India Post Payments Bank Limited
+ RAMESHVAR BHIKHUBHAI GOHIL,8469739929,360515,India Post Payments Bank Limited
+ RAMJIBHAI,9374856878,361335,India Post Payments Bank Limited
+ RAMNALAL,9898903734,361320,India Post Payments Bank Limited
+ RAMNIKLAL DAYASHANKAR,9714521257,361305,India Post Payments Bank Limited
+ RAMSHANKAR,8347726001,361310,India Post Payments Bank Limited
+ RANA KHIMABHAI VAROTARIYA,9727068260,361325,State Bank of India
+ RANASI KARIYA,8200636889,361305,India Post Payments Bank Limited
+ RANJANBEN DINUBHAI,9638121494,360531,India Post Payments Bank Limited
+ RASIKLAL,9601409118,360515,India Post Payments Bank Limited
+ RATHOD HITESH,9974020024,360510,Airtel Payments Bank Limited
+ RAVALIYA  SAGAR,9428690439,360510,Bank of Baroda
+ RAVI,9998261535,361335,India Post Payments Bank Limited
+ RAVIDAS,9924310706,361335,India Post Payments Bank Limited
+ RAVINABEN PUNJABHAI RAM,7698110396,361335,India Post Payments Bank Limited
+ RAVINDRABHAI,9824354623,361335,India Post Payments Bank Limited
+ RAVLIYA PITHABHA GOGANBHAI,8140539593,361320,AXIS Bank Ltd.
+ RAVUBHA KARABHA SUMANIYA,9898395995,361335,Airtel Payments Bank Limited
+ SACHDEV BHAVIN RASIKLAL,9624693999,361315,Fino Payments Bank Ltd.
+ SADAM HUSEN,9484580555,361305,Union Bank of India
+ SAGA MORI.,9979538931,361010,Bank of India
+ SAGAR SUBHASH CHANDRA DAVADA,9687878840,361305,AXIS Bank Ltd.
+ SAKHRA RAGHUBHAI BHIKABHAI,9106614324,361305,India Post Payments Bank Limited
+ SAMANI DARSHAN,8866482464,361345,Airtel Payments Bank Limited
+ SAMANI SACHIN PRAFULBHAI,8488821101,361315,Airtel Payments Bank Limited
+ SANGHAR AKHTAR RAZA,9712826284,361010,Yes Bank Limited
+ SANJAY BHAGWANJI DODHIYA,9586773600,361280,Fino Payments Bank Ltd.
+ SANJEEV POPATBHAI PARMAR,8238665831,360510,India Post Payments Bank Limited
+ SANTHARA JIGNESH,9427224339,360510,India Post Payments Bank Limited
+ SANTOKI BHAVISHABEN,8160901313,360510,Airtel Payments Bank Limited
+ SANWAR  RAM,9680999512,361280,Fino Payments Bank Ltd.
+ SATAR PASTA,9725090193,361335,Airtel Payments Bank Limited
+ SAVDAS PITHA AMBALIYA,7984709694,360515,India Post Payments Bank Limited
+ SHABBIR  MUNERA,7778866170,361335,Fino Payments Bank Ltd.
+ SHABBIR CHAKI,8200445813,361010,Bank of India
+ SHAH RAJ RAJESHBHAI,9925471217,389370,Yes Bank Limited
+ SHAH SONUKUMAR SHIVJIBHAI,7600831218,361305,Fino Payments Bank Ltd.
+ SHAMARABHA  SUMANIYA,6352922492,361345,Bank of Baroda
+ SHAMJIBHAI,9974050574,361347,India Post Payments Bank Limited
+ SHANKARDAN,9427445084,360510,India Post Payments Bank Limited
+ SHANTILAL,9898964798,360510,India Post Payments Bank Limited
+ SHANTILAL MADHAVDAS,9722610274,360510,India Post Payments Bank Limited
+ SHIYANI  KISHAN,8200336303,361335,Fino Payments Bank Ltd.
+ SHREE JAMPAR MAHILA DUDH UTPADAK SAHAKARI MANDALI LIMITED,9726620022,360510,The Federal Bank Ltd.
+ SHREE KALYANPUR MAHILA DUDH UTPADAK SAHAKARI MANDALI,9723052424,360531,The Federal Bank Ltd.
+ SHREE MOKHANA MAHILA DUDH UTPADK SAHKARI MANDALI LIMITED,9979464352,360510,The Federal Bank Ltd.
+ SHREE SEVAKDEVALIYA MAHILA DUDH UTPADAK SAHAKARI MANDALI LIMITED,9714642560,360510,The Federal Bank Ltd.
+ SHREE SHEDHAKHAI MAHILA DUDH UTPADAK SAHAKARI MANDALI,9723414309,360510,The Federal Bank Ltd.
+ SHRI AHIR SHINHAN MAHILA DUDH UTPADAK SAHAKARI MANDALI LIMITED,9712215534,361305,The Federal Bank Ltd.
+ SHRI MADHAV MAHILA DUDH UTPADAK SAHKARI MANDALI LIMITED,8200173377,361305,The Federal Bank Ltd.
+ SHRIMALI JAYANTIBHAI,9979499208,360510,India Post Payments Bank Limited
+ SHUKLA HEMLATA RAJESHKUMAR,9998261883,361010,Fino Payments Bank Ltd.
+ SIDDHARAJSINH,9327078742,361335,India Post Payments Bank Limited
+ SISODIYA,8200545732,361310,India Post Payments Bank Limited
+ SODHA,9033629167,361010,India Post Payments Bank Limited
+ SOLANKI HATHISHIN,9879092404,361280,Fino Payments Bank Ltd.
+ SONRAT NIRAV,9824582712,361305,AXIS Bank Ltd.
+ SULEMANBHAI,9909683785,360515,India Post Payments Bank Limited
+ SUMANIYA HARISANGBHA MADANBHA,8347967567,361335,Fino Payments Bank Ltd.
+ SUMAT GOVINDBHAI  CHHUCHHAR,9725050260,361306,Bank of Baroda
+ SUMBHA BAVABHA MANEK,9725993966,361345,HDFC Bank Ltd.
+ SUMBHA BAVABHA MANEK,9725993996,361345,HDFC Bank Ltd.
+ SURELA HINABEN RAYMALBHAI,9904888966,361305,AXIS Bank Ltd.
+ SURESH  GODHAM,9428728042,361305,Bank of Baroda
+ SURESHBHA  NAYANI,9904279753,361345,Bank of Baroda
+ SURESHBHAI,8141575373,361315,India Post Payments Bank Limited
+ SURESHBHAI,9558839129,361305,India Post Payments Bank Limited
+ SURESHKUMAR,9724180185,361305,India Post Payments Bank Limited
+ SURYANSHU  ROSHIYA,7600079751,361345,State Bank of India
+ TABREJ  PASTA,9106092690,361345,Bank of Baroda
+ TAKHUBHAI,9913263637,361325,India Post Payments Bank Limited
+ TAVIYAD,6354492759,361305,India Post Payments Bank Limited
+ TEJAL VIMAL RACHANI,8140853005,361347,Fino Payments Bank Ltd.
+ TEJASKUMAR MAHENDRABHAI LATHIYA,7990312881,361010,India Post Payments Bank Limited
+ THANKI JIGNASHA JITENDRABHAI,7982572246,360590,India Post Payments Bank Limited
+ THOBHANI ASHISH,9825858250,361305,Yes Bank Limited
+ UKABHAI NATHABHAI PARMAR,8487872328,361325,Airtel Payments Bank Limited
+ UKHABHAI,9979626168,361320,India Post Payments Bank Limited
+ UMEDGHAR BHAI,9586794498,361320,India Post Payments Bank Limited
+ UMESH DEVABHAI BANDHIYA,9313146523,360515,India Post Payments Bank Limited
+ UMESH KHIMJIBHAI DABHI,9157072777,361305,Yes Bank Limited
+ URVASHI ASHVINBHAI BHATELIYA,9601409348,361335,India Post Payments Bank Limited
+ USHABEN JAYANTILAL,9624415008,361305,India Post Payments Bank Limited
+ VAGADIYA HUSEN,8000024886,361335,Fino Payments Bank Ltd.
+ VAJA DAYABHAI,9723130521,362268,Airtel Payments Bank Limited
+ VAN RAVI VASHARAM,7016243064,361320,Fino Payments Bank Ltd.
+ VARA  RAVI,9173550777,361347,Airtel Payments Bank Limited
+ VARANGIYA SHANTILAL MALDE,9429362000,360510,AXIS Bank Ltd.
+ VARSHABEN BACHUBHAI,8758827043,361315,India Post Payments Bank Limited
+ VARU  KISHORBHAI,9904699697,360515,HDFC Bank Ltd.
+ VARVARIYA UKABHAI,7043460523,361315,Airtel Payments Bank Limited
+ VASANTGAR,6354485012,361010,India Post Payments Bank Limited
+ VASANTRAI,9428667959,361335,India Post Payments Bank Limited
+ VASTABHAI,9687371275,361325,India Post Payments Bank Limited
+ VASUDEVSINH JADEJA,9601763669,360530,State Bank of India
+ VIJAYBHAI,9978584022,360510,India Post Payments Bank Limited
+ VIJAYBHAI  MANEK,6354870017,361347,Fino Payments Bank Ltd.
+ VIJAYKUMAR LALJIBHAI PARMAR,9586204642,361310,India Post Payments Bank Limited
+ VIMAL VASANTBHAI CHAVDA,9725326301,361347,Fino Payments Bank Ltd.
+ VINODBHAI,9904481182,360530,India Post Payments Bank Limited
+ VIPULBHAI D BHARVADIYA,9898479520,360510,State Bank of India
+ VIRAL  BADIYANI,8141812178,361305,Bank of Baroda
+ VISHNU NARENDARBHAI TRIVEDI,7405474577,361335,AXIS Bank Ltd.
+ VITHLANI  MAHESH,9898484588,361310,Airtel Payments Bank Limited
+ VIVEK NARENDRABHAI TRIVED,6354285234,361335,AXIS Bank Ltd.
+ VRAJLAL LALJIBHAI,9913917916,361305,India Post Payments Bank Limited
+ VRAJLAL VRAJLAL,9662252999,361347,AXIS Bank Ltd.
+ VYAS JAGDISHBHAI,9974377445,361315,Airtel Payments Bank Limited
+ WARIS ANSARI,7041550641,361280,Airtel Payments Bank Limited
+ YAKUB,8128586284,360510,India Post Payments Bank Limited
+ YASHKUMAR MANILAL,9723057789,361347,India Post Payments Bank Limited
+ YASIN  HINGORA,9664913742,360510,Bank of Baroda
+ YDAY DAMJIBHAI KANJARIYA,9067451846,390024,India Post Payments Bank Limited
+ ZALA REKHA BEN BHUPEND BHAI,8238039215,361315,Fino Payments Bank Ltd.
+ ZUBER  PASTA,7698895185,361345,Bank of Baroda
