bc_name,mobile_no,pincode,bank_name
+ A D PRAJAPATI,8238331672,388255,India Post Payments Bank Limited
+ A L KHANT,9714244225,388260,India Post Payments Bank Limited
+ A M VASAVA,9638082623,388260,India Post Payments Bank Limited
+ A R MAL,6354946332,388256,India Post Payments Bank Limited
+ A S ZALA,8758144907,388255,India Post Payments Bank Limited
+ ABDULVAHAB RAHULAMIN DIWAN,6359983975,389260,India Post Payments Bank Limited
+ ACHALKUMAR VIJAYBHAI RAVAL,9099026927,388255,HDFC Bank Ltd.
+ AGRAWAL DINESHKUMAR RAMJILAL,7434939047,389260,Yes Bank Limited
+ AJAY BAMANIYA,9106638393,389110,Jana Small Finance Bank Limited
+ AJAYBHAI  PAGI,9106438628,389230,Bank of Baroda
+ AJAYKUMAR GIRISHBHAI AMALIYAR,7069084814,389115,India Post Payments Bank Limited
+ AJAYKUMAR HARSHAD  GANDHI,7096250242,388265,Bank of Baroda
+ AJITKUMAR  PARGI,8758738219,389341,Bank of Baroda
+ AJITSINH RAMESHBHAI CHAUHAN,9313705211,389210,Yes Bank Limited
+ AJITSINH RUPSINH THAKOR,9714499522,388255,Fino Payments Bank Ltd.
+ AKHAMBHAI SURJIBHAI DAMOR,9726881721,388270,India Post Payments Bank Limited
+ AKSHAY KUMAR PARMAR,8469999087,388270,India Post Payments Bank Limited
+ ALKABEN VASTABHAI PATEL,6355472425,389110,India Post Payments Bank Limited
+ ALPESHKUMAR  MALIVAD,7096585202,389235,Bank of Baroda
+ AMALIYAR BHUPATKUMAR DALSINGBHAI,9712597525,389180,Fino Payments Bank Ltd.
+ AMBALAL,8141540225,389230,India Post Payments Bank Limited
+ AMBALAL PATELIYA,7567150398,389260,India Post Payments Bank Limited
+ AMRABHAI DHULABHAI DAMOR,9978787495,389232,India Post Payments Bank Limited
+ AMRUTLAL PARSOTTAMBHAI PANCHAL,9586992024,389240,India Post Payments Bank Limited
+ ANILKUMAR  MAKAVANA,9824098806,388270,Bank of Baroda
+ ANILKUMAR JETHABHAI DAMOR,9879281343,394680,India Post Payments Bank Limited
+ ANJUMAN ISMAILBHAI SHAIKH,7285088314,389220,India Post Payments Bank Limited
+ ANOPSINH JUVANSINH RANA,9512742242,389230,India Post Payments Bank Limited
+ AOTHVAD DUDH UTPADAK SAHKARI MANDALI LIMITED,9726173840,388255,The Federal Bank Ltd.
+ ARCHANABEN NANSINGBHAI BAMANIYA,8758355598,389110,State Bank of India
+ ARJUN  MALIWAD,8153927079,388260,Bank of Baroda
+ ARUNABAHEN AJAYBHAI  PAGI,9313789058,388260,Bank of Baroda
+ ARVIND SHARMA,7600555450,389230,State Bank of India
+ ARVINDBHAI  MACHHI,9737066935,389230,Bank of Baroda
+ ASHISHKUMAR  DAMOR,9925452235,389172,Bank of Baroda
+ ASHOKBHAI SHIVABHAI PATEL,9978579857,388270,India Post Payments Bank Limited
+ ASHOKKUMAR  MACHHAR,6351385192,389190,Bank of Baroda
+ ASHVINKUMAR  BHARATSING KHANT,9978366130,389260,Bank of Baroda
+ ASHVINKUMAR SOMABHAI,8980149801,388270,India Post Payments Bank Limited
+ ASHVINKUMARPATEL,9726666580,384410,Central Bank of India
+ ASHWINBHAI  PATEL,9913293078,389232,Bank of Baroda
+ ASHWINKUMAR  THOKAR,7096265535,388265,Bank of Baroda
+ B D SEWAK,8238476883,388260,India Post Payments Bank Limited
+ B H MALEK,8447602063,389235,India Post Payments Bank Limited
+ B J PARMAR,9712334541,388255,India Post Payments Bank Limited
+ B K THAKOR,9825805611,388255,India Post Payments Bank Limited
+ B M PAGI,9714881865,388260,India Post Payments Bank Limited
+ B N ROHIT,9687093106,388270,India Post Payments Bank Limited
+ B R VALAND,9913964243,394330,India Post Payments Bank Limited
+ B S ZALA,9537524429,388265,India Post Payments Bank Limited
+ B U SOLANKI,9913641834,388255,India Post Payments Bank Limited
+ BABUBHAI RAMESHBHAI  SOLANKI,9427881931,389265,Bank of Baroda
+ BADIYADEV DUDH UTPADAK SAHKARI MANDLI LIMITED,6353885725,388255,The Federal Bank Ltd.
+ BAJAKHANTNIVAV DUDH UTPADAK SAHKARI MANDLI LTD,9924854966,388265,The Federal Bank Ltd.
+ BAMANIYA  ASHWINBHAI,7990595974,389110,Fino Payments Bank Ltd.
+ BAMANIYA JITENDRAKUMAR SHANKARBHAI,6352632459,389110,Yes Bank Limited
+ BAMANIYA SHAILESHKUMAR CHATRRABHAI,6351436544,389240,Yes Bank Limited
+ BAPUJIBHAI KHANT,9727892201,389265,India Post Payments Bank Limited
+ BARAIYA RAMESHBHAI,9909182495,388260,Airtel Payments Bank Limited
+ BARIA  RAJESHKUMAR,9723381779,388270,Bank of Baroda
+ BARIA ALPESHBHAI,8758584290,389230,RBL Bank Ltd
+ BARIA ANILBHAI,8238447326,389230,Yes Bank Limited
+ BARIA DINVANTSINH,7069433443,388270,Airtel Payments Bank Limited
+ BARIA GANPATBHAI RAMESHBHAI,9712438831,389230,Yes Bank Limited
+ BARIA HITENDRAKUMAR SUKHABHAI,9904940991,389220,Yes Bank Limited
+ BARIA HITESHKUMAR,8849099300,389260,RBL Bank Ltd
+ BARIA JAYPALSINH KALUBHAI,8347552506,389210,Fino Payments Bank Ltd.
+ BARIA LATABEN,9081873918,389230,Yes Bank Limited
+ BARIA MAHESHKUMAR NANSINH,6355201395,389210,Yes Bank Limited
+ BARIA MANISHABEN RAJESHBHAI,9727949317,389230,Yes Bank Limited
+ BARIA NARENDRASINH JASHAVANTSINH,6355123845,389210,Fino Payments Bank Ltd.
+ BARIA RAHULBHAI,9099755487,389230,RBL Bank Ltd
+ BARIA RAKESHBHAI PRATAPBHAI,7567443638,389240,Yes Bank Limited
+ BARIA RAKESHKUMAR MANILAL,9898894334,388270,AXIS Bank Ltd.
+ BARIA RAMESHBHAI,9664609677,389110,Yes Bank Limited
+ BARIA RITESHKUMAR ARJUNBHAI,8469777876,389220,Airtel Payments Bank Limited
+ BARIA SANJAYKUMAR,8758890104,388270,Yes Bank Limited
+ BARIA SUMANBEN,9726796913,389220,Yes Bank Limited
+ BARIYA  CHATRASINH,7201929229,388270,Bank of Baroda
+ BARIYA ANKITKUMAR,8238061711,389235,Yes Bank Limited
+ BARIYA ASHVINIBEN,8141716665,389220,India Post Payments Bank Limited
+ BARIYA BAHADURSINH,9023261410,388255,Airtel Payments Bank Limited
+ BARIYA KALPESHKUMAR,9537983107,389110,Yes Bank Limited
+ BARIYA NILESHKUMAR RAMESHBHAI,6354154021,388265,Yes Bank Limited
+ BARIYA SARDARSINH,6354561483,388255,Airtel Payments Bank Limited
+ BARIYA SURPALSINH JASHVANTSINH,9624432061,389210,Yes Bank Limited
+ BARIYABHALABHAI  RAMABHAI,8469468741,388260,Bank of Baroda
+ BARIYAKAMLESH KUMARPUNJA BHA,9687544048,389232,Bank of Baroda
+ BHABHOR ASHVINBHAI,6353084410,389260,Yes Bank Limited
+ BHABHOR BHANUBEN,6351725205,389110,Fino Payments Bank Ltd.
+ BHAMAT KAUSHIKKUMAR,7046348788,389172,Yes Bank Limited
+ BHAMAT SARSVATI RAHULKUMAR,9586810672,389260,Yes Bank Limited
+ BHAMAT SHASHVATKUMAR MANSINHBHAI,9879974111,389260,Fino Payments Bank Ltd.
+ BHANUBEN HARISHBHAI PATEL,9913761318,389230,India Post Payments Bank Limited
+ BHANUPRASAD DHULABHAI VANKAR,9909821393,389330,India Post Payments Bank Limited
+ BHARAT BHATHI DAMOR,9978823221,389240,Fino Payments Bank Ltd.
+ BHARAT KUMAR  THAKOR,9638656165,388260,Bank of Baroda
+ BHARATBHAI  PAGI,9638701531,389230,Bank of Baroda
+ BHARATBHAI  PATELIYA,7874433971,389260,Bank of Baroda
+ BHARATBHAI S KHANT,9099881083,389230,HDFC Bank Ltd.
+ BHARATKUMAR  SOLANKI,9586079091,388260,Bank of Baroda
+ BHARGAVKUMAR KALIDAS THAKOR,8000919131,388255,HDFC Bank Ltd.
+ BHARVAD RAJESHKUMAR,9265392264,389220,Fino Payments Bank Ltd.
+ BHATIYA BADALKUMAR CHANDRAKANT,9429054953,389260,Fino Payments Bank Ltd.
+ BHATIYA DIPAKKUMAR SURESHBHAI,9638769845,389220,Fino Payments Bank Ltd.
+ BHATT ARTHKUMAR NITINBHAI,9601434301,388255,AXIS Bank Ltd.
+ BHAVANBHAI ARJANBHAI  KHANT,9879313848,388260,Bank of Baroda
+ BHAVESHKUMAR LALABHAI PAGI,6353479250,389230,AU Small Finance Bank Limited
+ BHAVESHKUMAR RAJNIKANT PATEL,9638038393,389230,India Post Payments Bank Limited
+ BHAVESHKUMAR VINUBHAI JOSHI,9725665470,388270,India Post Payments Bank Limited
+ BHAVIKABEN PARESHKUMAR PAREKH,7777912277,389210,Fino Payments Bank Ltd.
+ BHAVIKKUMAR RAJUBHAI PATEL,7226883580,388245,Airtel Payments Bank Limited
+ BHAVNABEN MANUPRASAD PATEL,9712609767,389230,India Post Payments Bank Limited
+ BHAVSAR DHRUVALKUMAR,9664689891,389260,Airtel Payments Bank Limited
+ BHOI ASHABEN BHARATBHAI,9624013158,388270,Yes Bank Limited
+ BHOI RAMESHBHAI,9979683249,389260,India Post Payments Bank Limited
+ BHOI RAMESHBHAI,7229078063,388255,Airtel Payments Bank Limited
+ BHUDABHAI VARSINGBHAI DAMOR,9825595654,389250,India Post Payments Bank Limited
+ BHUPATSINH BHARUBHAI DAMOR,9925604599,389240,India Post Payments Bank Limited
+ BHUPENDRAKUMAR  SOLANKI,9327476875,389235,Bank of Baroda
+ BHUPENDRASINH,8758562253,388270,India Post Payments Bank Limited
+ BHUPENDRASINH  SOLANKI,9904602068,388255,Bank of Baroda
+ BHURIYA  SURESHBHAI,9924551938,389190,Fino Payments Bank Ltd.
+ BIHOLA VIJAYSINH JIVATSINH,9924997140,389235,Fino Payments Bank Ltd.
+ BIJALBEN JAISWAL,9712018515,389232,India Post Payments Bank Limited
+ BIPINKUMAR KAUSINH SOLANKI,9909859712,388255,IDBI Bank Limited
+ BIPINSINH  ZALA,8238100804,388255,Bank of Baroda
+ BIYOLA RAJPALSINH MOHANSINH,8128980059,389235,Fino Payments Bank Ltd.
+ BRIJESHKUMAR MUKESHBHAI PATEL,9377927787,388260,AXIS Bank Ltd.
+ BRIJESHKUMAR RAMANBHAI PATEL,9998973178,388255,HDFC Bank Ltd.
+ CHAMAR,8141060774,388270,India Post Payments Bank Limited
+ CHAMAR  RAMESH KUMAR LALA BHAI,9909584004,389240,Bank of Baroda
+ CHAMAR BABUBHAI PUNJABHAI,9913502389,389110,Yes Bank Limited
+ CHANDANBEN  MACHHI,9924884631,389220,Bank of Baroda
+ CHANDUBHAI P ZALA,9978576270,388255,India Post Payments Bank Limited
+ CHARAN MANSINH,7265804633,389230,India Post Payments Bank Limited
+ CHARPOT DIVEYSHKUMAR,8758874222,389265,India Post Payments Bank Limited
+ CHAUDHARI KIRANKUMAR PARSOTTAMDAS,9737620414,389265,Fino Payments Bank Ltd.
+ CHAUHAN ANDARSINH,9924734164,389230,Airtel Payments Bank Limited
+ CHAUHAN BHARATSINH,7573844048,388270,Airtel Payments Bank Limited
+ CHAUHAN BHAVIK KUMAR MUKUNDBHAI,8460076490,388255,HDFC Bank Ltd.
+ CHAUHAN JAGDISHSINH KIRVATSINH,9714715115,388265,Yes Bank Limited
+ CHAUHAN MAHENDRABHAI,7096985998,388255,Yes Bank Limited
+ CHAUHAN MAHENDRASINH,9537454970,389230,Airtel Payments Bank Limited
+ CHAUHAN NARENDRABHAI JASHUBHAI,8238354215,388255,Fino Payments Bank Ltd.
+ CHAUHAN NARENDRASINH,6359282172,388255,Airtel Payments Bank Limited
+ CHAUHAN RAMESHBHAI,8469162906,388255,Airtel Payments Bank Limited
+ CHAUHANCHANDAN SOLANKI,9737117624,518339,Canara Bank
+ CHAVADA GANPATSINH KISHORSINH,8160137157,389220,Fino Payments Bank Ltd.
+ CHAVDA GAUTAMSINH,9016728314,382865,State Bank of India
+ CHAVDA RAVINDRA SINH,9510615562,389230,Kotak Mahindra Bank Limited
+ CHETANKUMAR DESAIBHAI RAVAL,7698543987,388265,IDBI Bank Limited
+ CHHATRABHAI HIRABHAI DAMOR,9825651130,389240,India Post Payments Bank Limited
+ CHIRAGKUMAR  MALIVAD,9099787012,389260,Bank of Baroda
+ D B PRAJAPATI,9428479952,388260,India Post Payments Bank Limited
+ D D PRAJAPATI,7046509389,388260,India Post Payments Bank Limited
+ D N NINAMA,9484643202,388260,India Post Payments Bank Limited
+ D S KHANT,9913488498,388260,India Post Payments Bank Limited
+ D S PANCHAL,7698621600,388260,India Post Payments Bank Limited
+ DABAGAR SANDIPKUMAR,9099346984,389230,Airtel Payments Bank Limited
+ DABGAR MEHULKUMAR,9913762496,389230,Airtel Payments Bank Limited
+ DABGAR RAJENDRABHAI,9624777346,389230,Airtel Payments Bank Limited
+ DABGAR SAHINKUMAR,8320337747,389260,India Post Payments Bank Limited
+ DAFADA LEERALBEN CHANDUBHAI,6351132422,389230,Canara Bank
+ DALPATSINH RATANSINH THAKOR,8140133280,388270,India Post Payments Bank Limited
+ DAMA MANGALABHAI CHATURBHAI,9638267810,389260,Fino Payments Bank Ltd.
+ DAMOR  BHARATBHAI,9979069585,389240,Fino Payments Bank Ltd.
+ DAMOR BHAVANABEN MITESHKUMAR,7016421746,389260,Fino Payments Bank Ltd.
+ DAMOR DILIP KUMAR PRATAPBHAI,9428705213,389260,AXIS Bank Ltd.
+ DAMOR HARESHKUMAR CHATRABHAI,9510379901,389240,Yes Bank Limited
+ DAMOR JAYDIPBHAI GALABHAI,9913043947,389110,HDFC Bank Ltd.
+ DAMOR JAYPALSINH,7069516667,389260,Yes Bank Limited
+ DAMOR JITENDRAKUMAR,9913046079,389260,Yes Bank Limited
+ DAMOR KAMLESHKUMAR,9723059164,389232,Fino Payments Bank Ltd.
+ DAMOR KANTIBHAI JUMABHAI,8758287662,389172,Fino Payments Bank Ltd.
+ DAMOR LAKHMANBHAI,9879668802,389260,India Post Payments Bank Limited
+ DAMOR MAHESHBHAI RAVJIBHAI,9510414937,389260,Fino Payments Bank Ltd.
+ DAMOR MAHESHBHAI RUGABHAI,9712166368,389240,Fino Payments Bank Ltd.
+ DAMOR MAHESHBHAI SUKHABHAI,9687541914,389230,Yes Bank Limited
+ DAMOR MANJULABEN DEVABHAAI,9737782798,389240,Fino Payments Bank Ltd.
+ DAMOR MINABEN RAKESHBHAI,9016218599,389172,Fino Payments Bank Ltd.
+ DAMOR MUKESHBHAI RAMESHBHAI,9512872684,389230,Yes Bank Limited
+ DAMOR PANKAJKUMAR MANABHAI,6353586027,389265,Yes Bank Limited
+ DAMOR PRVINBHAI RUGABHAI,9714596854,389240,Fino Payments Bank Ltd.
+ DAMOR RAJESHBHAI SHANABHAI,8141970482,389230,AXIS Bank Ltd.
+ DAMOR RAJESHKUMAR,9879287362,389260,Fino Payments Bank Ltd.
+ DAMOR RAJESHKUMAR,7874210402,389240,Fino Payments Bank Ltd.
+ DAMOR RAMESHBHAI SURMABHAI,9737261757,389232,Yes Bank Limited
+ DAMOR SHILPABEN GALJIBHAI,9313875409,389260,Fino Payments Bank Ltd.
+ DAMOR SURESHKUMAR ISHVARBHAI,8141715010,389240,Fino Payments Bank Ltd.
+ DAMOR TALABHAI DINESHBHAI,9913117789,389230,India Post Payments Bank Limited
+ DAMOR VIKRAMSINH,7567210056,389240,Yes Bank Limited
+ DAMOR.BHARATBHAI . ..,9727261333,389180,Fino Payments Bank Ltd.
+ DARGIDHANGOUR BEN DHULJIBHA,9687552566,389240,Bank of Baroda
+ DARJI JIGNESHKUMAR BHARATBHAI,9537602676,389230,Yes Bank Limited
+ DARJI MIHIRKUMAR,9737551212,389260,AXIS Bank Ltd.
+ DARJI RAJNISHKUMAR JITENDRAKUMAR,9773185041,389260,Yes Bank Limited
+ DASHRATH SINH RATHOD,9586088403,389265,India Post Payments Bank Limited
+ DASUNDI JAYRAJSINH RAJENDRASINH,9265924683,389110,India Post Payments Bank Limited
+ DASVANI VISHAL,8758367169,389250,Yes Bank Limited
+ DAUD SAHIL SALIM,8469749236,389260,Fino Payments Bank Ltd.
+ DAUD VASIM MAKSUD,9978253444,389260,AXIS Bank Ltd.
+ DAULAT PORDA DOODH UTPADAK SAHAKARI MANDALI LIMITED,9737098121,388265,The Federal Bank Ltd.
+ DAWAL JABIR YUSUFBHAI,9723840518,389230,AXIS Bank Ltd.
+ DAXKUMAR M,8200627965,388260,India Post Payments Bank Limited
+ DEVENDRASINH  CHAUHAN,9624569230,388265,Bank of Baroda
+ DEVRAM BHAI K RATHWA,9638181693,391152,India Post Payments Bank Limited
+ DHAMOT BAPUDABHAI,9723999174,389265,India Post Payments Bank Limited
+ DHANRAJKUMAR LALABHAI,9586488100,394170,India Post Payments Bank Limited
+ DHARMENDRAKUMAR  RAVAL,8347273604,388265,Bank of Baroda
+ DHARMENDRAKUMAR  RAVAL,9925930475,389190,Bank of Baroda
+ DHARMESHKUMAR BHIKHABHAI PATELIYA,9974403398,388255,AXIS Bank Ltd.
+ DHARMISHTHABEN KOHYABHAI VANKAR,6354910145,388270,India Post Payments Bank Limited
+ DHIRENDRAKUMAR V PRAJAPAT,7567922350,389230,India Post Payments Bank Limited
+ DIGVIJAYSINH  SOLANKI,7202955323,389220,Bank of Baroda
+ DILIPKUMAR  DARJI,9979913801,388260,State Bank of India
+ DILIPKUMAR  PAGI,7567265614,389230,Bank of Baroda
+ DILIPKUMAR  PAGI,9925256036,389220,Bank of Baroda
+ DILIPKUMAR HAKJIBHAI  BARIA,9664650835,389190,Bank of Baroda
+ DILIPKUMAR HARJIBHAI  NINAMA,8238836047,389190,Bank of Baroda
+ DILIPKUMAR PATEL,7043875528,389230,Bank of India
+ DIMPALBAHEN JIGNESHKUMAR BAROT,9979389521,388265,Fino Payments Bank Ltd.
+ DINDOR  BHEMABHAI,9825891352,389240,Bank of Baroda
+ DINDOR  VELJIBHAI,9925255585,389260,Fino Payments Bank Ltd.
+ DINDOR JAYBALA GULABSINH,9824092143,389260,Fino Payments Bank Ltd.
+ DINDOR KALUBHAI,9428447271,389260,Yes Bank Limited
+ DINDOR SHAILESHKUMAR TEJABHAI,9408044308,389260,Yes Bank Limited
+ DINESHBHAI  DAMOR,8141528712,389260,Bank of Baroda
+ DINESHBHAI MAKNBHAI SELOT,9978045261,389110,State Bank of India
+ DINESHKUMAR PATEL,9727424318,390021,IDBI Bank Limited
+ DIPSINGABHAI .RANABHAI ..NISARTA,6353194499,389180,Fino Payments Bank Ltd.
+ DIVYABEN  DARJI,7874318345,389230,Bank of Baroda
+ DIVYAKANT VINODRAY PANDYA,9925939580,389190,State Bank of India
+ DIVYAKUMARI MAHESHBHAI PATEL,9904171181,389235,India Post Payments Bank Limited
+ DIVYENKUMAR BHAILALBHAI PATEL,9727714595,389260,HDFC Bank Ltd.
+ DIWAN AMIRSHA HASANSHA,9033502526,388255,Fino Payments Bank Ltd.
+ F H PARMAR,9638176596,388265,India Post Payments Bank Limited
+ FELSANI DUDH UTPADAK SAHAKARI MANDLI LTD,9726937763,388255,The Federal Bank Ltd.
+ G N BAMANIYA,7046327247,388260,India Post Payments Bank Limited
+ GAGARNAMUVADA DUDH UTAPADAK SAHAKARI MANDALI LIMITED,8141304247,388255,The Federal Bank Ltd.
+ GANASAVA VINODBHAI,9510885281,389190,Yes Bank Limited
+ GANASVA NITINBHAI,8160683034,389190,Yes Bank Limited
+ GANAVA.PANKAJBHAI . MADUBHAI,9979559715,389180,Fino Payments Bank Ltd.
+ GANESHBHAI  KHANT,8980339533,389265,Bank of Baroda
+ GANESHKHANT DUDH UTPADAK SAHKARI MANDALI LIMITED,8980576011,388265,The Federal Bank Ltd.
+ GARASIYA CHANDRAKANTBHAI,8758957993,389172,Yes Bank Limited
+ GARASIYA RAHULKUMAR KANTIBHAI,7285868640,388255,Paytm Payments Bank Limited
+ GARASIYA VINODBHAI CHAMPAKBHAI,9727377655,389190,AXIS Bank Ltd.
+ GATALI FIROJ MAHAMMAD HANIF,9909894634,389260,AXIS Bank Ltd.
+ GATALI MINHAJ,9016767658,389260,Fino Payments Bank Ltd.
+ GHODIYA DINESHKUMAR KIRITKUMAR,9825855424,388270,Yes Bank Limited
+ GHORI MAHMADIRFAN BHIKHABHAI,8140446613,388260,Yes Bank Limited
+ GIRISHBHAI  PARMAR,9723734089,389230,Bank of Baroda
+ GIRISHKUMAR  PANCHAL,9574463121,389232,Bank of Baroda
+ GITABEN  JOSHI,9427755090,389265,Bank of Baroda
+ GITABEN BHATHIBHAI BARIA,9537252915,388270,India Post Payments Bank Limited
+ GOHEL MAHENDRAKUMAR MAGABHAI,9586676435,388255,Paytm Payments Bank Limited
+ GOHEL NARVATSINH,7698817398,388255,Airtel Payments Bank Limited
+ GOHEL SUHAGKUMAR JESINGBHAI,9537271074,388255,Paytm Payments Bank Limited
+ GOL ASHVINBHAI,9909671053,389260,Airtel Payments Bank Limited
+ GOPALSINH  BARIYA,9726213574,389220,Bank of Baroda
+ GORI SHAILESHBHAI,8141827849,389235,Yes Bank Limited
+ GOSAI MANOJ KUMAR DASHRATHGIRI,9825582597,389220,AXIS Bank Ltd.
+ GULABSINH  DINDOR,9265792678,389260,Fino Payments Bank Ltd.
+ GUNTHLI DUDH UTPADAK SAHKARI MANDALI LIMITED,8153078089,388255,The Federal Bank Ltd.
+ H A KHANT,9978549821,388265,India Post Payments Bank Limited
+ H K PATEL,7359824642,388260,India Post Payments Bank Limited
+ H R MALIWAD,9726545447,388260,India Post Payments Bank Limited
+ H S DAMOR,9099876005,389230,India Post Payments Bank Limited
+ H S VALAND,7359968781,388260,India Post Payments Bank Limited
+ H V KATARIA,7567867390,388255,India Post Payments Bank Limited
+ HARDIKKUMAR PRATAPSINH CHAUHAN,9558688180,389365,Fino Payments Bank Ltd.
+ HARESHBHAI  DAMOR,8238690343,389260,Bank of Baroda
+ HARESHBHAI  GARASIYA,9512803836,389172,Bank of Baroda
+ HARESHKUMAR GUNVANTLAL SHAH,9978787900,389220,India Post Payments Bank Limited
+ HARIJAN KALABEN,8141839225,389240,Yes Bank Limited
+ HARISH KUMAR B.JADAV,8780846961,389341,Yes Bank Limited
+ HARISHBHAI BARIA,7827920740,389265,India Post Payments Bank Limited
+ HARSHABEN DASVANI,9586231548,389250,Yes Bank Limited
+ HARSHAD BARIA,9316566704,389235,AU Small Finance Bank Limited
+ HARSHADBHAI  MAGANBHAICHMAR,9586213381,389240,Bank of Baroda
+ HARSHILKUMAR  DARJI,9313163893,389240,Bank of Baroda
+ HARUD GULAMBHAI,6351326266,389260,Airtel Payments Bank Limited
+ HARUN ASFAK GULAMMAHAMMAD,9979066303,389260,Yes Bank Limited
+ HATHILA  MUKESHBHAI,8980763955,389180,Fino Payments Bank Ltd.
+ HEMANIBEN KIRITBHAI PANCHAL,6359914463,389220,India Post Payments Bank Limited
+ HEMISHABEN KIRITBHAI,9574411808,389230,India Post Payments Bank Limited
+ HIMANSHU JETHABHAI AMIN,9725528396,389220,India Post Payments Bank Limited
+ HIMANSHUBHAI  PARMAR,9824629190,389230,Bank of Baroda
+ HIMMATKUMAR  MEDA,7621813143,389230,Bank of Baroda
+ HIMMATSING BABUBHAI  MALIVAD,6354326847,389240,Bank of Baroda
+ HINABEN LAKHIDAS PATEL,9428012428,389190,India Post Payments Bank Limited
+ HIRENKUMAR MAHESHBHAI PRAJAPATI,8469210398,389260,India Post Payments Bank Limited
+ HITENDRASINH  SOLANKI,9537359904,389220,HDFC Bank Ltd.
+ HITENDRASINH SHIVABHAI SOLANKI,8469270249,389230,Yes Bank Limited
+ HITESHBHAI  PATELIYA,8799548035,389220,Bank of Baroda
+ HITESHKUMAR BABUBHAI GANDHI,9601398819,388255,HDFC Bank Ltd.
+ ILIYAS KOTHARI,9737509602,389260,Airtel Payments Bank Limited
+ IMRANKHAN LIYAKATKHAN PATHAN,9586090996,389230,AXIS Bank Ltd.
+ INDRAJITSINH  SOLANKI,8141383168,389230,Bank of Baroda
+ ISHWARBHAI  PRAJAPATI,9574619347,388260,Bank of Baroda
+ ISHWARBHAI MASORBHAI  BARIA,9712231531,389250,Bank of Baroda
+ J A PARMAR,8140930895,388265,India Post Payments Bank Limited
+ J A THAKOR,9904182116,388265,India Post Payments Bank Limited
+ J K MAYAVANSHI,9099730229,388255,India Post Payments Bank Limited
+ JADAV SHAILESHKUMAR,9898498303,389220,AXIS Bank Ltd.
+ JAGADISHBHAI BHATHI DAMOR,9904239413,389240,Fino Payments Bank Ltd.
+ JAGDISHBHAI,7827925249,389232,India Post Payments Bank Limited
+ JAGDISHBHAI  MALIVAD,7874516940,389235,Bank of Baroda
+ JAISWAL SANJAYKUMAR,9313162697,389110,Airtel Payments Bank Limited
+ JAKIRKHAN  PATHAN,9726404024,389230,Bank of Baroda
+ JANAKBEN K ZALA,8154840341,388255,State Bank of India
+ JAYANTIBHAI  MACHHAR,7874030541,389230,Bank of Baroda
+ JAYDIPSINH  PARMAR,6351750514,388255,Bank of Baroda
+ JAYESH KOYABHAI MACHHI,9574982540,388270,State Bank of India
+ JAYESHBHAI ASHVINBHAI PATEL,8200715045,388270,IDBI Bank Limited
+ JAYESHBHAI VIRABHAI PATEL,9909214601,388270,India Post Payments Bank Limited
+ JAYESHKUMAR  PATEL,7046850157,388270,Bank of Baroda
+ JAYESHKUMAR  TALAR,9979419492,389230,Bank of Baroda
+ JAYESHKUMAR VINODBHAI GANDHI,8347535160,388270,India Post Payments Bank Limited
+ JAYNTILAL KUBERBHAI VALAND,9726142020,388270,India Post Payments Bank Limited
+ JAYSWAL SHREYABEN KRITIKUMAR,9925255210,389230,India Post Payments Bank Limited
+ JAYVANTSINH PRABHATSINH BARIA,7623847499,388270,India Post Payments Bank Limited
+ JETHABHAI MANSUKHBHAI TAVIYAD,9099718967,389250,India Post Payments Bank Limited
+ JIGNESH  CHAUHAN,9904123186,389260,Bank of Baroda
+ JIGNESH P PANDYA,8000420815,389232,AXIS Bank Ltd.
+ JIGNESHBHAI  GOHIL,9624250093,388265,Bank of Baroda
+ JIGNESHBHAI  KALAL,9909129371,389341,Bank of Baroda
+ JIGNESHKUMAR  DAMOR,8980760133,389240,Bank of Baroda
+ JIGNESHKUMAR BHULABHAI PATEL,7827925325,388270,India Post Payments Bank Limited
+ JITENDRAKUMAR PATEL,9316487773,389230,India Post Payments Bank Limited
+ K A SOLANKI,9428647409,388265,India Post Payments Bank Limited
+ K N RATHOD,9081510561,370155,India Post Payments Bank Limited
+ K V VANKAR,9904018787,388255,India Post Payments Bank Limited
+ KACHHIYA GIRISHKUMAR,8128216143,389230,Airtel Payments Bank Limited
+ KACHHIYA SUSHILKUMAR GOVINDBHAI,9726445181,388255,Paytm Payments Bank Limited
+ KALPESHKUMAR RAJSINGBARIA,7567987044,389260,AXIS Bank Ltd.
+ KALUBHAI  DAMOR,6352452442,389260,Bank of Baroda
+ KALUBHAI MANABHAI,7567022950,389260,India Post Payments Bank Limited
+ KALUBHAI SOMABHAI RAVAT,9427717590,389190,Bank of Baroda
+ KAMLESHKUMAR  PRAJAPATI,7202981013,388260,Bank of Baroda
+ KAMLESHKUMAR BALVANTSINH SOLANKI,9033845431,388255,HDFC Bank Ltd.
+ KAMLESHKUMARKALIDAS  PATEL,9712769140,389230,Bank of Baroda
+ KAMOL ARJUNSINH,9537335580,389110,Yes Bank Limited
+ KANAIYALAL K PATEL,9327658477,389230,Yes Bank Limited
+ KANTIBHAI CHHAGANLAL,7573979896,389190,India Post Payments Bank Limited
+ KANTIBHAI SOMABHAI RAVAL,9879953923,389230,India Post Payments Bank Limited
+ KANUBHAI MANILAL BHOI,9624003183,388270,India Post Payments Bank Limited
+ KARANSINH  PARGI,9913197424,389341,Bank of Baroda
+ KARTIKBHAI NARESHBHAI,8238370091,388255,India Post Payments Bank Limited
+ KATARA BHARTKUMAR,9925587070,389260,RBL Bank Ltd
+ KATARA ROHITKUMAR KHUMABHAI,8141908222,389172,India Post Payments Bank Limited
+ KATARA VIKRAMBHAI,6355511752,389230,Fino Payments Bank Ltd.
+ KATARIYA PARSOTAMDAS,9879130202,388255,Airtel Payments Bank Limited
+ KATARIYA VINUBHAI,9537682234,388255,Airtel Payments Bank Limited
+ KAUSHIK KUMAR PATEL,9099130767,389235,India Post Payments Bank Limited
+ KEVADIYA JE DUDHA UTPADAK SAHAKARI MANDALI LIMITED,7698075882,388265,The Federal Bank Ltd.
+ KEYURKUMAR,7567256791,389230,India Post Payments Bank Limited
+ KHANT  KALPESHBHAI,9601890240,389265,Fino Payments Bank Ltd.
+ KHANT  RAJESHBHAI,6354361843,389260,Airtel Payments Bank Limited
+ KHANT  SHAILESHBHAI,9925320842,389265,Fino Payments Bank Ltd.
+ KHANT AJITKUMAR MOHANBHAI,7486977599,389110,Yes Bank Limited
+ KHANT AMRABHAI,9979727172,388260,Airtel Payments Bank Limited
+ KHANT DILIPBHAI,9537504260,389265,Fino Payments Bank Ltd.
+ KHANT GANPATBHAI,8320746245,389260,Airtel Payments Bank Limited
+ KHANT HARDIKBHAI PRATAPBHAI,7990686427,389250,AXIS Bank Ltd.
+ KHANT HIMMATBHAI,9016674489,389110,Yes Bank Limited
+ KHANT HITESHBHAI ABHESINGBHAI,8200833512,389235,Yes Bank Limited
+ KHANT JAYENDRAKUMAR,9106936705,389190,Yes Bank Limited
+ KHANT JAYESHKUMAR HARTANBHAI,8160364752,389230,RBL Bank Ltd
+ KHANT KAUSHIKKUMAR BHURABHAI,9726190992,389260,Fino Payments Bank Ltd.
+ KHANT MAHENDRASINH GIRAVATSINH,6355185597,388255,Yes Bank Limited
+ KHANT MAHESHBHAI CHHATRABHAI,8347982205,389235,Fino Payments Bank Ltd.
+ KHANT RAJESHBHAI FULABHAI,9537362671,388270,Yes Bank Limited
+ KHANT RAJESHBHAI PUJABHAI,9930990595,389265,Fino Payments Bank Ltd.
+ KHANT RAMESHBHAI MANABHAI,9904646302,388260,AXIS Bank Ltd.
+ KHANT SANJAYKUMAR HIMATBHAI,7016587589,388255,Yes Bank Limited
+ KHANT SHAILESHBHAI,6351393671,389230,Yes Bank Limited
+ KHANT UMESHBHAI PRAVINBHAI,9879269957,389110,Fino Payments Bank Ltd.
+ KHANT VANRAJKUMAR,9586033127,388265,Fino Payments Bank Ltd.
+ KHEMCHANDBHAI BHURABHAI DAMA,9712331711,388270,India Post Payments Bank Limited
+ KIRAN DAHYABHAI MACHHI,6353043413,389115,India Post Payments Bank Limited
+ KIRANBHAI BARIA,9574125254,389210,Indian Bank
+ KIRANKUMAR  KESARBHAI KHANT,9714526076,389250,Bank of Baroda
+ KIRITBHAIKALUBHAIMACHHI,8155060410,389230,Canara Bank
+ KIRTIPALSINH,9586771866,389230,India Post Payments Bank Limited
+ KISHANKUMAR  KHANT,9712066713,389260,Bank of Baroda
+ KISHANSINH MANHARSINH GOHIL,8511777386,388255,AXIS Bank Ltd.
+ KISHORSINH RANVIRSINH GOHIL,9512998244,389220,India Post Payments Bank Limited
+ KOTHARI IMRAN,6352867013,389260,Airtel Payments Bank Limited
+ KOTHARI MAHAMMADZILANI SALAMBHAI,9723722342,389260,Yes Bank Limited
+ KOTHARI MAHMMADAMIN ABDUL SALAM,9265775637,389260,Yes Bank Limited
+ KOTHARI SOHIL SABBIR,9712507295,389260,HDFC Bank Ltd.
+ KULDEEPKUMAR PRAFULCHANDRA SONI,7621940997,389250,Yes Bank Limited
+ KURESHI SABBIRBHAI KASAMBHAI,7201956624,389220,Yes Bank Limited
+ L S PARMAR,7359418436,388265,India Post Payments Bank Limited
+ LALABHAI  PAGI,8469332477,389220,Bank of Baroda
+ LALITABEN SOMABHAI DHAMOT,9909734080,389260,India Post Payments Bank Limited
+ LALSINH  PARMAR,8140539332,388270,Bank of Baroda
+ LALUBHAI SOMABHAI DAMOR,9909365701,389260,India Post Payments Bank Limited
+ LALWANI DAMINI JAYKISHAN,9998900403,388255,Fino Payments Bank Ltd.
+ LAXMANBHAI BAPUBHAI PAGI,9687575308,389110,India Post Payments Bank Limited
+ LAXMANSINH  PARMAR,9875034388,388255,Bank of Baroda
+ LUHARNA MUVADA DUDH UTPADAKONI SAHAKARI MANDLI LTD,6355853619,388255,The Federal Bank Ltd.
+ LUKMAN DAUD,9586153636,389260,AXIS Bank Ltd.
+ M F CHAUHAN,9825903434,388255,India Post Payments Bank Limited
+ M H DIWAN,8153924093,388235,India Post Payments Bank Limited
+ M K PRAJAPATI,9099202588,388260,India Post Payments Bank Limited
+ M P CHAUHAN,9016648266,388255,India Post Payments Bank Limited
+ M P RATHOD,7567679196,388260,India Post Payments Bank Limited
+ MACHAR VINODKUMAR,9913033644,389230,India Post Payments Bank Limited
+ MACHHAR SURESHBHAI JESHINGBHAI,9879479110,389190,Yes Bank Limited
+ MACHHI ANILKUMAR RATNABHAI,7096347634,389220,Fino Payments Bank Ltd.
+ MACHHI BHARATKUMAR,6353804043,389220,Paytm Payments Bank Limited
+ MACHHI BHARGAVIBEN,9081101057,389250,AXIS Bank Ltd.
+ MACHHI DASHRATHKUMAR,6354295288,389220,Yes Bank Limited
+ MACHHI JAYESHBHAI,8758246435,389250,India Post Payments Bank Limited
+ MACHHI JAYESHKUMAR VIRABHAI,9773267847,389250,Yes Bank Limited
+ MADHUBEN LAXMANBHAI  TALAR,9510137104,388260,Bank of Baroda
+ MAFATLAL RAYJIBHAI PATEL,9979189061,389220,India Post Payments Bank Limited
+ MAHAMMADRAMIZ ABDULRASID SHAIKH,8866310289,388255,HDFC Bank Ltd.
+ MAHAMMADYUNUS ABDULRAHIM,7698968828,388265,India Post Payments Bank Limited
+ MAHAVIRSINH  SOLANKI,9978306392,389230,Bank of Baroda
+ MAHENDRAKUMAR  PARMAR,8238411024,389260,Bank of Baroda
+ MAHERA AJAYBHAI DINESHBHAI,9725293563,388255,Fino Payments Bank Ltd.
+ MAHERA PARESHKUMAR,9328501891,388265,Yes Bank Limited
+ MAHERA PRAKASHKUMAR MAHENDRABHAI,6355158720,388265,Yes Bank Limited
+ MAHERA PRAKASHKUMAR MAHESHBHAI,6352819355,388255,Yes Bank Limited
+ MAHESH KUMAR KANJIBHAI PATEL,9427408226,389265,India Post Payments Bank Limited
+ MAHESHBHAI  MACHHAR,6352676771,389232,Bank of Baroda
+ MAHESHBHAI RUGABHAI  DAMOR,9328587339,389240,Bank of Baroda
+ MAHESHBHAI SOMABHAI  KHANT,9327598039,388260,Bank of Baroda
+ MAHESHKUMAR  PATELIYA,8141881017,389230,Bank of Baroda
+ MAHIDA RAKESHBHAI SHANKARBHAI,9978460515,389110,Fino Payments Bank Ltd.
+ MAKVANA RAJESHKUMAR GALABHAI,9687981136,388265,Fino Payments Bank Ltd.
+ MAKVANA VANRAJBHAI KADAKIYABHAI,7874531933,389260,Yes Bank Limited
+ MALEK,9157726442,388235,Airtel Payments Bank Limited
+ MALEK AJARUDDIN,8160370101,389210,Yes Bank Limited
+ MALEK HAIDARBHAI,9913657223,389240,Yes Bank Limited
+ MALEK IMRANBHAI,9638038435,389240,Yes Bank Limited
+ MALEK IMTIYAZBHAI,9638773866,389210,Yes Bank Limited
+ MALEK MOHAMMADSOHEL,7698098443,389341,India Post Payments Bank Limited
+ MALEK VASIMUDIN,8141517757,389240,Yes Bank Limited
+ MALIVAD  PAVANBHAI,7572918529,389240,Fino Payments Bank Ltd.
+ MALIVAD BABUBHAI BHARATBHAI,9327128961,389230,Yes Bank Limited
+ MALIVAD KISHANKUMAR RAYSING,9712486799,389260,Fino Payments Bank Ltd.
+ MALIVAD MAHESHBHAI RAYAJIBHAI,8758100076,389230,Yes Bank Limited
+ MALIVAD NARAYANSINH SOMABHAI,9712475773,389230,Yes Bank Limited
+ MALIVAD PAVANBHAI,7984593384,389240,Yes Bank Limited
+ MALIVAD PRATAPBHAI,9712949399,389240,Yes Bank Limited
+ MALIVAD SURMABHAI KALUBHAI,8469267181,389230,Fino Payments Bank Ltd.
+ MALIVAD VISHUKUMAR PARSINGHBHAI,9712494478,389240,India Post Payments Bank Limited
+ MALIWAD CHETANKUMAR JESINGBHAI,9712691202,389230,Yes Bank Limited
+ MALIWAD HITESHKUMAR BABUBHAI,7777909017,389230,Yes Bank Limited
+ MALIWAD SHAILESHKUMAR,9586624641,389230,India Post Payments Bank Limited
+ MALVANIYA IKBAL,9824020763,389230,Airtel Payments Bank Limited
+ MAMTABEN LAXMANBHAI,9825266046,389110,India Post Payments Bank Limited
+ MANGUBEN LALABHAI NINAMA,9726133307,389230,India Post Payments Bank Limited
+ MANISHABEN SURESHSINH THAKOR,7567333616,388260,State Bank of India
+ MANISHKUMAR JETHABHAI PATEL,9979701608,389265,HDFC Bank Ltd.
+ MANOJKUMAR  PAGI,7016753613,388270,Bank of Baroda
+ MANORBHAI PATEL,9586257799,388270,India Post Payments Bank Limited
+ MANSINH SAVJIBHAI SAVJIBHAI,9924265144,388255,Bank of Baroda
+ MANUBHAI  KHANT,9727316688,388260,Bank of Baroda
+ MANUBHAI VIRABHAI PATEL,9726879650,389240,India Post Payments Bank Limited
+ MAVABHAI NANABHAI PATEL,9978256398,389260,India Post Payments Bank Limited
+ MAYAVANSHI ARVINDBHAI,9016280194,388255,Airtel Payments Bank Limited
+ MAYURKUMAR DHULABHAI  VANKAR,6351679115,389220,Bank of Baroda
+ MEHULKUMAR K PATEL,9081121310,389230,AXIS Bank Ltd.
+ MINHAJ  GATALI,9726111147,389260,Bank of Baroda
+ MIRZA JAHIRBEG,7041492733,388255,Airtel Payments Bank Limited
+ MITESHKUMAR  DAMOR,9687851899,389260,Bank of Baroda
+ MITESHKUMAR  KHATA,9537316626,389260,Bank of Baroda
+ MITKUMAR UPADHYAY,9625987700,389190,India Post Payments Bank Limited
+ MOHAMMADHANIF ABDULHAMID SHAIKH,9033723989,388255,AXIS Bank Ltd.
+ MOXKUMAR BHAILALBHAI PATEL,9099686583,384410,Central Bank of India
+ MR. PAGI KALPESHKUMAR,9825972467,389230,Suryoday Small Finance Bank Limited
+ MUKESHBHAI  PATEL,9662465009,389260,Bank of Baroda
+ MUKESHBHAI CHATURBHAI PARMAR,9875156918,388255,IDBI Bank Limited
+ MUNAVARKHAN  PATHAN,9879627153,389230,Yes Bank Limited
+ MUNIYA.BHURABHAI . ..,7016166970,389180,Fino Payments Bank Ltd.
+ MUSA AAMIR SALIM SAFI,9737484005,389260,Yes Bank Limited
+ N B ZALA,9904399570,388255,India Post Payments Bank Limited
+ N K PARMAR,9624705685,388270,India Post Payments Bank Limited
+ N P THAKOR,9712660355,388255,India Post Payments Bank Limited
+ NANABHAI PUJABHAI PRAJAPATI,9016513753,389230,India Post Payments Bank Limited
+ NANIBEN RAMESHBHAI PATELIYA,7874359321,389240,India Post Payments Bank Limited
+ NANSINH CHHAGANBHAI BAMANIYA,8758355597,389110,State Bank of India
+ NARENDR KUMAR MOHANLAL PANCHAL,9427525573,389265,Bank of Baroda
+ NARENDRAPRASAD  PATEL,9429842570,389240,Bank of Baroda
+ NARVATBHAI L KHANT,9879047608,389235,India Post Payments Bank Limited
+ NARVATBHAIRATANBHAI  DAMOR,9879523658,389250,Bank of Baroda
+ NATVARLAL SHANKERLAL TRIVEDI,9913773611,389232,India Post Payments Bank Limited
+ NAYAK AJAYKUMAR,7990712221,389120,India Post Payments Bank Limited
+ NILAMBEN  PANCHAL,9099758044,389240,Bank of Baroda
+ NILAMBEN KANAKABHAI,9879148108,388265,India Post Payments Bank Limited
+ NINAMA  PRAVINBHAI,9727314006,389240,Bank of Baroda
+ NINAMA ILA BEN,6351311241,389110,India Post Payments Bank Limited
+ NINAMA KISHORBHAI,9512623273,389190,Yes Bank Limited
+ NIRAJKUMAR  PARMAR,9638414758,389230,Bank of Baroda
+ NIRAV M PATEL,9638861672,388265,AXIS Bank Ltd.
+ NITINBHAI  DAMOR,7573895845,389260,Bank of Baroda
+ NITINKUMAR  DINDOR,7600400448,389172,Bank of Baroda
+ NITINKUMAR PARSOTTAMBHAI PATEL,8160853093,389110,India Post Payments Bank Limited
+ NP,7043314703,389230,India Post Payments Bank Limited
+ P A CHAUDHARY,8758194575,389230,India Post Payments Bank Limited
+ P L CHAUHAN,9428902549,388265,India Post Payments Bank Limited
+ P R CHAUHAN,8140320557,388255,India Post Payments Bank Limited
+ PADARIYA MANGALBHAI,8238958033,389265,India Post Payments Bank Limited
+ PADARIYA SHAILESHBHAI,9316580295,389260,RBL Bank Ltd
+ PAGI FATABHAI,9727954617,389230,Yes Bank Limited
+ PAGI HARESHBHAI JESHINGBHAI,9725622018,389232,Yes Bank Limited
+ PAGI HURAJBHAI,9537851388,389240,India Post Payments Bank Limited
+ PAGI JIGNESHKUMAR,9099799184,389110,Yes Bank Limited
+ PAGI KANUBHAI BHEMABHAI,8141902269,389230,Yes Bank Limited
+ PAGI MUKESHKUMAR,6352268230,389230,Yes Bank Limited
+ PAGI PRASHANTBHAI DANABHAI,9687231906,388260,Yes Bank Limited
+ PAGI RADHABEN,9327951352,389240,Yes Bank Limited
+ PAGI RAKESHBHAI,8469209269,388270,Yes Bank Limited
+ PAGI RAKESHBHAI RAMANBHAI,9726082412,389235,Yes Bank Limited
+ PAGI SURPALSINH ARJUNSINH,8980517558,389220,Yes Bank Limited
+ PAGI VIKRAMBHAI,8849182719,389110,Yes Bank Limited
+ PAGI VIKRAMBHAI RANCHODBHAI,8849267998,389265,Yes Bank Limited
+ PAGIJAYPALBHAI  VIKRAMBHAI,6354833631,389230,Bank of Baroda
+ PAGIKALPESHKUMAR  SOMABHAI,9726001246,388260,Bank of Baroda
+ PAGOR MOHANBHAI,9913666255,389172,Yes Bank Limited
+ PANADA DHUPENDRAKUMAR,6351353218,389260,Airtel Payments Bank Limited
+ PANCHAL HARDIKKUMAR RAJNIKANT,9727326969,389240,AXIS Bank Ltd.
+ PANCHAL J MULAJBHAI,6359886247,389232,India Post Payments Bank Limited
+ PANCHAL JITESHKUMAR NANALAL,9586248609,389265,Fino Payments Bank Ltd.
+ PANCHAL MANAN BHARATBHAI,9664833310,388260,Yes Bank Limited
+ PANCHAL MEHULKUMAR,9879984913,389230,AXIS Bank Ltd.
+ PANCHAL NILAMBEN DHARMESHKUMAR,8758749482,389240,Yes Bank Limited
+ PANCHAL NIRAVKUMAR,9825733115,389260,Airtel Payments Bank Limited
+ PANCHAL PRADIPKUMAR RAMESHBHAI,9979694672,389230,HDFC Bank Ltd.
+ PANCHAL PRAVINKUMAR,9979189295,389265,Yes Bank Limited
+ PANCHAL RAKESHKUMAR SHANKARLAL,7698229459,389230,Yes Bank Limited
+ PANCHAL RAKESHKUMAR SHANKARLAL,9979703711,389230,Yes Bank Limited
+ PANCHAL RUCHIRKUMARJAANTILAL,9974860020,389230,AXIS Bank Ltd.
+ PANCHAL VISHALBHAI NAVINCHANDRA,9574211111,389260,Fino Payments Bank Ltd.
+ PANDYA MEHULKUMAR,7567425776,389190,Airtel Payments Bank Limited
+ PANDYA VINODRAY,9925203230,389110,Airtel Payments Bank Limited
+ PANDYA VINODRAY,9408325143,389260,Airtel Payments Bank Limited
+ PANKAJBHAI RATHOD,8758765525,389220,India Post Payments Bank Limited
+ PANKAJKUMAR L DHAMOT,9727237708,388270,India Post Payments Bank Limited
+ PARGI  RAGHAVKUMAR,9727466581,389172,Fino Payments Bank Ltd.
+ PARGI RAJESHBHAI,9328466147,389260,Airtel Payments Bank Limited
+ PARGI RAVIRAJ,9925013960,389172,Fino Payments Bank Ltd.
+ PARGI VIKRAMBHAI,9586772085,389190,Yes Bank Limited
+ PARGI VINESHBHAI SOMABHAI,9510163097,389190,Yes Bank Limited
+ PARGISANJAY . ..,9586144148,389240,Fino Payments Bank Ltd.
+ PARMAR  RANJITSINH,7046616099,388255,Fino Payments Bank Ltd.
+ PARMAR BABUBHAI,7046307936,388255,Airtel Payments Bank Limited
+ PARMAR BHUPENDRABHAI GANPATBHAI,7567361227,388270,Fino Payments Bank Ltd.
+ PARMAR CHETANKUMAR DIPSINH,7096688146,388255,Fino Payments Bank Ltd.
+ PARMAR CHIMANBHAI,7359429864,388265,Airtel Payments Bank Limited
+ PARMAR DEVENDRASINH NATAVARSINH,8980823067,388270,India Post Payments Bank Limited
+ PARMAR DHANPALSINH AJMELSINH,9712515268,388265,Fino Payments Bank Ltd.
+ PARMAR JASVANTSINH ASHOKBHAI,9723789066,388255,Fino Payments Bank Ltd.
+ PARMAR JIGNESHKUMAR NARENDRASINH,9327041173,388255,Airtel Payments Bank Limited
+ PARMAR KRUNALSINH YOGENDRASINH,9913504594,389250,Fino Payments Bank Ltd.
+ PARMAR KUNJKUMAR KHANABHAI,8128165407,388255,HDFC Bank Ltd.
+ PARMAR MADANSINH VAJESINH,9723050959,388265,Fino Payments Bank Ltd.
+ PARMAR MAHESHKUMAR BALVANTSINH,8154856879,388255,Paytm Payments Bank Limited
+ PARMAR MANDIP,9925021850,389230,Paytm Payments Bank Limited
+ PARMAR MANHARBHAI,9537620145,389230,Yes Bank Limited
+ PARMAR MEGHABEN MAHESHBHAI,9898530891,388255,Yes Bank Limited
+ PARMAR NITINKUMAR,7283925014,388255,Airtel Payments Bank Limited
+ PARMAR PRAVINBHAI PRABHATBHAI,8140724951,388260,Fino Payments Bank Ltd.
+ PARMAR RAHULBHAI NAGINBHAI,9879437476,389180,Fino Payments Bank Ltd.
+ PARMAR RAJESHKUMAR GALABBHAI,8140462247,388255,Paytm Payments Bank Limited
+ PARMAR SANJAYKUMAR HIRABHAI,8469334816,388255,Fino Payments Bank Ltd.
+ PARMAR SATISHKUMAR VAJESINH,9925605440,388265,Yes Bank Limited
+ PARMAR VANRAJSINH JITENDRASINH,8849313784,389220,Yes Bank Limited
+ PARMAR VINESHKUMAR BHULABHAI  BHULABHAI,9909057305,388255,Yes Bank Limited
+ PARMAR VIPULKUMAR,9737730168,389230,Yes Bank Limited
+ PARVATBHAI RUPABHAI DAMOR,9512986436,389240,India Post Payments Bank Limited
+ PATEL  AMBALAL,9558267202,389230,Fino Payments Bank Ltd.
+ PATEL  JAGDISHBHAI,7436016264,389265,Fino Payments Bank Ltd.
+ PATEL  MANU BHAI HERA BHAI,9825795429,389220,Bank of Baroda
+ PATEL  SATISH KUMAR KHATU BHAI,9712026057,389220,Bank of Baroda
+ PATEL  VINODBHAI,9979217342,389230,Fino Payments Bank Ltd.
+ PATEL AMITKUMAR JAYANTIBHAI,9904918753,389230,Fino Payments Bank Ltd.
+ PATEL ANISH MUKESHBHAI,9737137115,388255,Yes Bank Limited
+ PATEL BHANUPRASAD,7016182269,389230,Airtel Payments Bank Limited
+ PATEL BHARGAV SHANTILAL,9904477500,388270,Fino Payments Bank Ltd.
+ PATEL BHAVESHKUMAR BHIKHABHAI,9687143813,389230,India Post Payments Bank Limited
+ PATEL BHAVYABEN,8447610302,389230,India Post Payments Bank Limited
+ PATEL BRIJALBEN NATVARBHAI,8160411221,389230,India Post Payments Bank Limited
+ PATEL GHANSHYAMBHAI MAHENDRABHAI,9925504436,389220,Fino Payments Bank Ltd.
+ PATEL JAYESHKUMAR,8141684555,389235,Yes Bank Limited
+ PATEL JIGARBHAI,6355417065,389230,Yes Bank Limited
+ PATEL JIGARKUMAR KALUBHAI,8401669166,389230,Airtel Payments Bank Limited
+ PATEL JIMITKUMAR DILIPBHAI,9788524540,389210,India Post Payments Bank Limited
+ PATEL JITENDRABHAI DEVABHAI,9913150030,389230,Fino Payments Bank Ltd.
+ PATEL KALPESHKUMAR RAMESHBHAI,9725421909,389260,Fino Payments Bank Ltd.
+ PATEL KAMLESH KUMAR ARVIND BHAI,9904398922,389175,India Post Payments Bank Limited
+ PATEL KAMLESHKUMAR NAVINCHANDRA,7567883495,389250,HDFC Bank Ltd.
+ PATEL KASHIBHAI SANKARBHAI,9409487450,388260,Yes Bank Limited
+ PATEL KETULKUMAR NATVARLAL,8866674444,388255,Fino Payments Bank Ltd.
+ PATEL KINJALKUMAR BHARATBHAI,7600850001,389260,RBL Bank Ltd
+ PATEL MITALBEN AMITKUMAR,8155047075,389230,Yes Bank Limited
+ PATEL NATHABHAI,9909803034,389230,Yes Bank Limited
+ PATEL PRITESHKUMAR,9327771308,389260,RBL Bank Ltd
+ PATEL PUNAMBHAI,7567258108,388270,Airtel Payments Bank Limited
+ PATEL REVABHAI SOMABHAI,9328074439,389230,Yes Bank Limited
+ PATEL SACHINKUMAR PANKAJBHAI,8140408181,388255,Fino Payments Bank Ltd.
+ PATEL SHAILESHKUMAR SOMABHAI,8758026525,389265,Yes Bank Limited
+ PATEL SUBHASHCHANDRA,8000065999,388270,AXIS Bank Ltd.
+ PATEL SUNITA BAHEN BHARATKUMAR,9898965447,388270,AXIS Bank Ltd.
+ PATEL SURESHBHAI,8160509412,389220,Airtel Payments Bank Limited
+ PATEL TAHIR,9537602765,389230,Yes Bank Limited
+ PATEL VASANTHKUMAR,9428133651,389265,India Post Payments Bank Limited
+ PATELDAXESHKUMAR  JAGDISHBHAI,8000027729,388265,Bank of Baroda
+ PATELIA JAYESHBHAI MANABHAI,8758873672,389230,AXIS Bank Ltd.
+ PATELIYA DILIPBHAI KALUBHAI,8238868004,389220,Yes Bank Limited
+ PATELIYA DIVYABEN,9537720750,388260,India Post Payments Bank Limited
+ PATELIYA GIRDHARBHAI,8758152096,388255,Airtel Payments Bank Limited
+ PATELIYA HITENDRAKUMAR KIRITBHAI,9737293512,388265,Yes Bank Limited
+ PATELIYA MANGALKUMAR SUKHABHAI,6352934075,389230,Yes Bank Limited
+ PATELIYA MANIBEN GIRDHARBHAI,8980634798,388255,Paytm Payments Bank Limited
+ PATELIYA RAVINDRAKUMAR RAVJIBHAI,7567113140,389230,Kotak Mahindra Bank Limited
+ PATELIYA SANJAYKUMAR MAYJIBHAI,7567367534,389230,Kotak Mahindra Bank Limited
+ PATHAN,9924216565,389230,Airtel Payments Bank Limited
+ PATHAN KHAN,9974071203,389230,Airtel Payments Bank Limited
+ PATHAN MOINKHAN,8160256899,389240,Fino Payments Bank Ltd.
+ PATHAN MOINUDDINKHAN MAHAMADKHAN,8732926456,389230,AXIS Bank Ltd.
+ PATHAN RAHIMKHAN ASHARAFKHAN,8849489138,388255,Paytm Payments Bank Limited
+ PATHAN YUSUFMIYA,9974714224,388255,Airtel Payments Bank Limited
+ PAYALBEN L,9773292758,389260,India Post Payments Bank Limited
+ PAYALBEN MAHESHKUMAR ROHIT,9904901548,389265,India Post Payments Bank Limited
+ PRABHATSINH  ZALA,9624136051,388265,Bank of Baroda
+ PRAGNESH KUMAR VINUBHAI DABGAR,9925460002,388265,AU Small Finance Bank Limited
+ PRAJAPATI  RAJESHBHAI,9638181127,389235,HDFC Bank Ltd.
+ PRAJAPATI AJAYKUMAR BHAGVANBHAI,9879445798,389230,RBL Bank Ltd
+ PRAJAPATI VINODBHAI,7285026831,388255,Airtel Payments Bank Limited
+ PRAJAPATI YOGESHKUMAR JAYANTIBHAI,9726501143,389260,Yes Bank Limited
+ PRAKASHBHAI  NINAMA,9712665508,389110,HDFC Bank Ltd.
+ PRAKASHBHAI  PAGI,8758109659,389265,Yes Bank Limited
+ PRAKASHKUMAR AMBALALPATEL,7285089890,389350,AXIS Bank Ltd.
+ PRAMILABEN THAKOR,9512164108,388260,State Bank of India
+ PRANAMI PRAGNESHKUMAR BHIKHABHAI,9316521693,389230,Yes Bank Limited
+ PRATAPBHAI A BHIL,7827925310,389230,India Post Payments Bank Limited
+ PRAVINBHAI  PATELIYA,7874464684,388255,Bank of Baroda
+ PRAVINBHAI  SOLANKI,8799017266,389265,Bank of Baroda
+ PRAVINKUMAR  VANKAR,8758368121,389230,Bank of Baroda
+ PRAVINKUMAR VIRABHAI PATEL,8141710183,389250,India Post Payments Bank Limited
+ PRITESH KANTILAL KAPADIA,8460438486,389001,IDBI Bank Limited
+ PUNWAR PRATIPALSINH RAJKUMARSINH,8980720647,389240,Fino Payments Bank Ltd.
+ PUNWAR PRATIPALSINH RAJKUMARSINH,7046469865,389240,AXIS Bank Ltd.
+ PUWAR CHHATRAPALSINH DEVENDRASINH,9979303607,389250,Fino Payments Bank Ltd.
+ PUWAR MRUGRAJSINH CHHATRAPALSINH,9427756271,389260,Yes Bank Limited
+ PUWAR NEHAL,8200980108,389260,Yes Bank Limited
+ R K VASAVA,9879172662,388255,India Post Payments Bank Limited
+ R L THAKOR,9712229560,388260,India Post Payments Bank Limited
+ R M RATHOD,9909816756,388265,India Post Payments Bank Limited
+ R R SOLANKI,9904529866,388255,India Post Payments Bank Limited
+ R R THAKOR,9537381148,388255,India Post Payments Bank Limited
+ R R VALAND,9714125169,388260,India Post Payments Bank Limited
+ R S PANCHAL,9687892377,389232,India Post Payments Bank Limited
+ R V MACHHI,9737218414,389232,India Post Payments Bank Limited
+ RADHABEN KANJIBHAI RATHOD,8155818077,389230,India Post Payments Bank Limited
+ RADHIKA JIGNESHKUMAR MINDA,9983934940,389260,Yes Bank Limited
+ RAJAT KAMLESH  RAJAT,8141312469,389260,Bank of Baroda
+ RAJESHKUMAR  RATHOD,9727757592,389232,Bank of Baroda
+ RAJESHKUMAR RAJESHKUMAR  BARIABARIA,9328249487,389210,AXIS Bank Ltd.
+ RAJPUT SANDIPSINH,9727469108,389260,Airtel Payments Bank Limited
+ RAKESH MANILAL BARIA,9898894333,388270,State Bank of India
+ RAKESHBHAI  DAMA,7861097261,389341,Bank of Baroda
+ RAKESHBHAI  DAMOR,9712307550,389260,Bank of Baroda
+ RAKESHBHAI PATEL,8160934948,388270,India Post Payments Bank Limited
+ RAKESHBHAI RATNABHAI  TAVIYAD,8980142214,389172,Bank of Baroda
+ RAKESHBHAI SOMABHAI DAMOR,9978573866,389260,State Bank of India
+ RAKESHBHAI TERSINGBHAI NINAMA,9586187302,389110,Fino Payments Bank Ltd.
+ RAKESHKUMAR DAHYABHAI,9978787389,389110,India Post Payments Bank Limited
+ RALIYATA J DUDH UTPADAK SAHKARI MANDALI LIMITED,6354248846,388255,The Federal Bank Ltd.
+ RALOTI NARENDRAKUMAR,9586003768,389190,Airtel Payments Bank Limited
+ RAMABHAI RAMABHAI  BARIABARIA,9265624168,389110,AXIS Bank Ltd.
+ RAMAN BHAI FULA DAMOR,9979471256,389232,Bank of Baroda
+ RAMANBHAI BHIKHABHAI MACHHI,9913390356,389240,India Post Payments Bank Limited
+ RAMANBHAI VICHIABHAI,8238439471,389190,India Post Payments Bank Limited
+ RAMESHBHAI  TAVIYAD,9586103354,389260,Fino Payments Bank Ltd.
+ RAMESHBHAI KANABHAI MAKWANA,9726443324,389230,India Post Payments Bank Limited
+ RAMESHBHAI MANABHAI PATELIYA,9979988983,389220,India Post Payments Bank Limited
+ RAMNBHAI  KATARA,9638072217,389240,Fino Payments Bank Ltd.
+ RAMSINGBHAI MANSINGBHAI KALASAVA,9586067328,389260,India Post Payments Bank Limited
+ RANA BHUPENDRAKUMAR GOPALBHAI,7046797966,389230,Yes Bank Limited
+ RANA CHAITANYAKUMAR RAKESHBHAI,7487878788,388255,Yes Bank Limited
+ RANA NIRDOSHKUMAR RAKESHBHAI,9727216006,388255,Paytm Payments Bank Limited
+ RANA SHIVPALSINH PRAVINSINH,8866616254,389230,RBL Bank Ltd
+ RANGREJ NASIRUDDIN GULAMHUSAIN,9825322021,389230,Yes Bank Limited
+ RANGREJ SANIYA,9773483153,389230,Airtel Payments Bank Limited
+ RANJITSINH  PATELIA,9904122412,389230,Bank of Baroda
+ RANJITSINH ABHESINH THAKOR,8758359090,388260,State Bank of India
+ RASHIDBHAI ISMAIL,9913210945,389230,Yes Bank Limited
+ RATHOD ALPESHKUMAR DINESHBHAI,7069724299,388255,Airtel Payments Bank Limited
+ RATHOD DHARMENDRASINH,9687322944,389330,Yes Bank Limited
+ RATHOD HITENDRASINH,9879897698,389220,Airtel Payments Bank Limited
+ RATHOD JASPALSINH,6351434629,389230,Yes Bank Limited
+ RATHOD MAHENDRSINH,7623809485,389220,India Post Payments Bank Limited
+ RATHOD MEHULSINH,9099729502,389230,Yes Bank Limited
+ RATHOD PUSHPARAJSINH,7016534980,389260,Suryoday Small Finance Bank Limited
+ RATHOD SACHINBHAI,6359082733,389190,Airtel Payments Bank Limited
+ RATHOD SANJAYKUMAR BHAVANSINH,9054333437,388265,Fino Payments Bank Ltd.
+ RATHOD VIJENDRASINH,9638636468,389230,AXIS Bank Ltd.
+ RATHOD VIKASHKUMAR,8780657137,389230,Kotak Mahindra Bank Limited
+ RAVAL  CHETANKUMAR,9904070761,388265,Bank of Baroda
+ RAVAL  DAHYABHAI,7567744954,389240,Bank of Baroda
+ RAVAL BHAGIRATH KUMAR ARJANBHAI,7990087038,389235,AXIS Bank Ltd.
+ RAVAL HITESHBHAI,7827925255,389230,India Post Payments Bank Limited
+ RAVAL KUSUMBEN PRAVINBHAI,8200520007,389260,Yes Bank Limited
+ RAVAL PRAVINBHAI,9978653453,389260,Airtel Payments Bank Limited
+ RAVAL VIHANGKUMAR VIJAYBHAI,9879130318,388255,Fino Payments Bank Ltd.
+ RAVAL VIJAYBHAI MOHANLAL,7043196755,388255,Fino Payments Bank Ltd.
+ RAVIRAJ,7016135704,389110,India Post Payments Bank Limited
+ RAYJIBHAI VAGHABHAI TALAR,9723840445,388270,India Post Payments Bank Limited
+ RAYOLI DUDH UTAPADAK SAHAKARI MANDALI LTD,6352508461,388265,The Federal Bank Ltd.
+ RAYSINGBHAI NARJIBHAI PARGI,7827922718,389172,India Post Payments Bank Limited
+ REVABHAI RAMABHAI BARIA,9909493157,389235,India Post Payments Bank Limited
+ RITABEN NARANDAS PATEL,8980553207,389230,India Post Payments Bank Limited
+ RITESHKUMAR DASRATH  THAKOR,9913353021,388255,Bank of Baroda
+ RJ,9558265047,389230,India Post Payments Bank Limited
+ S B SISODIYA,9537162808,388265,India Post Payments Bank Limited
+ S G PARMAR,8347737731,388255,India Post Payments Bank Limited
+ S G PRAJAPATI,9316765782,388260,India Post Payments Bank Limited
+ S K PARMAR,7359414925,388255,India Post Payments Bank Limited
+ S R VALAND,9723251090,388260,India Post Payments Bank Limited
+ S V PATEL,9429659963,388260,India Post Payments Bank Limited
+ SACHINKUMAR  BARIYA,7874590800,388265,Fino Payments Bank Ltd.
+ SACHINKUMAR  PATEL,9429847904,389260,Bank of Baroda
+ SACHINKUMAR ARVINDBHAI PARMAR,9106549176,388260,Yes Bank Limited
+ SAFIMAHAMAD ADAMBHAI SHEKH,9924717861,389260,RBL Bank Ltd
+ SAHARSHKUMAR  DEVENRAKUMAR,9429080682,389260,Bank of Baroda
+ SAIYED ZULFI KARALI ABDULLATIF,8735956786,388255,AXIS Bank Ltd.
+ SANGADA BRIJESHBHAI,7567361143,389190,Airtel Payments Bank Limited
+ SANGADA HARDIKKUMAR JAYANTIBHAI,6353672721,389260,Fino Payments Bank Ltd.
+ SANGADA SURESHBHAI SHANKARBHAI,9909349024,389110,Fino Payments Bank Ltd.
+ SANGITABEN POPATBHAI RAVAL,6354342013,382730,Central Bank of India
+ SANJAY  PARMAR,9537125232,389260,Bank of Baroda
+ SANJAYBHAI ARJANBHAI  THAKOR,9737377273,388265,Bank of Baroda
+ SANJAYKUMAR  BARIYA,9909288030,389250,Bank of Baroda
+ SANJAYKUMAR  DAMOR,9586049923,389240,Bank of Baroda
+ SANJAYKUMAR  DAMOR,9913046088,389260,Bank of Baroda
+ SANJAYKUMAR B PATELIYA,6252160924,388255,India Post Payments Bank Limited
+ SANKET PRAJAPATI,7405658418,389230,India Post Payments Bank Limited
+ SANTOSHBHAI SHIVABHAI BHOI,9913963355,389260,India Post Payments Bank Limited
+ SANTOSHKUMAR SUKHABHAI BARIA,9879449567,388270,HDFC Bank Ltd.
+ SARADBHAI BHAGABHAI DAMOR,8141579418,389240,India Post Payments Bank Limited
+ SARASVATIBEN  MACHHI,6353892314,388270,Bank of Baroda
+ SATISHPURI HIRAPURI GOSAI,7874182187,389230,India Post Payments Bank Limited
+ SATTAR,9824342880,389330,Paytm Payments Bank Limited
+ SAYAKALWALA GULAZARHUSEN,9825889693,389260,Airtel Payments Bank Limited
+ SELOT ANITABEN ARVINDBHAI,7874262181,389110,Fino Payments Bank Ltd.
+ SELOT DINESHBHAI MAKANBHAI,9023331727,389110,Yes Bank Limited
+ SELOT NAVINBHAI RAMSINGBHAI,9913761221,389110,Yes Bank Limited
+ SELOT VIPULKUMAR,9510007897,389110,Fino Payments Bank Ltd.
+ SENAVA MUKESHBHAI,7359142818,388255,Airtel Payments Bank Limited
+ SEVAK DHAVALKUMAR PUNAMBHAI,9824300571,388255,Yes Bank Limited
+ SHAH ISHITA,9426274050,389260,Airtel Payments Bank Limited
+ SHAHERAWALA YUSUF,9512650004,389260,Airtel Payments Bank Limited
+ SHAIKH HABIBBHAI,8485981188,388255,Airtel Payments Bank Limited
+ SHAIKH MAHAMMADFAIJAN YUSUFBHAI,9067359211,388255,Yes Bank Limited
+ SHAIKH MAHAMMADRAMIZ ABDULRASID,7433928863,388255,Fino Payments Bank Ltd.
+ SHAIKH MOHAMMAD KHUDAIZ MOHD MAQSUD,9714235025,389230,AXIS Bank Ltd.
+ SHAIKH MOHAMMADAEJAZ,9426532371,389260,AXIS Bank Ltd.
+ SHAIKH MOHAMMADASIFABDULSLAMA,9825620129,389230,AXIS Bank Ltd.
+ SHAIKH MOHAMMADSHAFI A,9033439744,388255,AXIS Bank Ltd.
+ SHAIKH MOHMADVASIM,9824648600,388255,Paytm Payments Bank Limited
+ SHAIKH SUHAIL ATIKURREHAMAN,7567294963,389230,AXIS Bank Ltd.
+ SHAILENDRA BIPINCHANDRA RANA,9033273551,389260,India Post Payments Bank Limited
+ SHAILESHJI BADSANGJI THAKOR,9724510424,382865,Central Bank of India
+ SHAILESHKUMAR JIVANBHAI PATEL,9978483633,389232,India Post Payments Bank Limited
+ SHANABHAI,8457554444,389265,India Post Payments Bank Limited
+ SHANABHAI GALABBHAI BARIA,9979135349,389230,India Post Payments Bank Limited
+ SHANABHAI GALABHAI,9726873523,389260,India Post Payments Bank Limited
+ SHANTILAL  MACHHI,7863847257,389220,Bank of Baroda
+ SHARMA MANISHKUMAR SATYAPRAKASH,9898210386,389260,Fino Payments Bank Ltd.
+ SHEAKH IRFANBHAI,9574401364,388265,AXIS Bank Ltd.
+ SHEIKH MAHAMMADAAMIR MAHAMMADISHAK,8154896820,388265,Yes Bank Limited
+ SHEIKH SALMAN,9664527628,389260,Yes Bank Limited
+ SHEKH ABDULRASID KASAMBHAI,9974803430,388255,AXIS Bank Ltd.
+ SHEKH ARIFBHAI SATTARBHAI,9978114996,389230,Yes Bank Limited
+ SHEKH HASAN GULAMRASUL,9574019175,389230,Fino Payments Bank Ltd.
+ SHEKH MOHAMMAD SAHID I,9898328589,389230,Yes Bank Limited
+ SHEKH MOHAMMAD VASIF MO RIYAZ,7984467171,389230,Fino Payments Bank Ltd.
+ SHEKH MUNAF AHEMAD SABIRHUSEN,9924321513,389260,Yes Bank Limited
+ SHEKH OVESHBHAI MAJITBHAI,9726369162,388265,Yes Bank Limited
+ SHILPABEN BHIKHABHAI PRAJAPATI,9737830616,389230,India Post Payments Bank Limited
+ SHRI M S PARGI,8141787236,388265,India Post Payments Bank Limited
+ SHRI P K PRAJAPATI,9898775362,388265,India Post Payments Bank Limited
+ SISODIYA UPENDRASINH NARENDRASINH,8160215909,389230,Fino Payments Bank Ltd.
+ SISODIYA YASHPALSINH ARVINDSINH,8469776754,389230,RBL Bank Ltd
+ SMT S P TAILOR,9974094848,388255,India Post Payments Bank Limited
+ SOLANKI  PRITESHKUMAR,9725520022,389230,Fino Payments Bank Ltd.
+ SOLANKI AMITBHAI,8347725204,388255,Airtel Payments Bank Limited
+ SOLANKI ANILKUMAR NATHABHAI,9879173294,389230,Yes Bank Limited
+ SOLANKI BHARATSINH GANPATSINH,9727116113,388255,Yes Bank Limited
+ SOLANKI BIPINKUMAR KALUSINH,9974358014,388255,Yes Bank Limited
+ SOLANKI GOPALSINH JUVANSINH,7046429431,388255,Fino Payments Bank Ltd.
+ SOLANKI JAYDIPSINH RANJITSINH,7567516331,388255,Yes Bank Limited
+ SOLANKI KALPESHKUMAR,7990905210,389220,Airtel Payments Bank Limited
+ SOLANKI MUKESHBHAI,9327339893,389220,Yes Bank Limited
+ SOLANKI RAMESHBHAI,8140232421,388235,Airtel Payments Bank Limited
+ SOLANKI RAVINDRAKUMAR VIJAYSINH,9725442661,388260,Yes Bank Limited
+ SOLANKI RUTVIKSINH,7984934141,380026,India Post Payments Bank Limited
+ SOLANKI SANJAYKUMAR,8141052357,389230,Yes Bank Limited
+ SOLANKI YOGENDRASINH HARISHCHANDRASINH,7874637522,389230,Yes Bank Limited
+ SOMABHAI  DAMOR,8469574128,389232,Bank of Baroda
+ SOMABHAI VAGHABHAI KHANT,9586066220,389240,India Post Payments Bank Limited
+ SONALBEN,6354002730,389230,India Post Payments Bank Limited
+ SUBHASHKUMAR  DAMOR,6354807530,389240,Bank of Baroda
+ SUKHADIYA GAURANG KUMAR BHUPATBHAI,9879510586,388255,AXIS Bank Ltd.
+ SUKHADIYA MAYURKUMAR BHUPATBHAI,7567814345,388255,Fino Payments Bank Ltd.
+ SUNITABEN  KHANT,7861958727,388260,Bank of Baroda
+ SURESHBHAI  DAMOR,9712347876,389260,Bank of Baroda
+ SURESHBHAI  DAMOR,9909215377,389341,Bank of Baroda
+ SURESHBHAI  KHANT,9723426422,389240,Bank of Baroda
+ SURESHBHAI  MACHCHI,9723759900,388255,Bank of Baroda
+ SURESHBHAI SHANABHAI  PAGI,9727987635,389220,Bank of Baroda
+ SURESHKUMAR  ZALA,9909113135,388255,Bank of Baroda
+ SURESHKUMAR ABHESINH THAKOR,9712016620,388260,State Bank of India
+ SURESHSINH THAKOR,9925783165,388260,State Bank of India
+ SUSHIL AGRAWAL,7600300655,389260,Airtel Payments Bank Limited
+ SUTARIYA DUDHA UTPADAK SAHAKARI MANDALI,9586133561,388265,The Federal Bank Ltd.
+ SUTHAR AMITKUMAR JASVANTLAL,9925997732,389230,HDFC Bank Ltd.
+ SUTHAR J,8141313568,389230,Airtel Payments Bank Limited
+ TAHELVANI SANJAYKUMAR ASHOKBHAI,8140856143,389230,Fino Payments Bank Ltd.
+ TALAR DINESHBHAI,9313105553,389230,Airtel Payments Bank Limited
+ TALAR DINESHBHAI AMIRBHAI,8141091102,388260,Yes Bank Limited
+ TAVIYAD AASHISHKUMAR,9824398270,389260,AXIS Bank Ltd.
+ TAVIYAD BHARATBHAI,9712095614,389260,India Post Payments Bank Limited
+ TAVIYAD JIGNESHBHAI SURESHBHAI,9586067653,389260,Fino Payments Bank Ltd.
+ TAVIYAD PUNJABHAI,9016903143,389240,Yes Bank Limited
+ TAVIYAD SOMABHAI,9586020041,389260,India Post Payments Bank Limited
+ THAKAR  AKSHAYKUMAR,9909800240,388260,HDFC Bank Ltd.
+ THAKOR ASHBINKUMAR RAYJIBHAI,8690488665,388260,Fino Payments Bank Ltd.
+ THAKOR BABUBHAI PRABHATBHAI,8347701504,388255,Yes Bank Limited
+ THAKOR DINESHKUMAR PARVATBHAI,6353314057,388265,Yes Bank Limited
+ THAKOR HARESHKUMAR KANTIBHAI,9537733364,388260,Fino Payments Bank Ltd.
+ THAKOR JIGNESHKUMAR HIRABHAI,8799536063,388265,India Post Payments Bank Limited
+ THAKOR KANAKSINH SHANABHAI,8347249910,389230,RBL Bank Ltd
+ THAKOR MAHIPALKUMAR RAMABHAI,9712860684,388270,Yes Bank Limited
+ THAKOR PRAKASHSINH MANGALBHAI,7874548503,388265,Fino Payments Bank Ltd.
+ THAKOR RAKESHKUMAR SHNABHAI,9099350579,388255,Yes Bank Limited
+ THAKOR RAMABHAI MATHURBHAI,9624750759,388255,Fino Payments Bank Ltd.
+ THAKOR RANJEETSINH MOHANSINH,9624679681,388255,Yes Bank Limited
+ THAKOR RANJITBHAI AMARABHAI,7623909910,389230,Kotak Mahindra Bank Limited
+ THAKOR SANJAYSINH,6352495936,389001,Yes Bank Limited
+ THAKOR SATYAJITSINH,9727467333,389230,Airtel Payments Bank Limited
+ THAKOR UPENDRASINH,8799488263,389230,RBL Bank Ltd
+ THAKOR VIJAYKUMAR HINMATBHAI,6356735140,388255,Yes Bank Limited
+ THAKOR VIKRAMSINH MOHANBHAI,7096705836,388255,Fino Payments Bank Ltd.
+ THAKOR YUVRAJSINH KODARSINH,9537757412,388260,Yes Bank Limited
+ THE DHUDHLIYA DUDH UTPADAK SAHAKRI MANDLI LIMITED,6353607622,388255,The Federal Bank Ltd.
+ THE KHARI NAVAMUVADA D U S M L,6351727957,388265,The Federal Bank Ltd.
+ TOL ABRAR ILIYAS,9773075701,389260,Yes Bank Limited
+ TULSIBEN HARSHADKUMAR PATEL,9081114924,389230,State Bank of India
+ UDESING GANGAJIBHAI  KATARA,9537106858,389341,Bank of Baroda
+ UJJVALKUMAR  DAVE,9904502994,389230,Bank of Baroda
+ UPADHYAY  TARAKKUMAR,7567575500,389260,Fino Payments Bank Ltd.
+ V B ZALA,9879390070,388255,India Post Payments Bank Limited
+ V J MALIWAD,9712041809,388260,India Post Payments Bank Limited
+ V M PRAJAPATI,9824913784,388255,India Post Payments Bank Limited
+ V P PATEL,9725017596,388255,India Post Payments Bank Limited
+ V R PAGI,9913922006,388265,India Post Payments Bank Limited
+ V S PARGI,9712725012,388265,India Post Payments Bank Limited
+ VAGADIA ASHISHKUMAR RAMABHAI,9909303910,389265,Yes Bank Limited
+ VAGADIA PRATIK KUMAR,9328445302,389240,AXIS Bank Ltd.
+ VAGDIYA ISHVARBHAI,9265982445,389240,Fino Payments Bank Ltd.
+ VAGHELA ANKITKUMAR,9106176873,388260,Airtel Payments Bank Limited
+ VAGHELA JAGADISHBHAI,6353487693,388255,Airtel Payments Bank Limited
+ VAISHNAVIBEN  SONI,7096983606,388260,Bank of Baroda
+ VAJABHAI  CHAUHAN,9662363832,388255,Bank of Baroda
+ VAJUBHAI  CHARAN,9925945143,389220,Bank of Baroda
+ VAJUBHAI SHAMALDAS CHARAN,8320002469,389220,Yes Bank Limited
+ VALAND BRIJESHKUMAR MAHENDRABHAI,7046443248,388260,Fino Payments Bank Ltd.
+ VALAND RAMESHBHAI,9664982545,388260,Airtel Payments Bank Limited
+ VALAND VIPULKUMAR MOHANBHAI,9327342331,388265,Yes Bank Limited
+ VALVAI ISHVARBHAI,6352960458,389190,Yes Bank Limited
+ VANKAR  KUSHAL BHAI,8141181047,388265,Bank of Baroda
+ VANKAR DINESHBHAI JAYANTIBHAI,8980483787,388270,Yes Bank Limited
+ VANKAR MANISHKUMAR,8141794710,389230,RBL Bank Ltd
+ VASANTKUMAR NAVINBHAI,9925288584,389235,India Post Payments Bank Limited
+ VASAVA BHAVIKKUMAR BHARATBHAI,9099581549,388255,Yes Bank Limited
+ VIJAYABEN MAHENDRAKUMAR BARAIYA,8469366906,388260,Yes Bank Limited
+ VIJAYBHAI RAYSINGBHAI DAMOR,9712700767,389172,Fino Payments Bank Ltd.
+ VIJAYKUMAR  BARIA,8320570675,389220,Yes Bank Limited
+ VIJAYKUMAR  DINDOR,8238627321,389265,Bank of Baroda
+ VIJAYKUMAR  PARIG,9023535344,389260,Bank of Baroda
+ VIJAYSINH TALAR,7874275165,389230,Airtel Payments Bank Limited
+ VIKRAMBHAI  KISHORI,9825624040,389260,Bank of Baroda
+ VIKRAMBHAI AMRABHAI  DHAMOT,9586194619,389230,Bank of Baroda
+ VIKRAMBHAI JESINGHBHAI KATARA,9909855966,389110,Fino Payments Bank Ltd.
+ VIKRAMSINH  CHAUHAN,9099760816,389230,Bank of Baroda
+ VIKRAMSINH  PATELIYA,9712098250,389220,Bank of Baroda
+ VIKRAMSINH RATANSINH VIRPARA,9909650516,389230,India Post Payments Bank Limited
+ VIMALKUMAR  BHOI,8758184393,388270,Bank of Baroda
+ VIPULKUMAR  THAKOR,8000263302,388255,Bank of Baroda
+ VIRSINGBHAI  SOLANKI,6353652120,389260,Bank of Baroda
+ VISHALKUMAR  DARJI,9913154920,389260,Bank of Baroda
+ VISHALKUMAR  PARMAR,8238429886,389172,Bank of Baroda
+ VISHNUBHAI PATEL,9712321045,389240,India Post Payments Bank Limited
+ YADAV RAHUL SAJANBHAI,8780405945,388255,Yes Bank Limited
+ YASHKUMAR D DABHI,8238128128,389260,State Bank of India
+ YASHVANTSINH LAXMANBHAI JADAV,9726541973,388270,India Post Payments Bank Limited
+ YASHVANTSINH PRUTHVISINH CHAUHAN,9925502577,389260,India Post Payments Bank Limited
+ YOGESHKUMAR BABULAL PICHHOLIYA,8866466991,389230,Yes Bank Limited
+ YOGESHKUMAR DINDOR,8487995248,389260,HDFC Bank Ltd.
+ YOGESHKUMAR SHAH,9427818078,389260,Airtel Payments Bank Limited
+ YUVRAJKUMAR CHAUHAN,8980197668,389230,AXIS Bank Ltd.
+ ZAHIRKHAN  PATHAN,7285086771,389240,Bank of Baroda
+ ZAKIRBHAI SADIKBHAI SHEKH,9099701224,388270,AXIS Bank Ltd.
+ ZAL DOLSINH BHAI  ABEHAY SINH,8347234821,388265,Bank of Baroda
+ ZALA NAIMESHKUMAR MANSINH,7016747401,389230,Union Bank of India
+ ZALA RAVJIBHAI,9313181263,388255,Airtel Payments Bank Limited
+ ZALA SANJAYSINH MANSINH,9979390150,388255,AXIS Bank Ltd.
+ ZALA SMITKUMAR MANGALSINH,7874584523,388255,Fino Payments Bank Ltd.
+ ZALA SURESHKUMAR RAGHABHAI,6356324405,388255,Fino Payments Bank Ltd.
