bc_name,mobile_no,pincode,bank_name
+ A A POSLA,9429098917,363641,India Post Payments Bank Limited
+ A G DEVMURARI,9638103428,363642,India Post Payments Bank Limited
+ AAL YASHKUMAR PARBATBHAI,8401922238,363641,Fino Payments Bank Ltd.
+ AATRESA DILIPBHAI,9512671511,363641,Airtel Payments Bank Limited
+ ABBASI,9898380320,363621,India Post Payments Bank Limited
+ ABDULRAHIM,9824845495,363621,India Post Payments Bank Limited
+ ABHASAI,9574031878,363621,India Post Payments Bank Limited
+ ABHAY DHIRAJ CHAWDA,9265467092,363670,Yes Bank Limited
+ ABHISHEK DUBEY,9054220072,363642,Airtel Payments Bank Limited
+ AGABHIPIPALIYA D.U.S.M.L,9375811011,360003,The Federal Bank Ltd.
+ AGHARA ALPESHBHAI LALJIBHAI,9023217725,363630,AXIS Bank Ltd.
+ AGHARA CHANDULAL,9909535685,363641,Airtel Payments Bank Limited
+ AGHARA KIRTI TRIBHOVANBHAI,9825658672,363641,Yes Bank Limited
+ AGHARA PINALBEN DHARMENDRABHAI,9979604706,363641,AXIS Bank Ltd.
+ AGHARA VISHAL RATILAL,8070108108,363642,Fino Payments Bank Ltd.
+ AGHERA AKSHAY,9033133131,363650,Airtel Payments Bank Limited
+ AJANI AJITBHAI RAYSINGBHAI,8000316272,363330,Yes Bank Limited
+ AJAY  ANDODARIYA,9510333353,363642,Bank of Baroda
+ AJAY BABUBHAI PATADIYA,8320040013,363670,Fino Payments Bank Ltd.
+ AJAY DIPAKBHAI LASHKARI,9601410017,363641,Fino Payments Bank Ltd.
+ AJAY THAKUR,7227099150,363642,Airtel Payments Bank Limited
+ AJEET SINGH RANSINGH,9104988899,363641,Airtel Payments Bank Limited
+ AJMERA RASULBHAI,7203084778,363641,Canara Bank
+ AKASHKUMAR NAMDEV,8401742259,363641,Airtel Payments Bank Limited
+ AKHTAR RAMAJUDIN GHONIYA,9712978610,363330,State Bank of India
+ AKSHAYKUMAR PRAFFULBHAI KUNDARIYA,9909345605,363641,Airtel Payments Bank Limited
+ ALFIZA DAL,8780245505,363641,India Post Payments Bank Limited
+ ALI AMIR ANIS SHABBIR ANIS,7228858368,363642,Airtel Payments Bank Limited
+ AMARSAR KASAMPARA M.D.U.S.M.L,9825445275,363621,The Federal Bank Ltd.
+ AMARSINH,9898396729,363641,India Post Payments Bank Limited
+ AMBALEEYA AFSANABEN AKBARBHAI,7698239628,363641,RBL Bank Ltd
+ AMBALIYA ANIL,9773263385,363621,Airtel Payments Bank Limited
+ AMBALIYA DINESH,9898803365,363621,Airtel Payments Bank Limited
+ AMBALIYA LALJIBHAI,9825240132,363621,Airtel Payments Bank Limited
+ AMBARAM KAVADIYA,9925870487,363330,India Post Payments Bank Limited
+ AMIT  VARMA,8770597521,363642,Fino Payments Bank Ltd.
+ AMITBHAI AMBARAMBHAI KUNDARIYA,8141712290,363641,Fino Payments Bank Ltd.
+ AMITKUMAR SHIVABHAI PARMAR,9925658113,363330,State Bank of India
+ AMRITGIRI GOSWAMI,9925870475,363330,India Post Payments Bank Limited
+ AMRUTLAL PARMAR,7359458298,363650,India Post Payments Bank Limited
+ ANANDKUMAR,9099656693,363650,India Post Payments Bank Limited
+ ANDARNA MAHILA DOODH UTPADAK SAHAKARI MANDALI LIMITED,9909547518,363641,The Federal Bank Ltd.
+ ANDODARIYA ALPESH RAMESHBHAI,9586280621,363642,Fino Payments Bank Ltd.
+ ANIL VISABHAI ZAPADA,7359091811,363660,Yes Bank Limited
+ ANILBHAI ARJANBHAI,9510826934,363621,India Post Payments Bank Limited
+ ANJANABEN,8141681353,363621,India Post Payments Bank Limited
+ ANKUSH,9723133761,363641,India Post Payments Bank Limited
+ ANSARI NURULHODA,9033021586,363641,Airtel Payments Bank Limited
+ ANWARUL ISLAM,8401858233,361130,Airtel Payments Bank Limited
+ ARJANBHAI PIPALIYA,9879418720,363330,India Post Payments Bank Limited
+ ARJUN KUMAR,8696976404,363641,AXIS Bank Ltd.
+ ARNITIMBA DOODH UPADAK SA HKARI M.L.,9558940453,363621,The Federal Bank Ltd.
+ ARVIND KUMAR PANDEY,9838818080,363641,Fino Payments Bank Ltd.
+ ARVINDBHAI,9723518734,363621,India Post Payments Bank Limited
+ ARVINDBHAI,9099276672,363670,India Post Payments Bank Limited
+ ARVINDBHAI RAMAVAT,9879412550,363330,India Post Payments Bank Limited
+ ASHABEN,9537560039,363621,India Post Payments Bank Limited
+ ASHISH,9727325530,363621,India Post Payments Bank Limited
+ ASHIYANI RAMJIBHAI,7016026830,363621,Airtel Payments Bank Limited
+ ASHIYANI RAMJIBHAI DAMJIBHAI,8980136701,363642,Yes Bank Limited
+ ASHOK,9979637533,363621,India Post Payments Bank Limited
+ ASHOK,9687526512,363641,India Post Payments Bank Limited
+ ASHOKBHAI,9904408437,363660,India Post Payments Bank Limited
+ ASHOKBHAI B CHAVDA,9979008437,363660,India Post Payments Bank Limited
+ ASHOKBHAI BHAVUBHAI SHINEJIYA,9879807176,363330,State Bank of India
+ ASHOKBHAI FEFAR,9879907706,363642,Airtel Payments Bank Limited
+ ASHOKBHAI SARVADIYA,9265042003,363621,India Post Payments Bank Limited
+ ASHVIN HARILAL PARMAR,9773474099,363641,Paytm Payments Bank Limited
+ ASIF SUMRA,7984097050,363641,Airtel Payments Bank Limited
+ ASLAM KHURESHI,8849124707,363641,Airtel Payments Bank Limited
+ ASWAR JAYDIP GHANSHYAMBHAI,9327433384,363330,Fino Payments Bank Ltd.
+ ATULKUMAR,9979540482,363642,India Post Payments Bank Limited
+ ATULKUMAR PRANJIVNBHAI DETROJA,9099398895,363641,Yes Bank Limited
+ AVNISHBHAI VITHALBHAI PANCHAL,8673007328,363641,State Bank of India
+ AZAZAHEMAD HAJIBHAI BADI,9979138986,363621,AXIS Bank Ltd.
+ AZHAR,7984748069,363641,India Post Payments Bank Limited
+ B M,8511629505,363641,India Post Payments Bank Limited
+ B M MAKAWANA,9712481727,363641,India Post Payments Bank Limited
+ BABARIYA MERA RAMSINGBHAI,7819910733,363330,AXIS Bank Ltd.
+ BABARIYA MERA RAMSINGBHAI,8200330615,363330,Paytm Payments Bank Limited
+ BABUBHAI SEVARAMBHAI,9712044576,370205,India Post Payments Bank Limited
+ BABUBHAI VAGHELA,6351051798,363641,India Post Payments Bank Limited
+ BABULAL PARMAR,9925456873,363351,India Post Payments Bank Limited
+ BACHAISINGH ANBO SODHA,9726977531,363642,Fino Payments Bank Ltd.
+ BADI  HUSHENBHAI,9998771277,363621,Airtel Payments Bank Limited
+ BADI MAHMAD,8200717122,363621,Airtel Payments Bank Limited
+ BADI SHAHBUDDIN USMAN,9725622645,363621,AXIS Bank Ltd.
+ BAGATHARIYA SUNILKUMAR SHAHBUDIN,9316491304,363641,AXIS Bank Ltd.
+ BALDEVBHAI ASHAJI RATHOD,9106476694,363642,Fino Payments Bank Ltd.
+ BALOTIYA,9428037128,363641,India Post Payments Bank Limited
+ BALU  MORADIYA,9979098880,363641,Bank of Baroda
+ BAPODARIYA MANSUKHABHAI NATHABHAI,9979997442,363310,Fino Payments Bank Ltd.
+ BARAIYA CHHANABHAI,9624005615,363621,Airtel Payments Bank Limited
+ BARASRA NARSHIBHAI,9725855596,363641,Airtel Payments Bank Limited
+ BARBHAYA HARSHADRAY,7043201955,363621,Airtel Payments Bank Limited
+ BARIYA BABUBHAI,9574671035,363630,India Post Payments Bank Limited
+ BARKHA ADVANI,9898424874,363641,Airtel Payments Bank Limited
+ BASANT AMARSHIBHAI CHAROLA,9974319748,363642,Airtel Payments Bank Limited
+ BATUKDAS RAMANUJ,8980371417,363330,India Post Payments Bank Limited
+ BAVARIYA,7043097731,363621,Airtel Payments Bank Limited
+ BAVARVA MADHAV RAMESHBHAI,8758734834,363642,Fino Payments Bank Ltd.
+ BELIM IQBALBHAI,9909556017,363641,Airtel Payments Bank Limited
+ BHADJA JAGDISHBHAI AVCHARBHAI,9033230333,363642,Fino Payments Bank Ltd.
+ BHADRESH  KUNDARIYA,9974382321,363641,Airtel Payments Bank Limited
+ BHAGIRATH CHAVDA,7016711134,363660,Airtel Payments Bank Limited
+ BHAGIRATHSINH,8200001700,389160,India Post Payments Bank Limited
+ BHAGIYA KISHORBHAI,9714011875,363650,Airtel Payments Bank Limited
+ BHAGIYA PRESHANT,9898212442,363630,India Post Payments Bank Limited
+ BHAGVANBHAI KALOTRA,9723399381,363330,India Post Payments Bank Limited
+ BHAGVANJI,9978417392,363621,India Post Payments Bank Limited
+ BHAGVANJIBHAI LAKHTARIYA,9601010244,363330,India Post Payments Bank Limited
+ BHAGWANJI,8849293985,363641,India Post Payments Bank Limited
+ BHAGWANJI NAMERIBHAI SHAMADIYA,7383325237,363642,Airtel Payments Bank Limited
+ BHALGAMADIYA MANSUKHBHAI,9909995010,363650,Airtel Payments Bank Limited
+ BHALODIYA MILANBHAI VITHHALBHAI,9662080064,363641,Yes Bank Limited
+ BHARAT,9724371509,363650,India Post Payments Bank Limited
+ BHARAT LADHUBHAI DHORIYA,9624893794,363621,Yes Bank Limited
+ BHARAT RAJNIKANT PARMAR,9725269269,363642,Airtel Payments Bank Limited
+ BHARATBHAI CHANDULAL LORIYA,9662788481,363642,Airtel Payments Bank Limited
+ BHARATBHAI RAMESHCHANDRA NIRMAL,9328048678,363642,AXIS Bank Ltd.
+ BHARATBHAI SANGHANI,9898652098,363630,State Bank of India
+ BHARATBHAI SANGHANI,8128560888,363630,Airtel Payments Bank Limited
+ BHATASANA PRABHUBHAI,9870099299,363650,Airtel Payments Bank Limited
+ BHATI FARUK RAHIM,9586185434,363670,Yes Bank Limited
+ BHATI RASIDA FARUKBHAI,7043194347,363670,Yes Bank Limited
+ BHATIYA NARBHERAM,7228858373,363330,Airtel Payments Bank Limited
+ BHATT MANISHBHAI,9054281159,363641,Airtel Payments Bank Limited
+ BHATTI ARVINDBHAI,9033162418,363621,Airtel Payments Bank Limited
+ BHAUMIKKUMAR KULDIPKUMAR YAGNIK,9723517300,363621,HDFC Bank Ltd.
+ BHAVADEEP DHIRUBHAI ADROJA,9723606555,363621,AXIS Bank Ltd.
+ BHAVANBHAI KHENGARBHAI SOLANKI,9909201442,363330,India Post Payments Bank Limited
+ BHAVESH  MAKWANA,9054881759,363641,Bank of Baroda
+ BHAVESH AMBALIYA,9664817309,363641,Airtel Payments Bank Limited
+ BHAVESH DEVMURARI,7827922349,363642,India Post Payments Bank Limited
+ BHAVESHKUMAR PATEL,8320740212,363330,India Post Payments Bank Limited
+ BHAVIK HASMUKHBHAI,9712736328,363621,India Post Payments Bank Limited
+ BHAVIN  MEHTA,9426225063,363621,Bank of Baroda
+ BHENSDADIYA KAMLESHBHAI,8980008304,363641,Airtel Payments Bank Limited
+ BHIMANI CHHAGANBHAI,9574052852,363650,Airtel Payments Bank Limited
+ BHIMANI LALJIBHAI,9978520185,363650,Airtel Payments Bank Limited
+ BHIMANI PRAGJIBHAI,7043047544,363650,Airtel Payments Bank Limited
+ BHINDORA DHARMESHBHAI,8160842352,363642,Airtel Payments Bank Limited
+ BHOJANI RAMESHCHANDRA,9913132628,363641,Airtel Payments Bank Limited
+ BHORANIYA ALPESHBHAI RANCHHODBHAI,9428327556,363642,Fino Payments Bank Ltd.
+ BHORANIYA PRADIPBHAI,9601421944,363642,Airtel Payments Bank Limited
+ BHUPATSINH DARBAR,8951457261,363642,Airtel Payments Bank Limited
+ BHUPENDRASINH MAHENDRASINH ZALA,8866614026,363642,Fino Payments Bank Ltd.
+ BHUPENDRASINH ZALA,9558846746,363641,Airtel Payments Bank Limited
+ BHUT HARESHBHAI,9662192123,363630,Airtel Payments Bank Limited
+ BIJAY  DAS,7820022222,363642,Fino Payments Bank Ltd.
+ BIJAY DAS,9974863807,363642,Yes Bank Limited
+ BIPIN BACHUBHAI VADGASIYA,9974114071,363630,Airtel Payments Bank Limited
+ BIPINBHAI CHANDARANA,9898391775,363641,Airtel Payments Bank Limited
+ BIPINCHANDRA PATHAK,9925847800,363351,India Post Payments Bank Limited
+ BIPINCHANDRA VYAS,9925435481,363330,India Post Payments Bank Limited
+ BOPALIYA AVINASH ASHOKBHAI,9723309130,363641,Airtel Payments Bank Limited
+ BRAJAGOPAL  MANDAL,9601273981,363642,Airtel Payments Bank Limited
+ BUDASANA KEVIN DURLBHAJIBHAI,9638102151,363630,Fino Payments Bank Ltd.
+ BUDDHDEV SHASHIKANTBHAI,9428260985,363641,Airtel Payments Bank Limited
+ C G JADEJA,9978218397,363641,India Post Payments Bank Limited
+ CHADAMIYA ASHVINBHAI,7575033374,363641,Airtel Payments Bank Limited
+ CHAMPA LAL,8799219336,363641,Airtel Payments Bank Limited
+ CHANDAN CHAUHAN,6353609044,363330,India Post Payments Bank Limited
+ CHANDIBHAMAR HITESHBHAI,9016101093,363641,Airtel Payments Bank Limited
+ CHANDIBHAMAR HITESHBHAI PRAFULCHANDRA,9825978000,363641,Fino Payments Bank Ltd.
+ CHANDRAGADG DUGH UTPADAL LIMITED,9726596340,363330,The Federal Bank Ltd.
+ CHANDRAKANT VALJIBHAI BHIMANI,9925139594,363650,State Bank of India
+ CHANDRAPUR D U S MANDALI,9173661210,363621,The Federal Bank Ltd.
+ CHANDULAL ARVADIYA,9979001440,363330,India Post Payments Bank Limited
+ CHANIYA GAFARBHAI,9925685029,363641,Airtel Payments Bank Limited
+ CHAPANI BHARATBHAI,9586346645,363641,Airtel Payments Bank Limited
+ CHARAMARI MADEVBHAI,9979163970,363641,Airtel Payments Bank Limited
+ CHAUHAN BHUPATBHAI,9879124107,363621,Airtel Payments Bank Limited
+ CHAUHAN CHANDUBHAI,8980374792,363621,Airtel Payments Bank Limited
+ CHAUHAN DALPATBHAI,8128038369,363642,Airtel Payments Bank Limited
+ CHAUHAN DHAVAL ARVINDBHAI,9173109006,363642,Yes Bank Limited
+ CHAUHAN DHIRUBHAI,8141456038,363641,Airtel Payments Bank Limited
+ CHAUHAN MEVASINH,8320603353,363621,Airtel Payments Bank Limited
+ CHAUHAN MUKUNDBHAI,7777986886,363650,Airtel Payments Bank Limited
+ CHAUHAN RAHULBHAI DINESHBHAI,8758561243,363642,Fino Payments Bank Ltd.
+ CHAVDA BHARAT KESHVJIBHAI,8347997387,363641,Fino Payments Bank Ltd.
+ CHAVDA BHAVNABEN SURESHBHAI,8866887373,363642,Airtel Payments Bank Limited
+ CHAVDA KANTILAL,8160899081,363330,Airtel Payments Bank Limited
+ CHAVDA RAMJIBHAI,9377141980,363330,Airtel Payments Bank Limited
+ CHENA RAM,9898244197,363641,Yes Bank Limited
+ CHETAN,9638881915,363660,India Post Payments Bank Limited
+ CHETANKUMAR RANACHHODBHAI AGHARA,9723041014,363642,AXIS Bank Ltd.
+ CHHAGANLAL,9428788344,360004,India Post Payments Bank Limited
+ CHHATROLA,9510775570,363641,Airtel Payments Bank Limited
+ CHHATROLA PANKAJBHAI,7226059269,363641,Airtel Payments Bank Limited
+ CHIHALA DALSUKHBHAI GOVINDBHAI,9723815544,363642,Airtel Payments Bank Limited
+ CHIRAG JOSHI,6353910480,363642,Airtel Payments Bank Limited
+ CHIRAG SANGHANI,9558439402,363670,India Post Payments Bank Limited
+ CHIRAH,9712041001,363660,India Post Payments Bank Limited
+ CHUHAN PIYUSH PRAVINBHAI,9601429221,363642,Airtel Payments Bank Limited
+ D G PRASAD,9429550164,363641,India Post Payments Bank Limited
+ D K GADHIYA,9725624205,363630,India Post Payments Bank Limited
+ D R GHUMALIYA,9978930348,363641,India Post Payments Bank Limited
+ D S BARASARA,9978292410,363642,India Post Payments Bank Limited
+ DABHI GIRISH DAYARAMBHAI,9081700389,363641,Yes Bank Limited
+ DABHI HIRALAL DINESHBHAI,9106927976,363621,Fino Payments Bank Ltd.
+ DABHI JAGDISH DAYARAMBHAI,7203044901,363641,AXIS Bank Ltd.
+ DABHI JAYSUKH,9879844040,363621,Airtel Payments Bank Limited
+ DABHI MAGAN,7043866044,363641,Airtel Payments Bank Limited
+ DABHI MAHESHBHAI NATHABHAI,9727702814,363642,Fino Payments Bank Ltd.
+ DABHI NARENDRA VALJIBHAI,9909146700,363641,AXIS Bank Ltd.
+ DABHI RAMESHBHAI,7226800960,363621,Airtel Payments Bank Limited
+ DABHI RAVJIBHAI,7778921917,363641,Airtel Payments Bank Limited
+ DABHI VASHARAMBHAI RAGHAVBHAI,9904577743,363621,Fino Payments Bank Ltd.
+ DABHI VELAJIBHAI,9913222075,363641,Airtel Payments Bank Limited
+ DABHI VIJAY MAIYABHAI,7567368148,363641,Airtel Payments Bank Limited
+ DAINIYA GHANSHYAM,8735001363,363642,Airtel Payments Bank Limited
+ DALADI DOODH U S M LIMITED,8128072528,363621,The Federal Bank Ltd.
+ DALPATBHAI SOLANKI,9825716482,363330,India Post Payments Bank Limited
+ DALSANIYA HITESHBHAI JAGDISHBHAI,9714937250,363650,Yes Bank Limited
+ DAMOR JAGDISHBHAI DHULABHAI,9879793779,363660,India Post Payments Bank Limited
+ DANGAR SUNIL MANSUKHBHAI,7990807778,363670,Yes Bank Limited
+ DANGI HIMATLAL,9978135303,363641,Airtel Payments Bank Limited
+ DANGROCHA MANISHBHAI HARJIBHAI,8866008161,363621,Yes Bank Limited
+ DARODRA PITHABHAI,9687133081,363642,Airtel Payments Bank Limited
+ DASHRATHBHAI PRABHUBHAI VINZAVADIYA,9726104391,363621,State Bank of India
+ DAUDBHAI H CHANIYA,9067594444,363641,India Post Payments Bank Limited
+ DAVE ASHISH KISHORBHAI,8780788493,363642,AXIS Bank Ltd.
+ DAVE PIYUSHBHAI,9374788880,363642,Airtel Payments Bank Limited
+ DAVINDER  SINGH,9662978235,363642,Airtel Payments Bank Limited
+ DAXA MAVJIBHAI HERBHA,7984377227,363660,India Post Payments Bank Limited
+ DAXINI VATSAL MANISHBHAI,7016400912,363330,Yes Bank Limited
+ DEEP CHANDRA,7043703326,363641,Airtel Payments Bank Limited
+ DEEPA TRIVEDI,9054550401,363641,India Post Payments Bank Limited
+ DEEPAK KUMAR,8128770150,363641,Airtel Payments Bank Limited
+ DEKAVADIYA MIRSAD HUSHENBHAI,8347506784,363621,Yes Bank Limited
+ DEKAVADIYA NILESH MANGABHAI,8780862534,363621,Fino Payments Bank Ltd.
+ DELVADIYA RAJESHBHAI MANGABHAI,9558799865,363621,Fino Payments Bank Ltd.
+ DENISH  PUJARA,9898397672,363642,Airtel Payments Bank Limited
+ DENISH SURESHBHAI SANIYARA,9913141190,360110,India Post Payments Bank Limited
+ DERALA PASHUPALAN MAHILA DUDH U.S.M.,9737873231,363621,The Federal Bank Ltd.
+ DETHARIYA CHUNILAL,7990658112,363641,Airtel Payments Bank Limited
+ DETROJA JAYDEEP SUNDARJIBHAI,8488045706,363641,Airtel Payments Bank Limited
+ DETROJA JAYESHBHAI,7567874942,363642,Canara Bank
+ DETROJA KEVAL VINODBHAI,9157206271,363641,Fino Payments Bank Ltd.
+ DETROJA MANHARBHAI,8200037771,363650,Airtel Payments Bank Limited
+ DETROJA RAJNIBHAI BABUBHAI,8488063931,363642,Airtel Payments Bank Limited
+ DEVAJEE KERVADIA,6351152175,363621,State Bank of India
+ DEVENDERSINH RATHOD,8485938289,363641,Airtel Payments Bank Limited
+ DEVENDRA,8320891685,363650,India Post Payments Bank Limited
+ DEVISINH ZALA,9879459235,363551,India Post Payments Bank Limited
+ DHAMAN ARVINDBHAI,6355960111,363641,Airtel Payments Bank Limited
+ DHAMECHA ANIL KISHORBHAI,8128737880,363660,Fino Payments Bank Ltd.
+ DHAMECHA KARAN JIVRAJBHAI,6353820319,363641,Yes Bank Limited
+ DHAMICHA KANAIYALAL,9601032219,363641,Airtel Payments Bank Limited
+ DHANDHUKIYA NAVGHAN DINESHBHAI,9726656163,363642,Fino Payments Bank Ltd.
+ DHANJIBHAI,8980861587,363641,India Post Payments Bank Limited
+ DHANJIBHAI GADESIYA,9913679151,363351,India Post Payments Bank Limited
+ DHARAJIYA SANJAYBHAI GHANSHYAMBHAI,8780235717,363621,Fino Payments Bank Ltd.
+ DHARMENDRA DINESHKUMAR PARMAR,7405420133,363641,Airtel Payments Bank Limited
+ DHARMESH  SORIYA,9033036335,363642,Bank of Baroda
+ DHARMESH GANGARAMBHAI SORIYA,8128933263,363642,Airtel Payments Bank Limited
+ DHARMESHKUMAR VAISHNAV,8200602723,363351,India Post Payments Bank Limited
+ DHAVAL,9727604646,363660,India Post Payments Bank Limited
+ DHAVAL ASHOKBHAI MEHTA,8141337430,363641,Yes Bank Limited
+ DHENOJA JADUBHAI,9313484142,363621,Airtel Payments Bank Limited
+ DHIRAJLAL,9925810643,363621,India Post Payments Bank Limited
+ DHIRUBHAI,9824238160,363621,India Post Payments Bank Limited
+ DHIRUBHAI GHANSHYAMBHAI,9099288800,363621,India Post Payments Bank Limited
+ DHORIYA ARJANBHAI,6352777316,363621,Airtel Payments Bank Limited
+ DHRUV  BHATT,8780806780,363642,Bank of Baroda
+ DHULABHAI,9898550372,363621,India Post Payments Bank Limited
+ DILIP,9913149384,363641,India Post Payments Bank Limited
+ DILIP GOVINDBHAI MIYATRA,9586768345,363670,Fino Payments Bank Ltd.
+ DILIP NANDESARIYA,6351005541,363330,India Post Payments Bank Limited
+ DILIPBHAI J BHOJANI,9979574276,363660,India Post Payments Bank Limited
+ DILIPKUMAR  PARMAR,7623074968,363330,Bank of Baroda
+ DIPAK MEHTA,9825178130,363621,Airtel Payments Bank Limited
+ DIPIKABEN PATELIYA,7433813079,363641,India Post Payments Bank Limited
+ DIVYESH ATARA,8178470932,363650,India Post Payments Bank Limited
+ DOSHI SURESHBHAI,9054944442,363641,Airtel Payments Bank Limited
+ DOSMAMAD SULEMANBHAI BHATTI,9725385630,363670,Yes Bank Limited
+ DUDHAREJIYA RAVI JAGURAM,9664543853,363642,Fino Payments Bank Ltd.
+ DUDHREJIYA BIPINKUMAR JAGURAM,7490088993,363642,AXIS Bank Ltd.
+ FEFAR PREMJIBHAI,9624706462,363641,Airtel Payments Bank Limited
+ FIROZBHAI MUBINA,9898998972,363650,India Post Payments Bank Limited
+ FIYAJ HANIFBHAI LOLADIYA,6355706768,363330,Fino Payments Bank Ltd.
+ FULSINH MAKWANA,8595146984,363351,India Post Payments Bank Limited
+ FULTARIYA KETAN KARSHANBHAI,9979022309,363641,Yes Bank Limited
+ G M MOVAR,9825574859,363630,India Post Payments Bank Limited
+ GADHAVARA ASHARAF,9727006522,363621,Airtel Payments Bank Limited
+ GAJIBHAI,9429502970,363621,India Post Payments Bank Limited
+ GAMARA KALABHAI,9664517096,363642,Airtel Payments Bank Limited
+ GAMBHAVA VIJAY VANJIBHAI,9726172202,363642,Yes Bank Limited
+ GANATRA CHANDRAKANTBHAI,9925697631,363641,Airtel Payments Bank Limited
+ GANPAT SINGH,8511082164,363641,Airtel Payments Bank Limited
+ GANPATBHAI,9913914771,363641,India Post Payments Bank Limited
+ GAURALBEN SANGADA,9638413341,363641,India Post Payments Bank Limited
+ GAUTAM  SANALIYA,8128462956,363642,Bank of Baroda
+ GAUTAMKUMAR NANJIBHAI UBHADIYA,9725132443,363642,Airtel Payments Bank Limited
+ GELABHAI,7359737111,363621,HDFC Bank Ltd.
+ GHANSHYAMBHAI D RAJODIA,9725244940,363641,India Post Payments Bank Limited
+ GHANSHYAMPUR DUDH UTTAPADAK SAHAKARI MANDALI LTD,8758587100,363330,The Federal Bank Ltd.
+ GHETIA HITUL HARSUKHBHAI,9067054956,363642,Yes Bank Limited
+ GHIYAVAD M.D.U.S.M.L,9978418066,363621,The Federal Bank Ltd.
+ GIRDHARILAL,9712597726,363621,India Post Payments Bank Limited
+ GOGRA KANJIBHAI MOMAIYA,7490929729,363670,Fino Payments Bank Ltd.
+ GOHEL NARENDRA DINESHBHAI,9727663597,363642,AXIS Bank Ltd.
+ GOHIL ANIRUDDHSINH MAVUBHA,9898805221,363621,Fino Payments Bank Ltd.
+ GOHIL BHAVSANGBHAI,8980989183,363330,Airtel Payments Bank Limited
+ GOHIL DUSHYANTSINH,9601969196,363641,Yes Bank Limited
+ GOHIL HITESHBHAI BHALABHAI,9664910986,363621,Yes Bank Limited
+ GOHIL MAHENDRASINH PRAGJIBHA,9879719196,363641,Yes Bank Limited
+ GOHIL NAVGHANBHAI,9033590111,363642,Airtel Payments Bank Limited
+ GOHIL UPENDRA,7433925994,363642,Airtel Payments Bank Limited
+ GOKULIYA MAHILA DUDH SAHKARI MANDLI  LIMITED,8320014982,363330,The Federal Bank Ltd.
+ GOPALBHAI MAHEMDAVADI,9825695907,363551,India Post Payments Bank Limited
+ GOSARA BHADRESH MAKANBHAI,9825556649,363650,Yes Bank Limited
+ GOSVAMI MAHENDRAVAN,7990930872,363621,Airtel Payments Bank Limited
+ GOSWAMI ARVINDGIRI,8866431131,363621,Airtel Payments Bank Limited
+ GOSWAMI BACHUBHARATHI,9601368101,363655,Airtel Payments Bank Limited
+ GOSWAMI RAMESHGIRI,9978674483,363641,Airtel Payments Bank Limited
+ GOSWAMI RAMNIKGIRI GAURISHANKARGIRI,7567184705,363642,Fino Payments Bank Ltd.
+ GOVARDHANBHAI,9429565989,363630,India Post Payments Bank Limited
+ GULAB FATE SHERSIA,7600959678,363621,Fino Payments Bank Ltd.
+ GULABSINH BHIKHUBHA VALA,6352421014,360440,India Post Payments Bank Limited
+ GULAMRASUL BADI,9825655655,363621,State Bank of India
+ GUSAI ARVINDGAR,9904700220,363642,Airtel Payments Bank Limited
+ HADIYAL MAHESH DAMJIBHAI,8200940046,363641,AXIS Bank Ltd.
+ HADIYAL ODHAVJIBHAI,8758203028,363642,Airtel Payments Bank Limited
+ HALANI KANAIYALAL,8780807373,363641,Airtel Payments Bank Limited
+ HAMIRPARA VANJIBHAI,7490948455,363330,Airtel Payments Bank Limited
+ HANSRAJ RUDAJIBHAI FEFAR,9712697359,363642,India Post Payments Bank Limited
+ HARDIK  JAGDISHBHAI,8920569394,363330,India Post Payments Bank Limited
+ HARDIK JAGDISHCHANDRA PANDIT,7016998407,363641,Yes Bank Limited
+ HARDIK RAJESHBHAI KARIYA,7567775671,363642,Fino Payments Bank Ltd.
+ HARDIK RAVAJIBHAI TARBUNDIYA,8153958278,363330,AXIS Bank Ltd.
+ HARDIKBHAI  CHAUHAN,9638486836,363330,Bank of Baroda
+ HARDIKKUMAR,7698993460,363641,India Post Payments Bank Limited
+ HARDIKKUMAR C,8447526841,363641,India Post Payments Bank Limited
+ HARIBHAI,9265355630,363621,India Post Payments Bank Limited
+ HARJIVANBHAI,9638377454,363660,India Post Payments Bank Limited
+ HARJIVANBHAI DETROJA,9909081942,392210,India Post Payments Bank Limited
+ HARJIVANBHAI VIRJIBHAI FULTARIYA,9662652743,363670,Airtel Payments Bank Limited
+ HARKANT,9429099174,363642,India Post Payments Bank Limited
+ HARKANT DAVE,9106232615,363641,India Post Payments Bank Limited
+ HARNAM CHATARU CHAUDHARI,8141806990,363642,Fino Payments Bank Ltd.
+ HARSHAD DUDHARAJIYA,9925258666,391130,India Post Payments Bank Limited
+ HARSHADBHAI G VAISHNAV,6354919892,363642,India Post Payments Bank Limited
+ HARSHAL,7405270349,363641,India Post Payments Bank Limited
+ HASMUKHBHAI,9979997587,363670,India Post Payments Bank Limited
+ HASMUKHBHAI  KACHAROLA,7228858364,363642,Airtel Payments Bank Limited
+ HASMUKHBHAI MANJIBHAI SONAGRA,7016823314,363330,Fino Payments Bank Ltd.
+ HASMUKHBHARTHI GOSWAMI,9879779095,364313,India Post Payments Bank Limited
+ HEMAL RAJANI,9427267162,363621,India Post Payments Bank Limited
+ HEMANG MAHENDRABHAI,9712227590,370110,India Post Payments Bank Limited
+ HEMRAJ,8905774162,363641,Airtel Payments Bank Limited
+ HERANJA GULASHANBEN SOYABBHAI,8160748485,363621,Fino Payments Bank Ltd.
+ HIMATKUAR BALUBHAI PANCHOTIYA,9974206793,363642,Airtel Payments Bank Limited
+ HIMATLAL VYAS,9586090777,363330,India Post Payments Bank Limited
+ HINA BHAVINBHAI KHANDHDIA,9099259999,363641,Fino Payments Bank Ltd.
+ HIRALAL,9904815091,363630,India Post Payments Bank Limited
+ HIRANI CHIRAG KISHORBHAI,9825191086,363641,Yes Bank Limited
+ HIREN NARANBHAI FEFAR,7984376293,363641,Yes Bank Limited
+ HITENDRA,7567684404,363641,India Post Payments Bank Limited
+ HITENDRA DHANJIBHAI PANCHOTIYA,9898026296,363642,Airtel Payments Bank Limited
+ HITESH BABULAL,9601436189,363641,India Post Payments Bank Limited
+ HITESHBHAI  SARASAVADIYA,8128489107,363642,Airtel Payments Bank Limited
+ HITESHBHAI PRABHUBHAI VADGASIYA,8460704060,363642,Fino Payments Bank Ltd.
+ HITESHGIRI MOHANGIRI GAUSVAMI,9558069493,363642,Airtel Payments Bank Limited
+ HITESHKUMAR DURLABHJIBHAI PANCHOTIA,7228098652,363641,Airtel Payments Bank Limited
+ HITESHKUMAR GARASIYA,9586731056,363330,India Post Payments Bank Limited
+ HORIYA NAYAN,9033490111,363641,Airtel Payments Bank Limited
+ HUSEN RASUL,6352106464,363621,India Post Payments Bank Limited
+ IASABHAI,9924958105,363621,India Post Payments Bank Limited
+ IBRAHIM,9825310478,363621,India Post Payments Bank Limited
+ INAYAT USMANBHAI MATHAKIYA,9428701088,363621,HDFC Bank Ltd.
+ INDRASINGH  JADEJA,7043047611,363642,Airtel Payments Bank Limited
+ IQBAL HASANSHAH SAYED,9016575177,363670,India Post Payments Bank Limited
+ IRFAN BADI,8140410402,363621,State Bank of India
+ IRSHAD AYUBBHAI BADI,9913817089,363621,India Post Payments Bank Limited
+ ISHABHAI A SUMRA,9925299370,363660,India Post Payments Bank Limited
+ ISHVARBHAI,9723539546,363641,India Post Payments Bank Limited
+ J B,9427156524,363642,India Post Payments Bank Limited
+ J L BARAIYA,8758424827,363641,India Post Payments Bank Limited
+ J N SADHU,7698758248,363642,India Post Payments Bank Limited
+ J S SANGHANI,9727662880,363641,India Post Payments Bank Limited
+ JABIR  BADI,9067221306,363627,Bank of Baroda
+ JADAV KRIPAL RANJITBHAI,8128670490,363641,Airtel Payments Bank Limited
+ JADAV UDESANGBHAI,7878783219,363621,Airtel Payments Bank Limited
+ JADEJA,9913053520,363650,India Post Payments Bank Limited
+ JADEJA ABHIJITSINH,8128155595,363641,Airtel Payments Bank Limited
+ JADEJA AJAYSINH SURPALSINH,7016162430,363642,Fino Payments Bank Ltd.
+ JADEJA AJITSINH,7228945111,363641,Airtel Payments Bank Limited
+ JADEJA CHANDRAMANI,9737607303,363641,Airtel Payments Bank Limited
+ JADEJA GELUBHA,9054797517,363641,Airtel Payments Bank Limited
+ JADEJA GHANSHYAMSINH,9978975867,363642,Airtel Payments Bank Limited
+ JADEJA GIRIRAJSINH,6353233265,363641,Airtel Payments Bank Limited
+ JADEJA HARPALSINH GHANSHYAMSINH,9586601110,363621,Yes Bank Limited
+ JADEJA HEMUBHA,8980036222,363641,Airtel Payments Bank Limited
+ JADEJA INDRASINH NAVALSINH,9429097734,363641,Airtel Payments Bank Limited
+ JADEJA PUSHPRAJSINH JITENDRASINH,9712828888,363621,Fino Payments Bank Ltd.
+ JADEJA SWARUPSINH,8128586920,363641,Airtel Payments Bank Limited
+ JADEJA VISHAL LALUBHA,9429753950,363642,Fino Payments Bank Ltd.
+ JADEJA YOGENDRASINH RAJENDRASINH,9586689893,363642,Fino Payments Bank Ltd.
+ JADEJA YOGRAJSINH VIKRAMSINH,9909485872,363641,Fino Payments Bank Ltd.
+ JAGATAPSINH,8141210030,363650,India Post Payments Bank Limited
+ JAGDISH MALABHAI,9913897602,363641,India Post Payments Bank Limited
+ JAGDISH PANDIYA,9879623853,363641,India Post Payments Bank Limited
+ JAGDISHBHAI,9879469384,363641,India Post Payments Bank Limited
+ JAGDISHBHAI NIMAVAT,9913849649,363351,India Post Payments Bank Limited
+ JAGJIVAN DUDAKIYA,9825358441,363351,India Post Payments Bank Limited
+ JAGJIVAN K KANSAGARA,9974788565,363642,Airtel Payments Bank Limited
+ JAGRUTI,9714883005,363641,India Post Payments Bank Limited
+ JAGRUTIBEN DAMOR,8141308283,363641,India Post Payments Bank Limited
+ JAKIRHUSEN,9879967451,363621,India Post Payments Bank Limited
+ JALABHAI KALUBHAI SEFATRA,7990410375,363330,State Bank of India
+ JAMSINGH KALOO MAHER,7228858386,363641,Airtel Payments Bank Limited
+ JANAKBHAI MAGANBHAI SONAGARA,7359954328,363330,State Bank of India
+ JANTILAL VALJIBHAI,9979236413,363630,India Post Payments Bank Limited
+ JANU RAM,6353553827,363641,Airtel Payments Bank Limited
+ JARIYA RUPESHBHAI NARANBHAI,7016515801,363642,Fino Payments Bank Ltd.
+ JASAPARA BHAVESH MAVJIBHAI,9974376729,360001,Airtel Payments Bank Limited
+ JASAPRA MANOJ JAYANTILAL,9601097106,363641,Fino Payments Bank Ltd.
+ JASVANTRAI A JANI,7203062094,363642,India Post Payments Bank Limited
+ JATINKUMAR SOLANKI,8780471497,363641,India Post Payments Bank Limited
+ JAVALANT MUKESHBHAI MAHALIA,9574349595,363642,Fino Payments Bank Ltd.
+ JAY,8460204890,363650,India Post Payments Bank Limited
+ JAY PRAVINBHAI,9106252162,363330,India Post Payments Bank Limited
+ JAYANTIBHAI  JADAV,9909224158,363330,Bank of Baroda
+ JAYANTILAL,9727046468,363641,India Post Payments Bank Limited
+ JAYANTILAL AMARDAS AGRAVAT,9016541751,391520,India Post Payments Bank Limited
+ JAYANTILAL GORDHANBHAI,9825655749,363630,India Post Payments Bank Limited
+ JAYDEEP  VARNESHIYA,9825420093,363642,Bank of Baroda
+ JAYDEEPBHAI,8320046200,363330,India Post Payments Bank Limited
+ JAYDEVSINH ZALA,9725327970,363330,India Post Payments Bank Limited
+ JAYDIP VISHNUBHAI SONGRA,9998099839,363641,India Post Payments Bank Limited
+ JAYDIPKUMAR GHUMALIYA,7016532123,363641,Airtel Payments Bank Limited
+ JAYESH DHORIYA,9998432419,363621,Bank of India
+ JAYESH SARADAVA,9998398835,363641,India Post Payments Bank Limited
+ JAYESH TRIOBHOVAN CHAVADA,7874151513,363641,Airtel Payments Bank Limited
+ JAYESHBHAI GOKALDAS VAISHNAV,9898042066,363330,HDFC Bank Ltd.
+ JAYESHBHAI N CHANDARANA,9925052828,363641,Airtel Payments Bank Limited
+ JAYESHKUMAR DHORIYA,9106799452,363621,Airtel Payments Bank Limited
+ JAYPASINGH ANITUGHSINH ZALA,9725138646,363641,Airtel Payments Bank Limited
+ JAYRAJSINH M SODHA,9898065144,363641,AXIS Bank Ltd.
+ JAYSUKH UKABHAI ROJASARA,9723022074,363535,Bank of Baroda
+ JAYSUKHBHAI  PARMAR,9925882716,363655,Bank of Baroda
+ JEMALBHAI GOHIL,9998384063,363330,India Post Payments Bank Limited
+ JENIL,7827922085,363670,India Post Payments Bank Limited
+ JESABHAI  DHARAJIY,9624606770,363621,Bank of Baroda
+ JETHABHAI SOMABHAI TOTA,6351396902,363330,State Bank of India
+ JETHLOJA PRABHUBHAI,9624643011,363330,Airtel Payments Bank Limited
+ JETPARDA DOODH UTAPADAK S.M.L.,9913102034,363621,The Federal Bank Ltd.
+ JIGAR MANSUKHBHAI GHETIYA,8128675060,363642,Airtel Payments Bank Limited
+ JIGARKUMAR PATEL,8320735199,363670,India Post Payments Bank Limited
+ JIGNESHBHAI  BHATHTHAR,9898112789,363642,Airtel Payments Bank Limited
+ JITENDRA BHARAT MAKWANA,9998434395,363642,AXIS Bank Ltd.
+ JITENDRA KUMAR,8511010515,363642,Airtel Payments Bank Limited
+ JITENDRABHAI JAGABHAI DALSANIYA,9879767317,363642,Fino Payments Bank Ltd.
+ JITESHBHAI ZAVERBHAI SOKHARIYA,9898065178,363642,Airtel Payments Bank Limited
+ JIVANI  PIRBHAI,9104626565,363641,Airtel Payments Bank Limited
+ JIVANI DHARAMSHIBHAI,9687005433,363642,Airtel Payments Bank Limited
+ JIVANI DINESHBHAI DHARAM,9725649787,363642,Airtel Payments Bank Limited
+ JIVANI NAJMUDINBHAI PIRBHAI,9023351305,363641,Yes Bank Limited
+ JIVANI PRAVINBHAI,7043195145,363650,Airtel Payments Bank Limited
+ JIVANLAL,9925477643,363621,India Post Payments Bank Limited
+ JOSHI  JAYESHBHAI,9104664747,363641,Airtel Payments Bank Limited
+ JOSHI VIPULBHAI DAYALAL,7041642245,360575,Airtel Payments Bank Limited
+ JUNI KALAVADI M.D.U.S.M.L,9714017113,363621,The Federal Bank Ltd.
+ K H GADHAVI,9879660225,363641,India Post Payments Bank Limited
+ K L BHATT,9558060864,363641,India Post Payments Bank Limited
+ K M CHAVDA,9725622732,363641,India Post Payments Bank Limited
+ K N DABHI,8849386240,363641,India Post Payments Bank Limited
+ K S GOSAI,7405702549,363642,India Post Payments Bank Limited
+ KACHROLA HETALBHEN JAYDEEPBHAI,9099728698,363641,RBL Bank Ltd
+ KADIVAR AMANJI,8511887506,363641,Airtel Payments Bank Limited
+ KADIVAR NAVINBHAI,9726888990,363641,Airtel Payments Bank Limited
+ KADIVAR SHAHIDRAZA RASUL,9574015586,363621,AXIS Bank Ltd.
+ KADIYANA DUDH UTPADAK S.M.L.,9978300521,363330,The Federal Bank Ltd.
+ KAIDA ABDULABHAI,7801891145,363641,Airtel Payments Bank Limited
+ KAILA ISHVARBHAI,9904198900,363630,Airtel Payments Bank Limited
+ KAILA RAJESH PRANJIVANBHAI,9722206999,363642,Fino Payments Bank Ltd.
+ KAILASHBEN RAJPUT,9924258244,363641,India Post Payments Bank Limited
+ KAJALBA PRADHYUMANSINH JADEJA,9913744053,360003,India Post Payments Bank Limited
+ KAKANIYA MAHESHBHAI,9327999995,363641,Airtel Payments Bank Limited
+ KAKKAD KAPIL CHANDUBHAI,7878746024,363670,Paytm Payments Bank Limited
+ KALARIYA ANKIT NARBHERAMBHAI,9909482696,363641,Fino Payments Bank Ltd.
+ KALARIYA MILANKUMAR AMRUTBHAI,6359084782,363642,Fino Payments Bank Ltd.
+ KALOLA  CHHAGANBHAI,8733013111,363641,Airtel Payments Bank Limited
+ KALPABEN,9974144197,363642,Airtel Payments Bank Limited
+ KALPESH SANAVDA,9925273222,363641,India Post Payments Bank Limited
+ KALPESHKUMAR VALVAI,6355023644,363630,India Post Payments Bank Limited
+ KALUBHAI SARAIYA,9924314943,363330,Bank of India
+ KAMOL ANKITKUMAR RAMUBHAI,8200374580,363330,India Post Payments Bank Limited
+ KANAIYALAL,7874343805,363660,India Post Payments Bank Limited
+ KANAIYALAL,7874346805,363660,India Post Payments Bank Limited
+ KANAIYALAL  DHAMICHA,8758532219,363641,Yes Bank Limited
+ KANAZARIYA HARJIVANBHAIPUNABHAI,8460570151,363330,AXIS Bank Ltd.
+ KANAZARIYA HIRABHAI,9714317099,363310,Airtel Payments Bank Limited
+ KANSAGARA DILIPBHAI AMARSHIBHAI,9978553813,363641,Fino Payments Bank Ltd.
+ KANSAGARA JITENDRABHAI,7575033335,363641,Airtel Payments Bank Limited
+ KANSAGARA RAMESHBHAI JADAVJIBHAI,8320051140,363642,Fino Payments Bank Ltd.
+ KANSAGARA RAMESHBHAI JADAVJIBHAI,9426434233,363642,AXIS Bank Ltd.
+ KANSAGRA JINAL BIPIN,7048284848,363642,Fino Payments Bank Ltd.
+ KANSARA DIPEN ANANTRAI,7435945745,363641,Fino Payments Bank Ltd.
+ KANTILAL RAVAL,9925250617,363330,India Post Payments Bank Limited
+ KANZARIYA ANILKUMAR MANSUKHBHAI,7043546909,363642,Airtel Payments Bank Limited
+ KANZARIYA BHIMJIBHAI,9925143480,363641,Airtel Payments Bank Limited
+ KANZARIYA DALSUKH DAMJIBHAI,7228057458,363641,Airtel Payments Bank Limited
+ KANZARIYA GOVINDBHAI,9687526911,363641,Airtel Payments Bank Limited
+ KANZARIYA MUKESHBHAI VASUDEVBHAI,9737636918,363330,India Post Payments Bank Limited
+ KANZARIYA MULJIBHAI,7228057317,363641,Airtel Payments Bank Limited
+ KANZARIYA NILESHBHAI MAHADEVBHAI,8849592725,363351,India Post Payments Bank Limited
+ KANZARIYA RAMESHBHAI,8866670010,363641,Airtel Payments Bank Limited
+ KANZARIYA VIJAY AMBARAMBHAI,9727922931,363330,AXIS Bank Ltd.
+ KARABHAI JILUBHAI SAVSETA,9574692176,363660,Yes Bank Limited
+ KARAN NATWARLAL THACKER,8128841575,363650,India Post Payments Bank Limited
+ KARIYA KISHORBHAI,9313493018,363641,Airtel Payments Bank Limited
+ KASHPAR MAHILA SANCHALIT D.U.S.M.L.,9537212273,363621,The Federal Bank Ltd.
+ KASUNDRA KETANKUMAR HARJIBHAI,9510010035,363655,Yes Bank Limited
+ KASUNDRA PANKAJBHAI MANJIBHAI,9879513110,363641,Fino Payments Bank Ltd.
+ KATIA HASAN VALIMAMAD,9228256786,363670,Yes Bank Limited
+ KATIYA IQBAL,8488957047,363670,Airtel Payments Bank Limited
+ KAUSHIK  DAVE,8128383891,363641,Airtel Payments Bank Limited
+ KAUSHIK P RAMANUJ,7490921392,363621,Punjab and Sind Bank
+ KAVADIYA GAMNI DUDH U.S.M.L.,9909595402,363330,The Federal Bank Ltd.
+ KAVAIYA BHARATBHAI,9726711516,363641,Airtel Payments Bank Limited
+ KELA UNNATI PIYUSHBHAI,9106721761,363641,India Post Payments Bank Limited
+ KERALA DOODH UTPADAK SAHAKARI MANDALI LIMITED,7600344222,363621,The Federal Bank Ltd.
+ KERVADIYA RAJU BHAGABHAI,9104459472,363621,Yes Bank Limited
+ KESA RAM,9725231181,363641,Airtel Payments Bank Limited
+ KESHAVJI,9825466286,363650,India Post Payments Bank Limited
+ KHAKHARIYA PRAVINBHAI,8140677792,363641,Airtel Payments Bank Limited
+ KHAMANI NAVGHANBHAI VASHRAMBHAI,8200613301,363621,Yes Bank Limited
+ KHEERAJSINH MAHER,8460220257,363641,Airtel Payments Bank Limited
+ KHENGARBHAI GORDHANBHAI PARMAR,9909594999,363330,AXIS Bank Ltd.
+ KHENGARJI JILUBHA JADEJA,9913744966,360003,India Post Payments Bank Limited
+ KHER DISHANT MAHENDRABHAI,7984288771,363642,Fino Payments Bank Ltd.
+ KHETARDI DUDH UTPADAK SAHKARI MANDALI LIMITED,6352663962,363330,The Federal Bank Ltd.
+ KHOD DUDH UTPADAK SAHKARI MANDALI LIMITED,9979470213,363330,The Federal Bank Ltd.
+ KHORAJIYA GULAMHUSEN,9723550903,363621,Airtel Payments Bank Limited
+ KHORANI ANILBHAI LAGHUBHAI,9723714444,363642,Paytm Payments Bank Limited
+ KHORJA,9429046417,363621,India Post Payments Bank Limited
+ KIRANBEN,9558464729,363641,Airtel Payments Bank Limited
+ KIRANKUMAR JOSHI,9909355109,363330,India Post Payments Bank Limited
+ KIRITBHAI BHOGILAL,9727615586,363670,India Post Payments Bank Limited
+ KIRITKUMAR JAGDISHBHAIBHADJA,7622022227,363641,Indian Bank
+ KISHAN BHUVA,7600941267,363630,India Post Payments Bank Limited
+ KOBIYA RAYDHANBHAI MERUBHAI,6356635666,363621,Fino Payments Bank Ltd.
+ KORADIYA KISHANKUMAR BHARATBHAI,9624944985,363641,Yes Bank Limited
+ KOTADIYA KAMLESH MANJIBHAI,8200165252,363642,Fino Payments Bank Ltd.
+ KOTAK NATVARLAL,9090388888,363641,Airtel Payments Bank Limited
+ KOTAK NATVARLAL,9825280808,363641,Airtel Payments Bank Limited
+ KOTAK PARESH NATVARLAL,9090588888,363641,Yes Bank Limited
+ KOTECHA HASMUKHBHAI,7041250041,363641,Airtel Payments Bank Limited
+ KOTHARI RAHUL D,9898125306,363642,Airtel Payments Bank Limited
+ KRISHANSINGH RAJPUT,9104721521,363642,Airtel Payments Bank Limited
+ KRISHNA KHAKHKHAR,7303920376,363650,India Post Payments Bank Limited
+ KRUPAL GHANSHYAM VIRAMGAMA,9638848865,363660,Yes Bank Limited
+ KUBAVAT MITALBEN,7046544223,363650,India Post Payments Bank Limited
+ KULDEEP CHANDARANA,8511900867,363650,India Post Payments Bank Limited
+ KULDIP PARMAR,9157830032,363621,Airtel Payments Bank Limited
+ KULDIPSINH GHANSHYAMSINH PARMAR,9638185988,363660,Yes Bank Limited
+ KULDIPSINH GHANSHYAMSINH PARMAR,9909930009,363660,AXIS Bank Ltd.
+ KUNPARA LALJIBHAI,8849945464,363641,Airtel Payments Bank Limited
+ KUNPARA LALJIBHAI,8141484611,363641,Airtel Payments Bank Limited
+ KUNPARA SADURBHAI,9157796069,363621,Airtel Payments Bank Limited
+ L M MAKWANA,8690481435,363641,India Post Payments Bank Limited
+ LABHUBEN,9558435750,363621,Airtel Payments Bank Limited
+ LACHHMAN DEEPO SODHA,9265368551,363642,Yes Bank Limited
+ LACHHMAN DEEPO SODHA,9638049956,363642,Fino Payments Bank Ltd.
+ LADOLA DHARMIK PRAVINBHAI,6354455904,363330,Yes Bank Limited
+ LAJPAT  SINGH,8401400167,363641,Airtel Payments Bank Limited
+ LAKHABHAI DHIRABHAI GORIA,8000777800,363330,State Bank of India
+ LAKHTARIYA CHAMANLAL,9909319384,363630,India Post Payments Bank Limited
+ LAKUM CHAMAN BAVALBHAI,8140805299,363330,AXIS Bank Ltd.
+ LALIT NARSHIBHAI PATEL,9122533333,363641,Fino Payments Bank Ltd.
+ LALITKUMAR  MAKAVANA,9638595079,363330,Bank of Baroda
+ LALJI  SODHA,7228076033,363642,Airtel Payments Bank Limited
+ LALJI PANCHASARA,9913443180,363630,Airtel Payments Bank Limited
+ LAMBA AMARABHA,9067503573,363642,Airtel Payments Bank Limited
+ LATHIYA VIPUL PRAVINBHAI,8530562882,363642,Yes Bank Limited
+ LAVADIYA RAYDHANBHAI,9265083304,363641,Airtel Payments Bank Limited
+ LEELAVATIBEN,9974787888,363642,Airtel Payments Bank Limited
+ LIMBALA DOODH U S M LIMITED,9904769486,363621,The Federal Bank Ltd.
+ LIMBOLA RATUBHAI,6353157498,363330,Airtel Payments Bank Limited
+ LODARIYA HARESHBHAI,9173067256,363641,Airtel Payments Bank Limited
+ LOKHIL LALITBHAI BHANUBHAI,6353444458,363641,Yes Bank Limited
+ LOLADIYA NAVGHAN BABUBHAI,6352282141,363630,India Post Payments Bank Limited
+ LOLADIYA SAJID HANIFBHAI,9723806177,363330,Fino Payments Bank Ltd.
+ M J SOLANKI,9974562973,363641,India Post Payments Bank Limited
+ MAGHI KALO MAHER,7228075805,363641,Airtel Payments Bank Limited
+ MAHADEVBHAI,9974077200,363655,India Post Payments Bank Limited
+ MAHAMADAHUSEN ALAVADI SHERASIYA,8320228514,363621,State Bank of India
+ MAHAMADYASIN ASMALBHAI KATIYA,9979922855,363670,Yes Bank Limited
+ MAHARSHI  JOSHI,9067393975,363641,Bank of Baroda
+ MAHAVIR SINGH  .,7228858387,363642,Airtel Payments Bank Limited
+ MAHENDRA,6353950092,363641,Airtel Payments Bank Limited
+ MAHENDRA KUMAR,8128605200,363641,Airtel Payments Bank Limited
+ MAHENDRASINH,9879079509,363650,India Post Payments Bank Limited
+ MAHER BALVEERSINGH RANSINGH,8401064061,363641,Airtel Payments Bank Limited
+ MAHER BHOJRAJSINGH,9925387071,363641,Airtel Payments Bank Limited
+ MAHER JAMSINH KALJI,7069569025,363642,Yes Bank Limited
+ MAHER MAGHJI KALJI,9925104071,363641,Airtel Payments Bank Limited
+ MAHESHGAR,8511533857,363650,India Post Payments Bank Limited
+ MAHIPATBHAI,9099241905,363641,India Post Payments Bank Limited
+ MAHIPATSINH PARMAR,9737753559,363330,State Bank of India
+ MAHMAD,9725292806,363621,India Post Payments Bank Limited
+ MAJETHIYA MOTIBHAI,9925493037,363642,Airtel Payments Bank Limited
+ MAKASANA JAYANTILAL,9558813766,363641,Airtel Payments Bank Limited
+ MAKASANA VISHALBHAI RAMESHBHAI,9898672611,363330,AXIS Bank Ltd.
+ MAKVANA ARVIND DHIRAJLAL,9067783300,363621,Yes Bank Limited
+ MAKVANA GOPALBHAI,9978977772,363642,Airtel Payments Bank Limited
+ MAKVANA MOHANBHAI,7567661004,363621,Airtel Payments Bank Limited
+ MAKVANA RAMESHBHAI,9998118436,363641,Airtel Payments Bank Limited
+ MAKWANA HITESH GAUTAMBHAI,9898618083,363642,Airtel Payments Bank Limited
+ MAKWANA PREMJIBHAI,9033380111,363642,Airtel Payments Bank Limited
+ MALA RAM,8883333725,363641,Airtel Payments Bank Limited
+ MALAKIYA VIRAMBHAI,7778800414,363621,Airtel Payments Bank Limited
+ MALEK TAUFIK AJIMBHAI,8758486692,363660,Fino Payments Bank Ltd.
+ MALI VIKAS,9160205091,363641,Airtel Payments Bank Limited
+ MANDLI SURESHBHAI GANGARAMBHAI,6353548896,363641,Fino Payments Bank Ltd.
+ MANEKVADA MILK PRODUCTION CO-0PRATIVE SOCIETY,6355900485,363330,The Federal Bank Ltd.
+ MANHARDAS ACHARYA,8980925869,363330,India Post Payments Bank Limited
+ MANHARLAL DAVE,9925339006,363330,India Post Payments Bank Limited
+ MANILAL BAVJIBHAI SOLANKI,9016633149,363641,Fino Payments Bank Ltd.
+ MANISHA BEN,9601425700,363642,Airtel Payments Bank Limited
+ MANISHGIRI  GOSWAMI,7043048930,363642,Airtel Payments Bank Limited
+ MANIYAR NIRAVBHAI BHUPENDRABHAI,9974805509,360370,Airtel Payments Bank Limited
+ MANJURHUSHEN MAHAMADBHAI PARASARA,9725315586,363621,HDFC Bank Ltd.
+ MANOJ KUMAR,7300494022,363642,Airtel Payments Bank Limited
+ MANOJSINH  YADAV,9825333335,363642,Bank of Baroda
+ MANSUKHBHAI,9574225800,363621,India Post Payments Bank Limited
+ MANSUKHBHAI,9737361050,363641,India Post Payments Bank Limited
+ MANSUKHBHAI GOTHI,9712809297,363330,India Post Payments Bank Limited
+ MANSUKHBHAI MUNJPARA,8905508085,363330,India Post Payments Bank Limited
+ MARKAND BIPINBHAI RAVAL,9033789596,363330,State Bank of India
+ MAYAPUR MAHILA DUDH UTPADAK S. M.L,8347852500,363330,The Federal Bank Ltd.
+ MAYUR VINODBHAI BHANKHODIYA,8128611255,363642,Fino Payments Bank Ltd.
+ MAYURDHVAJSINH ZALA,8905257139,363551,India Post Payments Bank Limited
+ MEERA MAHEBUBBHAI,9558557100,363621,Airtel Payments Bank Limited
+ MEETRAJSINH JADEJA,7861902475,363621,India Post Payments Bank Limited
+ MEHTA ROHITBHAI VIJAYBHAI,7486969209,363621,Fino Payments Bank Ltd.
+ MEHUL  ANDODARIYA,8141615959,363642,Bank of Baroda
+ MEHUL  GATHIYA,8128002368,363670,Airtel Payments Bank Limited
+ MEHULBHAI JERAMBHAI DHALVANIYA,9737399456,363330,India Post Payments Bank Limited
+ MEHULBHAI KHOKHAR,8447533676,363630,India Post Payments Bank Limited
+ MEHULKUMAR BODA,9898081111,363641,Airtel Payments Bank Limited
+ MENDPARA SUNIL PRANJIVAN,9998792605,363641,Airtel Payments Bank Limited
+ MERJA JAYDEEPKUMAR DHANJIBHAI,9727315896,363641,Yes Bank Limited
+ MERJA NITIN HITESHBHAI,9998468065,363641,AU Small Finance Bank Limited
+ MIHIRKUMAR,9724773285,363641,India Post Payments Bank Limited
+ MILANKUMAR,7698041981,363641,India Post Payments Bank Limited
+ MITRAJ KOTAK,8140601065,363351,State Bank of India
+ MIYANI DUDH UTPADAK SAHAKARI MANDALI LIMITED,8200765160,363330,The Federal Bank Ltd.
+ MIYATRA MANISHABENLAXMANBHAI,9106088208,363641,India Post Payments Bank Limited
+ MIYATRA VIKRAM GOVINDBHAI,9924508890,363670,Fino Payments Bank Ltd.
+ MIYATRA VJESHKUMAR VALJIBHAI,9898295331,363650,Airtel Payments Bank Limited
+ MOHAN RAJAK,6267451097,363621,Airtel Payments Bank Limited
+ MOHANBHAI,7016790993,363670,India Post Payments Bank Limited
+ MOHITKUMAR HARANIYA,9979076090,363650,India Post Payments Bank Limited
+ MORATARIYA ASHOKBHAI,7016661298,363351,Airtel Payments Bank Limited
+ MORATARIYA ASHOKBHAI,7016661297,363330,Airtel Payments Bank Limited
+ MR AJAYKUMAR JADAVBHAI GOR,9727788544,363642,Fino Payments Bank Ltd.
+ MR JAYKISHAN SUNDARLAL ADVANI,9724412655,363641,Fino Payments Bank Ltd.
+ MR. JETHLOJA SAGAR LAKHMANBHAI,7490865766,363641,Airtel Payments Bank Limited
+ MR. PRAKASH  SATAPARA,8128926323,360003,Airtel Payments Bank Limited
+ MUKESHBHAI KARSHANBHAI KOLI,9726128251,363310,Fino Payments Bank Ltd.
+ MUKTABEN,9974878439,363642,Airtel Payments Bank Limited
+ MUNABHAI BAMBHAVA,7999902973,363621,India Post Payments Bank Limited
+ MUNABHAI JETLODA,9978039066,363330,State Bank of India
+ MURLI  PURTI,9263195302,363660,Yes Bank Limited
+ MUSANI ASHIF SATARBHAI,7819958614,363650,Fino Payments Bank Ltd.
+ MUSTAK DILAVARBHAI JAM,6359023138,363670,State Bank of India
+ MUSTKEEN  SHERASIYA,9624478619,363621,Bank of Baroda
+ N H CHAVDA,8128249611,363641,India Post Payments Bank Limited
+ NAGJI  SODHA,7226905183,370620,Airtel Payments Bank Limited
+ NAGJIBHAI,9898896486,363642,India Post Payments Bank Limited
+ NAKIB  RAHMAN,8758284344,363621,Fino Payments Bank Ltd.
+ NAKUM ASHWIN JETHABHAI,9727006139,363641,Fino Payments Bank Ltd.
+ NAKUM SHANTILAL PRAVINBHAI,9586997391,363641,Fino Payments Bank Ltd.
+ NANALAL RATHOD,9925339064,363330,India Post Payments Bank Limited
+ NANDLAL  KANJARIYA,9898467303,363642,Bank of Baroda
+ NANDLAL PANDYA,8469921902,363623,India Post Payments Bank Limited
+ NANUBHAI PADHAR,9773258715,363330,India Post Payments Bank Limited
+ NANVANI MONISHBHAII KISHANLAL,7567172600,363641,Yes Bank Limited
+ NARASHIBHAI MUMABHAI PADADHARIYA,8141490408,363641,India Post Payments Bank Limited
+ NARBHERAM P KUNPARA,9638201089,363641,India Post Payments Bank Limited
+ NARENDRA  AMRUTIYA,8469287948,363641,Airtel Payments Bank Limited
+ NARENDRA BACHUBHAI,9898621797,363641,India Post Payments Bank Limited
+ NARENDRA HARILAL PANDYA,9624817781,360003,India Post Payments Bank Limited
+ NARENDRA JHALA,8866735454,363641,Airtel Payments Bank Limited
+ NARENDRASING MANSING GANASHVA,9825890226,363641,India Post Payments Bank Limited
+ NARENDRASINH,9898765444,363670,India Post Payments Bank Limited
+ NARENDRASINH,9099876868,363670,India Post Payments Bank Limited
+ NARENDRASINH JADAV,7567348517,363330,India Post Payments Bank Limited
+ NARENDRASINH JADEJA,9879783558,363670,India Post Payments Bank Limited
+ NATHANI RONAK IKBALBHAI,8128220543,363641,Airtel Payments Bank Limited
+ NAVA AMRAPAR DUDH UTPADAK SAHKARI MANDLI LTD,9586274042,363351,The Federal Bank Ltd.
+ NAVA GHANSHYAMGADH MAHILA DUDH UTPADAK SAHKARI MANDLI,9737482488,363330,The Federal Bank Ltd.
+ NAVA MALNIYAD MAHILA DUDH UTPADAK S.M.LI,9979001201,363330,The Federal Bank Ltd.
+ NAVAKANKOT 2 D.U.S.M.L,9925050957,363621,The Federal Bank Ltd.
+ NAVIKALAVDI (SANJARNAGAR) M.D.U.S.M.L,9879008217,363621,The Federal Bank Ltd.
+ NAVIN ARAJAN HADIYAL,9737072462,363641,Yes Bank Limited
+ NAVINKUMAR GOVINDBHAI KAVADIYA,7043672487,363630,Airtel Payments Bank Limited
+ NAVNEETBHAI DAVE,9879261058,363650,India Post Payments Bank Limited
+ NAYAKPARA VISHALKUMAR GHANASHYAMBHAI,8780418763,363642,Fino Payments Bank Ltd.
+ NAYANKUMAR DAVE,7567080247,363330,India Post Payments Bank Limited
+ NAYANKUMAR RAMJIBHAI,9714614315,363660,India Post Payments Bank Limited
+ NEPAL SINGH,6367096044,363630,Airtel Payments Bank Limited
+ NESADIYA BHAVESHBHAI,9712552667,363642,Airtel Payments Bank Limited
+ NIDHIBEN RAJESHBHAI KATHARANI,9712680785,363641,Yes Bank Limited
+ NIKHIL,9624671839,363650,India Post Payments Bank Limited
+ NIKUNJ KUNDARIYA,9913717545,363650,India Post Payments Bank Limited
+ NIKUNJ NANDHA,7827922370,363641,India Post Payments Bank Limited
+ NILESHBHAI LAKHMANBHAI PATEL,7227081528,363641,Airtel Payments Bank Limited
+ NILESHKUMAR GODHANI,9727277528,363641,Airtel Payments Bank Limited
+ NILESHKUMAR KANZARIYA,7383442902,363351,India Post Payments Bank Limited
+ NILESHKUMAR MAKWANA,9974837186,363351,State Bank of India
+ NISHANT VIJAYBHAI MEHTA,9737701427,363621,Fino Payments Bank Ltd.
+ NURMAMAD BADI,9925812935,363621,India Post Payments Bank Limited
+ ODIYA BIPINBHAI,9313762898,363641,Airtel Payments Bank Limited
+ ODIYA NARENDRA DEVAJIBHAI,9725344084,363642,Fino Payments Bank Ltd.
+ OM PRAKASH,7485966674,363641,Airtel Payments Bank Limited
+ OMKARSINH BALUBHA RANA,9825288355,360001,Fino Payments Bank Ltd.
+ ORIYA JAYESH JUGATRAMBHAI,8200627657,363641,Airtel Payments Bank Limited
+ P J JADEJA,9879430030,363630,India Post Payments Bank Limited
+ PADALIYA AMARSHIBHAI,9725415305,363641,Airtel Payments Bank Limited
+ PADHARIYA RAVAJIBHAI JALABHAI,9726502238,363330,Fino Payments Bank Ltd.
+ PADHIYAR HARDIKBHAI GHANSHYAMSINH,9638510074,363330,Yes Bank Limited
+ PAIJA  JITENDRAKUMAR,9898589001,363670,Airtel Payments Bank Limited
+ PALASAN DUDH UTPADAK SAHAKARI M.LTD,9726596242,363330,The Federal Bank Ltd.
+ PANARA UMESHBHAI GOBARDHANBHAI,9974131397,363642,Airtel Payments Bank Limited
+ PANCHASARA SACHIN SAMIRBHAI,9724239706,363642,Fino Payments Bank Ltd.
+ PANCHOTIYA DIPAKBHAI MADHAVJIBHAI,9974579344,363642,Airtel Payments Bank Limited
+ PANCHOTIYA DURLABHAJIBHAI,9898823021,363641,Airtel Payments Bank Limited
+ PANCHOTIYA HARILAL,9375940007,363630,Airtel Payments Bank Limited
+ PANCHOTIYA VALLABHBHAI,9313232481,363641,Airtel Payments Bank Limited
+ PANKAJ KUMAR VALJIBHAI RASAMIYA,9558586798,363641,Airtel Payments Bank Limited
+ PARASARA ABDULBHAI,9998436906,363621,Airtel Payments Bank Limited
+ PARASARA ISMAILBHAI,7486878887,363621,Airtel Payments Bank Limited
+ PARBATBHAI VERSHIBHAI SHINEJIA,9925739152,363330,State Bank of India
+ PAREJIYA PRATIKBHAI VASUDEVBHAI,9898157451,363330,Yes Bank Limited
+ PAREKH NILESHKUMAR RAMESHBHAI,8140048484,363621,Fino Payments Bank Ltd.
+ PAREKH SURESHBHAI,8866264405,363641,Airtel Payments Bank Limited
+ PARESH,9586279117,363621,India Post Payments Bank Limited
+ PARESH SARDHARA,9638365082,363650,India Post Payments Bank Limited
+ PARESHKUMAR DHIRAJLAL MAKWANA,8128177731,363642,India Post Payments Bank Limited
+ PARMAR BHARATBHAI,9023345065,363621,Airtel Payments Bank Limited
+ PARMAR BHIKHUBHA,9898583982,363621,Airtel Payments Bank Limited
+ PARMAR GAFALBHAI,9228292252,363310,Airtel Payments Bank Limited
+ PARMAR GHANSHYAMBHAI,9662503838,363330,Airtel Payments Bank Limited
+ PARMAR GOPALBHAI KANJIBHAI,9824749426,363351,Fino Payments Bank Ltd.
+ PARMAR GUMANSINH,9978844250,363330,Airtel Payments Bank Limited
+ PARMAR HARESHBHAI,9879478747,363642,Airtel Payments Bank Limited
+ PARMAR KALPESH PARSOTAMBHAI,9979236111,363641,RBL Bank Ltd
+ PARMAR PRABHUBHAI,9687463397,363641,Airtel Payments Bank Limited
+ PARMAR RAJESHBHAI,9723399488,363641,Airtel Payments Bank Limited
+ PARMAR RANJITBHAI GAFALBHAI,8000402728,363330,Fino Payments Bank Ltd.
+ PARMAR RAVIRAJSINH BHIKHUBHA,9898367519,363621,Airtel Payments Bank Limited
+ PARTH  DESAI,9081797972,363310,Fino Payments Bank Ltd.
+ PARTH BABUBHAI NAYAKPARA,9725118791,363642,Airtel Payments Bank Limited
+ PATEL AMITKUMAR C,7838058162,363330,India Post Payments Bank Limited
+ PATEL ANILKUMAR SHANTILAL,9898120978,363641,Airtel Payments Bank Limited
+ PATEL BHARATBHAI,9601548700,363642,Airtel Payments Bank Limited
+ PATEL DHAVALKUMAR NARSIBHAI,9978197115,363330,Fino Payments Bank Ltd.
+ PATEL MOHANBHAI,9898542018,363641,Airtel Payments Bank Limited
+ PATEL PRABHUBHAI,8128462168,363330,Airtel Payments Bank Limited
+ PATEL SAGAR HASMUKHBHAI,9033744441,363641,Fino Payments Bank Ltd.
+ PATEL SANTOSHBHAI NANJIBHAI,7041299751,363641,Airtel Payments Bank Limited
+ PATEL UMESHBHAI NARSHIBHAI,8488977755,363330,Fino Payments Bank Ltd.
+ PATEL VISHALKUMAR SHANTILAL,7838034711,363330,India Post Payments Bank Limited
+ PAWAN SINGH,9617091096,363641,Airtel Payments Bank Limited
+ PERVANI SANJAY JITENDRABHAI,9909390798,363641,RBL Bank Ltd
+ PITRODA BABULAL,9601976176,363330,Airtel Payments Bank Limited
+ PIYUSH KAMAL,7623014055,363641,AXIS Bank Ltd.
+ POPULAR AGENCIES INDIA,9825291313,363641,Kotak Mahindra Bank Limited
+ PRABHAT SUKHABHAI,9904465333,363641,India Post Payments Bank Limited
+ PRABHUBHAI,9638595729,363670,India Post Payments Bank Limited
+ PRABHULAL NANDASIYA,8469882620,363641,India Post Payments Bank Limited
+ PRADIPKUMAR NATVARLAL SEJPAL,9898035244,363641,Airtel Payments Bank Limited
+ PRADIPKUMAR VALJI NAKUM,9998342789,363641,Airtel Payments Bank Limited
+ PRAGNESH  PANDYA,7567524024,363641,Airtel Payments Bank Limited
+ PRAJAPATI BALVANTBHAI,7046987644,363642,Airtel Payments Bank Limited
+ PRAKASH KUMAR,7435833468,363641,Airtel Payments Bank Limited
+ PRAKRAMSINH,8320236238,363621,India Post Payments Bank Limited
+ PRASHANT,8107816100,363642,India Post Payments Bank Limited
+ PRASHANTVALLABHAI RATHOD,9638209903,363670,Indian Bank
+ PRATAP BHAI,9998156234,363621,India Post Payments Bank Limited
+ PRATAPBHAI GOHIL,9586796430,363351,India Post Payments Bank Limited
+ PRATAPGADH MAHILA DUSM,9664923539,363621,The Federal Bank Ltd.
+ PRATIK,9510951130,363621,India Post Payments Bank Limited
+ PRATIPALSINH ANUBHA ZALA,9974114929,363641,Airtel Payments Bank Limited
+ PRAVEEN K,9712929458,363641,Airtel Payments Bank Limited
+ PRAVEEN KUMAR,8905760384,363621,Airtel Payments Bank Limited
+ PRAVEEN SINGH,7878234723,363641,Airtel Payments Bank Limited
+ PRAVIN KARSHANBHAI RATHOD,9978195825,363642,Fino Payments Bank Ltd.
+ PRAVINBHAI,9574025929,363641,India Post Payments Bank Limited
+ PRAVINBHAI  JANVA,8128085672,363630,Airtel Payments Bank Limited
+ PRAVINBHAI MANGABHAI DELVADIYA,9687166063,363621,Union Bank of India
+ PRAVINKUMAR VYAS,9427550633,363330,India Post Payments Bank Limited
+ PRAVINSINH JADEJA,9428238999,363330,India Post Payments Bank Limited
+ PREMKUMAR BHAGVANDAS ADVANI,9909269112,363641,Fino Payments Bank Ltd.
+ PREMSINGH SODHA,7041265340,363641,Airtel Payments Bank Limited
+ PRITESHBHAI KISHORBHAI BHOJANI,9925726826,363641,Yes Bank Limited
+ PRITESHKUMAR SURESHBHAI KHARADI,9712748239,363641,India Post Payments Bank Limited
+ PRITHVI RAJ,7069348785,363621,India Post Payments Bank Limited
+ PRIYANKABEN PATEL,6354414246,363641,India Post Payments Bank Limited
+ PRUTHIVSINH,7359732174,363670,India Post Payments Bank Limited
+ PRUTHVIRAJSINH,9978273749,363621,India Post Payments Bank Limited
+ PUJARA VIVEKKUMAR,9726352592,363330,Paytm Payments Bank Limited
+ PUNJANI BHAVESHBHAI KISHORBHAI,7984861647,363641,Fino Payments Bank Ltd.
+ PUNUBHA RATHOD,9696501111,363641,Airtel Payments Bank Limited
+ R B AGOLA,9898930720,363630,India Post Payments Bank Limited
+ R C BOPALIYA,9998436178,363641,India Post Payments Bank Limited
+ R H LALANI,9979886949,363641,India Post Payments Bank Limited
+ R K KACHROLA,9428037010,363630,India Post Payments Bank Limited
+ R S SURANI,9099763772,363641,India Post Payments Bank Limited
+ R.N.GOSAI,9925717199,363641,India Post Payments Bank Limited
+ RABARI SAVANBHAI,9510304037,363642,Airtel Payments Bank Limited
+ RADHABEN HEMUBHAI MAKWANA,9838226709,363621,State Bank of India
+ RAGHUBHAI,9427161597,363621,India Post Payments Bank Limited
+ RAHUL DINESHBHAI DEGMA,9726380205,363630,State Bank of India
+ RAHULBHAI GAJENDRABHAI JOSHI,9687438507,363330,India Post Payments Bank Limited
+ RAHULKUMAR VISHNUDASDUDHAREJIYA,9909875694,363621,India Post Payments Bank Limited
+ RAISINHBHAI,9909865449,363660,India Post Payments Bank Limited
+ RAJ  SINGH,7228098773,363642,Airtel Payments Bank Limited
+ RAJAVADLA DOODH U.S.M.L.,9429573081,363621,The Federal Bank Ltd.
+ RAJDEEPSINH RAMSANG,8866442414,363655,India Post Payments Bank Limited
+ RAJENDRAKUMAR,9638278527,363623,India Post Payments Bank Limited
+ RAJESH MADHAVJIBHAI KAGTHARA,9510232541,363670,Yes Bank Limited
+ RAJESH NATAVAR UGHAREJA,8238343643,363642,Airtel Payments Bank Limited
+ RAJESH RAGHAVJIBHAI MERJA,9974166988,363641,Airtel Payments Bank Limited
+ RAJESH THAKRAR,9898062222,363641,Airtel Payments Bank Limited
+ RAJESHBHAI,9228723896,363621,India Post Payments Bank Limited
+ RAJESHBHAI  KANZARIYA,9913251030,363330,Bank of Baroda
+ RAJESHBHAI CHAPANI,9824277279,363670,Airtel Payments Bank Limited
+ RAJESHBHAI THAKKAR,9328022884,363330,Airtel Payments Bank Limited
+ RAJESHKUMAR CHAUHAN,9173164154,363351,India Post Payments Bank Limited
+ RAJNIKANT  PRAJAPATI,9879253549,363641,Bank of Baroda
+ RAJPARA DIPAKBHAI HANSARAJBHAI,7016566002,363642,Fino Payments Bank Ltd.
+ RAJPARA SAVJIBHAI,9725880901,363641,Airtel Payments Bank Limited
+ RAKESH,9714627597,363655,India Post Payments Bank Limited
+ RAKESH BHAGAT,8141998756,363670,India Post Payments Bank Limited
+ RAKESH DINESH PANARIYA,9725414906,363621,Yes Bank Limited
+ RAKESH SARKAR,7227912449,363641,Airtel Payments Bank Limited
+ RAKESH SHIVLAL METALIYA,9974205734,363642,Airtel Payments Bank Limited
+ RAKESHKUMAR GOHIL,9724476080,363330,India Post Payments Bank Limited
+ RAM SHARMA,9974008436,363641,Airtel Payments Bank Limited
+ RAMANUJ ARVINDBHAI,8866603528,363642,Airtel Payments Bank Limited
+ RAMANUJ MAHESHBHAI,9033403528,363642,Airtel Payments Bank Limited
+ RAMDEV PREMDAS RAMAVAT,9925657521,363641,India Post Payments Bank Limited
+ RAMESH KUMAR,9824203633,363641,Airtel Payments Bank Limited
+ RAMESHBHAI,9904458436,363621,India Post Payments Bank Limited
+ RAMESHBHAI,9275021061,363621,India Post Payments Bank Limited
+ RAMESHBHAI,9624329528,363670,India Post Payments Bank Limited
+ RAMESHBHAI BAJANIYA,6353392511,363330,India Post Payments Bank Limited
+ RAMESHBHAI J KANSAGARA,9426498342,363642,Paytm Payments Bank Limited
+ RAMJIYANI MANILAL,9925250622,363330,Airtel Payments Bank Limited
+ RAMNIKLAL A LIMBAD,9913741600,363641,India Post Payments Bank Limited
+ RAMSINGH RATTANSINGH SODHA,9723107773,363641,Fino Payments Bank Ltd.
+ RANA JAYENDRASINH,9904071779,363642,Airtel Payments Bank Limited
+ RANA VISHWAJITSINH KIRANSINH,7016023892,363641,Airtel Payments Bank Limited
+ RANGAPARA  BUTABHAI,8511438141,363621,Bank of Baroda
+ RANGPADIYA JAGDISH DURLBHAJIBHAI,7043672397,363641,Airtel Payments Bank Limited
+ RANGPARA GAUTAM CHHANABHAI,7878785631,363621,Fino Payments Bank Ltd.
+ RANJITBHAI  SHETANIYA,9924688845,363642,Bank of Baroda
+ RANJITSINGH RATHOD,9624686711,363630,India Post Payments Bank Limited
+ RANMALPUR DUDH UTTPADAK SAHAKARI M.LI,8160451205,363330,The Federal Bank Ltd.
+ RASHMINBHAI LAXMANBHAI BHIMANI,9898810925,363641,Fino Payments Bank Ltd.
+ RASHMITA,6351380114,363641,India Post Payments Bank Limited
+ RASIKBHAI DUDAKIYA,9898895390,363330,India Post Payments Bank Limited
+ RASIKLAL BAHISHANKAR PANDYA,9879409338,360003,India Post Payments Bank Limited
+ RATADIYA MAHILA SANCHALIT D.U.S.M.L.,9825538872,363621,The Federal Bank Ltd.
+ RATAIA NAGJIBHAI,9099139934,363641,Airtel Payments Bank Limited
+ RATHOD JAYDEEP RAMESHBHAI,9638894888,363621,AXIS Bank Ltd.
+ RATHOD PRABHABEN SHIVABHAI,9023907717,363621,AXIS Bank Ltd.
+ RATHOD PRAVINSINH,9924924149,363641,Airtel Payments Bank Limited
+ RATHOD RAMJIBHAI,9974114567,363642,Airtel Payments Bank Limited
+ RATOJA JIVANBHAI,9638718655,363621,Airtel Payments Bank Limited
+ RATOJA RANCHHODBHAI,7575054060,363621,Airtel Payments Bank Limited
+ RATOJA SHAMBHUBHAI,9879898845,363621,Airtel Payments Bank Limited
+ RAVI ASHOKBHAI PATEL,9275951950,363641,Yes Bank Limited
+ RAVI CHANDUBHAI MIYATRA,9099700004,363641,Fino Payments Bank Ltd.
+ RAVI SOIGAMA,8160665779,363670,India Post Payments Bank Limited
+ RAVIKUMAR MALASANA,8178474022,363670,India Post Payments Bank Limited
+ RAVINDRA BHATU,9974444292,363660,India Post Payments Bank Limited
+ RAYMAGIYA MEHUL,9723297232,363621,Paytm Payments Bank Limited
+ RAZAK DAOODBHAI KATIA,7600453642,363670,Yes Bank Limited
+ REBARI DEWAN SAVANBHAI,9909179369,363642,Airtel Payments Bank Limited
+ REBARI DEWAN SAVANBHAI,8849939682,363642,Fino Payments Bank Ltd.
+ REKHABEN JANI,9586229002,363351,India Post Payments Bank Limited
+ REVAR DINESHBHAI,8200918607,363641,Airtel Payments Bank Limited
+ REVTUBHA,7359954563,363655,India Post Payments Bank Limited
+ RIBADIYA PARSOTAMBHAI,9687716133,360003,Airtel Payments Bank Limited
+ RINKESHBHAI RAMESHBHAI SABAPARA,7698566036,363551,India Post Payments Bank Limited
+ RIZVAN PARASARA,7874676567,363621,Airtel Payments Bank Limited
+ ROHITKUMAR SARADAVA,9727086616,363641,Airtel Payments Bank Limited
+ ROSHAN SINGH,6351051941,363641,Airtel Payments Bank Limited
+ RS,8700575207,363641,India Post Payments Bank Limited
+ RUKMUDIN KHORAJIYA,9898368481,363621,AXIS Bank Ltd.
+ RUPALBEN JIGNESHBHAI DESAI,9274078910,363641,State Bank of India
+ RUSHIK MADHAVI,8238252769,363642,Airtel Payments Bank Limited
+ S S RATHOD,8320725553,363641,India Post Payments Bank Limited
+ SABIRHUSEN ISMAILBHAI KHARODIYA,9316330480,363670,Yes Bank Limited
+ SACHIN BHANUSHALI,9998555453,370240,Airtel Payments Bank Limited
+ SADAMHUSEN MANAKIYA,9737299969,363642,Airtel Payments Bank Limited
+ SADARIYA  MAVJI,9725280873,363660,Airtel Payments Bank Limited
+ SADATIYA RAVI MANSUKHBHAI,6353932171,363641,India Post Payments Bank Limited
+ SADHARAKIYA KANTILAL,9727871791,363641,Airtel Payments Bank Limited
+ SAHDEV SOLANKI,9904544443,363641,Airtel Payments Bank Limited
+ SAJID SUMRA,9099354847,363660,Airtel Payments Bank Limited
+ SAKARIYA KETANBHAI PATHUBHAI,9510187181,363330,Fino Payments Bank Ltd.
+ SAKARIYA NAVGHAN BHUPATBHAI,9265749469,363621,Fino Payments Bank Ltd.
+ SALOT IRFAN,7016905023,363621,Airtel Payments Bank Limited
+ SAMA LATIFBHAI,6352816886,363621,Airtel Payments Bank Limited
+ SAMADHIYALA DOODH U.S.M.L.,8320628486,363621,The Federal Bank Ltd.
+ SAMATHERVA PASHUPALAN M.D.U.S.M.,9712159736,363621,The Federal Bank Ltd.
+ SAMRAT SAJAHAN BADSHA,8327043203,363660,Yes Bank Limited
+ SAMUDEVI,9725784240,363642,Airtel Payments Bank Limited
+ SANANDIYA JATIN BHUDARBHAI,8200481570,363642,Yes Bank Limited
+ SANARUL  MAHALDAR,8511859491,363630,Airtel Payments Bank Limited
+ SANAT KUMAR GARAI,7600111756,363621,Airtel Payments Bank Limited
+ SANATKUMAR JANI,9725918013,363330,India Post Payments Bank Limited
+ SANDIPBHAI R DHAMECHA,7228057524,363641,Airtel Payments Bank Limited
+ SANGHANI RAMESHBHAI,7228924722,363642,Airtel Payments Bank Limited
+ SANGITABEN,8128013877,363641,Airtel Payments Bank Limited
+ SANJA MANSUKHBHAI,7048200220,363650,Airtel Payments Bank Limited
+ SANJAY  SHETH,9033348084,363641,Bank of Baroda
+ SANJAY JETHIRAM,9879910757,363641,India Post Payments Bank Limited
+ SANJAYBHAI,9979021071,363641,India Post Payments Bank Limited
+ SANJAYBHAI RATOJA,9638532907,363642,Airtel Payments Bank Limited
+ SANKAR MUKHERJEE,6352734568,363641,Airtel Payments Bank Limited
+ SANTOLA RITABEN SHAILESHBHAI,9054075186,363621,Fino Payments Bank Ltd.
+ SANTOSH PASWAN,9998717039,363642,Airtel Payments Bank Limited
+ SANTOSHSELECTION,9825623743,363642,Kotak Mahindra Bank Limited
+ SARADAVA MEHUL ANILBHAI,8238006644,363642,Fino Payments Bank Ltd.
+ SARARIYA SANJAYBHAI CHHAGANBHAI,8980715233,363330,Airtel Payments Bank Limited
+ SARDARSINGH HADANTO SODHA,7043672416,363641,Airtel Payments Bank Limited
+ SARDHARKA DOODH U.S.M.L.,9974007763,363621,The Federal Bank Ltd.
+ SARESA MAISURBHAI,9714217352,363621,Airtel Payments Bank Limited
+ SARFARAZ ISMAIL  BHORANIYA,9510330668,363621,Bank of Baroda
+ SARMISHTA KISHORE FACHARA,9898852332,363642,Airtel Payments Bank Limited
+ SARSAVADIYA DINESHKUMAR,9924257027,363621,AXIS Bank Ltd.
+ SARSAVADIYA HARIKRUSHN MANSUKHBHAI,9879914096,363642,Fino Payments Bank Ltd.
+ SARSAVADIYA VIPUL VASUDEV,9879870278,363641,HDFC Bank Ltd.
+ SARVAIYA SAHDEVSINH,9712929336,363641,Airtel Payments Bank Limited
+ SARVAIYA SHANIRAJSINH,7069851520,363621,Airtel Payments Bank Limited
+ SATAPAR MAHILA DUDH U.S.M.,6353602530,363621,The Federal Bank Ltd.
+ SATHALIYA SURESHBHAI DHIRUBHAI,8160158968,363660,Fino Payments Bank Ltd.
+ SATISH DURLABHJI BHAI PANCHOTIYA,8511651886,363641,Airtel Payments Bank Limited
+ SAURABH  PARMAR,6354071087,363655,Bank of Baroda
+ SAVADIY DHAVAL VASUDEVBHAI,9106814904,363642,Fino Payments Bank Ltd.
+ SAVADIY VASUDEVBHAI,8469393093,363642,Airtel Payments Bank Limited
+ SAVAN VINDHANI,7600787936,363641,Airtel Payments Bank Limited
+ SAVJIBHAI SINDHAV,9537983580,363330,India Post Payments Bank Limited
+ SAVSETA JAGUBEN KARABHAI,9904989699,363670,Fino Payments Bank Ltd.
+ SEJAL,9737661955,363641,India Post Payments Bank Limited
+ SEJPAL VIJAYBHAI,9974385220,363650,Airtel Payments Bank Limited
+ SEVARIYA SAVADHANBHAI,8401070506,363621,Airtel Payments Bank Limited
+ SHABAVAT RAMAJAN USHAMANBHAI,9974374458,363641,Fino Payments Bank Ltd.
+ SHAH ASHOKBHAI,7777979948,360003,Airtel Payments Bank Limited
+ SHAILESHBHAI,9978278405,363660,India Post Payments Bank Limited
+ SHAILESHBHAI,9586530035,363641,India Post Payments Bank Limited
+ SHAILESHBHAI LALJIBHAI GADESHIYA,7048270128,363641,Airtel Payments Bank Limited
+ SHANTILAL VANAND,9624552744,363330,India Post Payments Bank Limited
+ SHARMA V,7600864541,363330,Airtel Payments Bank Limited
+ SHERASIYA MAHAMMAD,8128060830,363621,Airtel Payments Bank Limited
+ SHERASIYA RIYAZ,9737068630,363621,Airtel Payments Bank Limited
+ SHERASIYA TOSIF HUSEN,9904946570,363621,Fino Payments Bank Ltd.
+ SHERASIYA YUNUSH AHMAD,9909299092,363621,Fino Payments Bank Ltd.
+ SHERESIYA,9723627680,363621,India Post Payments Bank Limited
+ SHIHORA DASHRATHBHAI LALAJIBHAI,9825318419,363621,Fino Payments Bank Ltd.
+ SHINOJIYA KANTILAL,7226874333,363641,Airtel Payments Bank Limited
+ SHITALBEN MAHETA,9909595321,363551,India Post Payments Bank Limited
+ SHIVABHAI  AGHERA,8200857830,363535,Bank of Baroda
+ SHIVCHARAN SHIVCHARANSHIVCHARAN,8511082458,363641,AXIS Bank Ltd.
+ SHREE ARNITIMBA PASHUPALAN MAHILA D.U.S.M. SU,9558211116,363621,The Federal Bank Ltd.
+ SHREE ASHARAFNAGAR DOODH U.S.M.L.,9601077758,363621,The Federal Bank Ltd.
+ SHREE GHUNADA S MAHILA D.U.S.M.S.,8469191962,363641,The Federal Bank Ltd.
+ SHREE KALYANPAR MAHILA D.U.S.M. (SU),9979433312,363650,The Federal Bank Ltd.
+ SHREE KHANPAR MAHILA DUDH UTPADAK SAHAKARI MANDALI LIMITED,9723664886,363641,The Federal Bank Ltd.
+ SHREE KHIJADIYA MAHILA D.U.S.M. (SU),9925055209,363621,The Federal Bank Ltd.
+ SHREE NAVA RAJAVADALA (PASHU PALAN) M.D.U.S.M.(SU,9909446473,363621,The Federal Bank Ltd.
+ SHREE NAVA SARDHARKA MAHILA PASHU DUDH UTPADAK SAHAKARI MANDALI SU,9723439103,363621,The Federal Bank Ltd.
+ SHREE NAVI RATIDEVALI MAHILA DOODH UTPA SAH MANDI LI,9724263026,363621,The Federal Bank Ltd.
+ SHREE PADADHARA PASHUPALAN M.D.U.S.M.(SUCHIT),8849324020,363621,The Federal Bank Ltd.
+ SHREE RAJGAD MAHILA DUDH U.S.M.L,6352393940,363621,The Federal Bank Ltd.
+ SHREE RAJPAR MAHILA DUDH UTPADAK SAHAKARI MANDALI LIMITED,9879148065,363641,The Federal Bank Ltd.
+ SHREE RATIDEVALI DUDH U.S.M.L.,8200040089,363621,The Federal Bank Ltd.
+ SHREE SINDHAVADAR PASHUPALAN MAHILA D.U.S.L.M.,9909067429,363621,The Federal Bank Ltd.
+ SHREE TOL DOODH UTPADAKSAHKARI,9327933432,363621,The Federal Bank Ltd.
+ SHRI DEVIPUR DUDH U S M LTD,9712178140,363330,The Federal Bank Ltd.
+ SHRI DEVKINAGAR MAHILA DUDH UTPADAK S.M.LTD,9712164774,363330,The Federal Bank Ltd.
+ SHRI DUNGARAPUR DUDH UTPADAK S.M.LTD,9979001306,363330,The Federal Bank Ltd.
+ SHRI L P BANSAL,9671504603,363330,India Post Payments Bank Limited
+ SHRI MANGALPUR MAHILA DUDH UTPADAK S.M.LI,9574060256,363330,The Federal Bank Ltd.
+ SHRI N DEVLIYA M D U S M L,9979742199,363330,The Federal Bank Ltd.
+ SHRI N R RAMANANDI,8849242700,363330,India Post Payments Bank Limited
+ SHRI P N SINDHAV,9925885699,363330,India Post Payments Bank Limited
+ SHRI SAMALI DUDH U S M L,9879894550,363330,The Federal Bank Ltd.
+ SHRI SURYANAGAR M D U S M LTD,8200702202,363330,The Federal Bank Ltd.
+ SHRI VENASAR MAHILA DUDH UTPADAK SAHKARI MANDALI LIMITED,8140095254,363330,The Federal Bank Ltd.
+ SHRI VITHHALPAR MAHILA DUDH UTPADAK SAHKARI MANDLI LIMITED,9265378972,363621,The Federal Bank Ltd.
+ SHYAM CHAVADA,8327405797,363641,Airtel Payments Bank Limited
+ SIBASHANKAR DAS,9484966914,363642,Fino Payments Bank Ltd.
+ SIDAPARA PARASOTAMBHAI,9913656661,363641,Airtel Payments Bank Limited
+ SIDDHARTHBHAI VORA,9429316283,363641,Airtel Payments Bank Limited
+ SINGH CHHAGANSINGH,6352874927,363641,Airtel Payments Bank Limited
+ SINOJEEYA PARTHSURESHBHAI,9712330335,363642,Airtel Payments Bank Limited
+ SITABEN,9974206502,363642,Airtel Payments Bank Limited
+ SNATOLA  SHAULESHKUMAR,7436021157,363641,Fino Payments Bank Ltd.
+ SOBHRAJSINGH NETSINGH SODHA,7567400890,363641,Airtel Payments Bank Limited
+ SODHA,9913244232,363641,Airtel Payments Bank Limited
+ SODHA AMRATSINGH BHOORO,7228858365,363641,Airtel Payments Bank Limited
+ SODHA BHAMARSINH,7863047623,363641,Airtel Payments Bank Limited
+ SODHA BHAMROJI,7043399932,363641,Airtel Payments Bank Limited
+ SODHA HAMEERSINGH KHETSINGH,9558065678,363642,Fino Payments Bank Ltd.
+ SODHA HEERJI SAWAI,7874458714,363642,Fino Payments Bank Ltd.
+ SODHA JAGJEETSINGH LACHMAN,7874476796,363642,Fino Payments Bank Ltd.
+ SODHA KANJI,7201948616,363641,Airtel Payments Bank Limited
+ SODHA NARSINGH BHOORO,9512440904,363641,Fino Payments Bank Ltd.
+ SODHA NARSINGH BHOORO,6352447895,363641,Yes Bank Limited
+ SODHA NARSINGH BHOORO,9974114698,363641,Airtel Payments Bank Limited
+ SODHA SHANKARSINH PANCHOBHA,7069947857,363642,Fino Payments Bank Ltd.
+ SODHA TAKHATSINH,9909407773,363641,Airtel Payments Bank Limited
+ SODHA VIKRAMSINH PANCHOBHA,7567470519,363642,Fino Payments Bank Ltd.
+ SOHIL  MIRA,8469410601,363330,Bank of Baroda
+ SOLANKI KANTILAL,9925852621,363641,Airtel Payments Bank Limited
+ SOLANKI RAHUL KALUBHAI,9601717039,363641,Yes Bank Limited
+ SOLANKI SATISH BABUBHAI,9104742324,363641,Yes Bank Limited
+ SOLANKI SHAMJIBHAI,8140598727,363310,Airtel Payments Bank Limited
+ SOMANI KISHORBHAI,7777933573,363641,Airtel Payments Bank Limited
+ SOMPURA HARIPRSAD,9998840555,363330,Airtel Payments Bank Limited
+ SONAGRA HASMUKH MANJIBHAI,9726913964,363330,AXIS Bank Ltd.
+ SRI VIRPARADA MAHILA SAN DUDH UTPA SAHKARI MANDALI LTD,9913300118,363641,The Federal Bank Ltd.
+ SUCHIT SHREE MAHAVIRNAGAR M.D.U.S.M.LI,8849432728,363330,The Federal Bank Ltd.
+ SUHANI,7383410701,363630,India Post Payments Bank Limited
+ SUKHUBHA H ZALA,9586472697,363641,India Post Payments Bank Limited
+ SUMRA,9925299385,363660,India Post Payments Bank Limited
+ SUMRA  EKBAL,9512124658,363670,Fino Payments Bank Ltd.
+ SUNDARI DUDH UTPADAK SAHAKARI M.LTD,8320919951,363330,The Federal Bank Ltd.
+ SUNIL HASMUKHRAY BUDASANA,7043047660,363630,Airtel Payments Bank Limited
+ SURANI AMRUTLAL,9904612292,363330,Airtel Payments Bank Limited
+ SURANI DALSUKHBHAI,8401463902,363641,Airtel Payments Bank Limited
+ SURELA HARESH SHIVABHAI,9974362743,363642,Fino Payments Bank Ltd.
+ SURESH,9925182904,363641,India Post Payments Bank Limited
+ SURESH KUMAR,9680204657,363641,Airtel Payments Bank Limited
+ SURESHBHAI DETROJA,9909958582,363630,India Post Payments Bank Limited
+ SURESHBHAI LAKHMANBHAIMAKVANA,9265042886,363621,AXIS Bank Ltd.
+ SURESHBHAI PARMAR,9725865890,363351,India Post Payments Bank Limited
+ SURTANI BHURJI,9929494593,363641,Airtel Payments Bank Limited
+ SWASTIK LIMBANI,7874501151,363642,India Post Payments Bank Limited
+ SWATI VIJAYKUMAR GARODHARA,7069890173,360003,India Post Payments Bank Limited
+ T A NAVOTIYA,9879821733,363630,India Post Payments Bank Limited
+ TAJMAMAD FATEMAMAD BHATTI,9662525763,363670,Yes Bank Limited
+ TARBUNDIYA  HARDIK,9687030624,363330,Bank of Baroda
+ TARUN SAHU,7405117522,363641,Airtel Payments Bank Limited
+ THARESHA JALPESH NARANBHAI,8160475557,363641,Yes Bank Limited
+ THARESHA NARANBHAI,9157502490,363641,Airtel Payments Bank Limited
+ THE INGORALA MAHILA DUDH UTPADAK S.M.LTD,9974950862,363330,The Federal Bank Ltd.
+ THE JUNA DEVALIYA MAHILA DUDH UTPADAK SAHAKARI MANDALI LIMITED,7069012234,363330,The Federal Bank Ltd.
+ THE SUKHPUR DUDH UTPADAK SAHAKARI MANDALI LIMITED,8758856344,363330,The Federal Bank Ltd.
+ THORIYA NILESHKUMAR KANTILAL,9879604560,363641,AXIS Bank Ltd.
+ THUNGA KARAMSHIBHAI,7600169292,363351,Airtel Payments Bank Limited
+ TILAVAT,9824330679,363642,India Post Payments Bank Limited
+ TITHAVA (HUSENINAGAR) D.U.S.M.L,9904476748,363621,The Federal Bank Ltd.
+ TITHAVA (PARVEJNAGAR) M.D.U.S.M.L,7698115040,363621,The Federal Bank Ltd.
+ TRIPATHI SURESH RAGHUNATHPRASAD,9601509813,363641,Airtel Payments Bank Limited
+ TRIVEDI AMITKUMAR MAHENDRABHAI,8866937793,363621,Fino Payments Bank Ltd.
+ TRUPTI NAYANBHAI,7303920643,363330,India Post Payments Bank Limited
+ UMA RAM,7020488308,363641,Airtel Payments Bank Limited
+ UMEDRAM,8141224217,363621,India Post Payments Bank Limited
+ UMEDSANG GHANSHYAMBHAI JADAV,8140535571,363621,AXIS Bank Ltd.
+ UPADHYAY NISHANT RAJKISHOR,9925371306,363641,Yes Bank Limited
+ UPENDRAKUMAR MAHESHKUMAR NAMDEV,7574082259,363641,Yes Bank Limited
+ URVIBEN NITINKUMAR BUDDHADEV,9825826413,363641,Fino Payments Bank Ltd.
+ USMAN ALIBHAI BADI,9725422749,363621,India Post Payments Bank Limited
+ UTAMSINH CHAUHAN,7285006021,363642,Airtel Payments Bank Limited
+ UTTAM KUMAR PRADHAN,9054251656,363642,Airtel Payments Bank Limited
+ V D RATHOD,8238908481,363641,India Post Payments Bank Limited
+ V G GANGADIYA,8141202926,363641,India Post Payments Bank Limited
+ V S,9825653926,363621,India Post Payments Bank Limited
+ V.D.SARDAVA,9978288375,363641,India Post Payments Bank Limited
+ V.V.PANDYA,9824384107,363641,India Post Payments Bank Limited
+ VACHHANI ASHVINBHAI,9574318535,363641,Airtel Payments Bank Limited
+ VADAVIYA SALIM,9909446725,363621,Airtel Payments Bank Limited
+ VADGASIYA MAHESHBHAI BACHUBHAI,9998444138,363630,Airtel Payments Bank Limited
+ VADHADIYA MANSUKH,9879620521,363641,India Post Payments Bank Limited
+ VADHAREKIYA VIPUL VARSANGBHAI,8141884983,363330,Yes Bank Limited
+ VADHER HIMASNSHU KUMAR R,8128637575,363330,India Post Payments Bank Limited
+ VADHRODIYA GIRDHARBHAI,9722025479,363642,Airtel Payments Bank Limited
+ VADOLIYA AMIT VINODBHAI,9978847243,363642,Yes Bank Limited
+ VADSOLA MAHENDRABHAI,7600531142,363641,Airtel Payments Bank Limited
+ VADSOLA NARANBHAI,9898021762,363630,Airtel Payments Bank Limited
+ VAGHANI JILESH RAMJIBHAI,8980481129,363642,Yes Bank Limited
+ VAGHELA HARDIK MAHESHBHAI,9904728925,363642,Fino Payments Bank Ltd.
+ VAGHELA HARDIPSINH,9879664312,363642,Airtel Payments Bank Limited
+ VAGHELA RAJENDRASINH,9725397426,363330,Airtel Payments Bank Limited
+ VAHANESIA  KALPESHBHAI,9979042845,363642,Bank of Baroda
+ VAIBHAV,9825867850,363642,India Post Payments Bank Limited
+ VAISHNAV DHARMENDRA MANHARLAL,9879399983,363641,Fino Payments Bank Ltd.
+ VAJIBEN,9898272070,363642,Airtel Payments Bank Limited
+ VAKATAR RAVAJIBHAI BABABHAI,6355698633,363660,Yes Bank Limited
+ VALJIBHAI,9426483711,363621,India Post Payments Bank Limited
+ VALJIBHAI,9998136312,363641,India Post Payments Bank Limited
+ VALJIBHAI SONAGRA,9879719972,363330,India Post Payments Bank Limited
+ VANITABEN,8128008732,363642,Airtel Payments Bank Limited
+ VANITABEN JAYDEEP GHUMALIYA,9586598695,363641,Yes Bank Limited
+ VANRAJBHAI MACHHAR,6351200019,363630,India Post Payments Bank Limited
+ VANSAJALIYA JIGNESH AMARSHIBHAI,9979970319,363621,Airtel Payments Bank Limited
+ VANSAJALIYA JIGNESH AMARSHIBHAI,7016797483,363642,Yes Bank Limited
+ VARANIYA VIJAYBHAI KARSHANBHAI,9265181748,363642,Fino Payments Bank Ltd.
+ VARASDA RAVI RATIBHAI,9998877595,363642,Yes Bank Limited
+ VARASDA VISHAL JITENDRABHAI,9909082048,363641,Airtel Payments Bank Limited
+ VARIYA  BRIJESHBHAI,9825177842,363642,Fino Payments Bank Ltd.
+ VARSH  DHAMA,8320715249,363642,Fino Payments Bank Ltd.
+ VASAYA RAMJANBHAI,9558047400,363641,Airtel Payments Bank Limited
+ VASHANTABEN,9974639148,363642,Airtel Payments Bank Limited
+ VIBHABHAI  ROJASRA,7359950142,363535,Bank of Baroda
+ VIDHI VIMALKUMAR JANI,9408752704,363670,India Post Payments Bank Limited
+ VIDHIBEN P MIYATRA,9723064506,363641,India Post Payments Bank Limited
+ VIDI JAMBUDIYA PASHU PALAN MAHILA D.U.S.M.(SUCHIT),9978758560,363621,The Federal Bank Ltd.
+ VIDJA DHIRAJBHAI,9104041185,363641,Airtel Payments Bank Limited
+ VIDJA NANDLAL,9723289307,363351,Airtel Payments Bank Limited
+ VIDJA NANDLALBHAI,7567681858,363641,Airtel Payments Bank Limited
+ VIDJA RATILAL,7228074877,363351,Airtel Payments Bank Limited
+ VIDJA THAKARSHIBHAI,9429097704,363630,Airtel Payments Bank Limited
+ VIJAY P  LATHIYA,8141238294,363642,Bank of Baroda
+ VIJAYBHAI NAVALDAN GADHAVI,9898752701,363670,Yes Bank Limited
+ VIJAYKUMAR,9638087849,363641,India Post Payments Bank Limited
+ VIJAYKUMAR  MORADIYA,7043047483,363630,Airtel Payments Bank Limited
+ VIKANI DRIJESH RAMNIKBHAI,7043452602,363642,Airtel Payments Bank Limited
+ VIKAS  KUMAR,8511730972,363642,Airtel Payments Bank Limited
+ VIKRAM,9712664216,363621,India Post Payments Bank Limited
+ VILPARA HARESH VITTHALBHAI,9998734239,363641,India Post Payments Bank Limited
+ VIMALBHAI,6354919899,363650,India Post Payments Bank Limited
+ VIMALKUMAR ARJANBHAI MERJA,9879814444,363642,Fino Payments Bank Ltd.
+ VIMALKUMAR LODARIYA,9624465190,363660,India Post Payments Bank Limited
+ VINABEN KATARA,8758156353,363621,India Post Payments Bank Limited
+ VINAYGADH MAHILA S D U S MANDALI LTD,9687146435,363621,The Federal Bank Ltd.
+ VINJVADIYA MANUBHAI,8799344543,363642,Airtel Payments Bank Limited
+ VINODBHAI LAKHMANBHAI GANADIYA,9638228874,363621,State Bank of India
+ VINZVADIYA DEVSIBHAI,8128461150,363641,Airtel Payments Bank Limited
+ VINZVADIYA JESABHAI,8128462542,363621,Airtel Payments Bank Limited
+ VINZVADIYA SURESHBHAI JESABHAI,9601496247,363621,Airtel Payments Bank Limited
+ VIPUL,9978045650,363670,India Post Payments Bank Limited
+ VIPULBHAI POKAR,7043938898,363330,Airtel Payments Bank Limited
+ VIRAJ  KUMAR,7207389448,363660,Yes Bank Limited
+ VIRALBHAI  SHERSIYA,9925562383,363660,Bank of Baroda
+ VIRAMGAMA TARSIBHAI,9429097823,363641,Airtel Payments Bank Limited
+ VIRPARIA VINOD VALLABHBHAI,8238281522,363641,Airtel Payments Bank Limited
+ VISHAL BADRAKIYA,9974319085,363670,India Post Payments Bank Limited
+ VISHALGAR KANTIGAR,9099725103,363641,India Post Payments Bank Limited
+ VISHVANATH,9016470461,363642,India Post Payments Bank Limited
+ VISHVARAJSINH MAHENDRASINH JADEJA,8758131414,363670,Fino Payments Bank Ltd.
+ VRAJENDRA VASUDEVBHAI SONGRA,8200053035,363641,India Post Payments Bank Limited
+ VYAS PIYUSHKUMAR SHIRISHKUMAR,7600795774,363330,Yes Bank Limited
+ VYAS RAJ PRASHANTBHAI,9512099995,363621,Yes Bank Limited
+ YADAV ASHISH,7567923187,363621,Airtel Payments Bank Limited
+ YAKUB PARASARA,9723441902,363621,India Post Payments Bank Limited
+ YASHWANTRAI AMBARAM,9879352261,363650,India Post Payments Bank Limited
+ YOGESH,8866339054,363641,India Post Payments Bank Limited
+ YUSUF,9725980385,363621,India Post Payments Bank Limited
+ ZAHID ALIBHAI GADHVARA,9979286652,363621,AXIS Bank Ltd.
+ ZAKASNIYA VISHALBHAI CHATURBHAI,9265592518,363642,Yes Bank Limited
+ ZALA,9879737328,363650,India Post Payments Bank Limited
+ ZALA  BHARATSINH,9904706450,363641,Airtel Payments Bank Limited
+ ZALA  JAYDIPSINH,9429340244,363310,Fino Payments Bank Ltd.
+ ZALA BALVANTSINH,6353018507,363641,Airtel Payments Bank Limited
+ ZALA DIGVIJAYSINH NAVALSINH,8849331662,363330,State Bank of India
+ ZALA INDRAJITSINH,6353376935,363621,Airtel Payments Bank Limited
+ ZALA JAYRAJSINH ABHESINH,9662481601,363641,Fino Payments Bank Ltd.
+ ZALA KIRITSINH,8849792708,363641,Airtel Payments Bank Limited
+ ZALA LAKHDHIRSINH,6355660795,363641,Airtel Payments Bank Limited
+ ZALA MAHENDRSINH,8866994927,363621,Airtel Payments Bank Limited
+ ZALA RAHUL RANJITSINH,7383532409,363641,RBL Bank Ltd
+ ZALA RAJENDRASINH MANUBHA,9106445906,363642,Fino Payments Bank Ltd.
+ ZALA RAJUBHA,6352360436,363641,Airtel Payments Bank Limited
+ ZALA RAJVEERSINH BHARATSINH,7487848403,363642,Yes Bank Limited
+ ZALA VISHVRAJSINH RAGHUVIRSINH,8511861600,363641,Airtel Payments Bank Limited
+ ZALA YOGRAJSINH ANIRUDHDHSINH,7405600202,363641,Airtel Payments Bank Limited
+ ZALARIYA TRIBHOVANBHAI,9712313003,363641,Airtel Payments Bank Limited
+ ZANZAVADIYA SAVJIBHAI,9974788434,363641,Airtel Payments Bank Limited
+ ZEEL VIPUL,9427267402,370205,India Post Payments Bank Limited
+ ZINZUVADIYA RAMESHBHAI,9016312455,363642,Airtel Payments Bank Limited
