bc_name,mobile_no,pincode,bank_name
+ A K MACHI,9909053732,393145,India Post Payments Bank Limited
+ A R PRAJAPATHI,9354934528,393041,India Post Payments Bank Limited
+ AADIL IQBAL DARSOT,7990010218,394115,Yes Bank Limited
+ AARATIBEN  NISHAD,9887727472,393040,Yes Bank Limited
+ ABDULGANI  BHATTI,7265887322,393040,Fino Payments Bank Ltd.
+ ABDULVAHAB ABDULRAZAK PAINTER,7621965251,395001,Fino Payments Bank Ltd.
+ ABRARAHMED KASAM JANGDA,9879674111,394115,Yes Bank Limited
+ ACHHESARIYA PRUTHVIRAJSINH,8153961960,391145,Indian Overseas Bank
+ AGRAWAL NILESHKUMAR,9879468795,393140,Yes Bank Limited
+ AGRAWAL SHILPABEN SANDIPKUMAR,9879825751,393040,India Post Payments Bank Limited
+ AJAY GUMANBHAI VASAVA,9727061232,393040,IndusInd Bank Limited
+ AJAY M VASAVA,9724124199,393050,India Post Payments Bank Limited
+ AKASH KUMAR R,9537629825,393025,India Post Payments Bank Limited
+ AKILAHEMAD A,9898699804,393120,India Post Payments Bank Limited
+ AKSHAY KUMAR J VAGHELA,9824314286,393025,India Post Payments Bank Limited
+ AKSHAY S VAGHELA,8160740596,393145,India Post Payments Bank Limited
+ ALKESH KUMAR ESHWARBHAI,9687748064,393145,India Post Payments Bank Limited
+ ALPESH  VASAVA,8154931445,393041,Bank of Baroda
+ AMITBHAI  VASAVA,7567448051,393040,Bank of Baroda
+ AMITKUMAR GULABSINH VASAVA,7265819353,393040,Yes Bank Limited
+ AMRATBHAI  VASAVA,9925979167,393040,Bank of Baroda
+ ANANDBHAI TULSIRAMBHAI VASAVA,9328816413,393025,Yes Bank Limited
+ ANANDIBEN A,9687858594,393140,India Post Payments Bank Limited
+ ANIL  VASAVA,7096652131,393145,Bank of Baroda
+ ANIL UMEDBHAI VASAVA,6359442663,393145,Fino Payments Bank Ltd.
+ ANJANABEN RANJITSINGH VASAVA,8153900225,393041,State Bank of India
+ ANJANABEN VASAVA,8153900924,393041,State Bank of India
+ ANKITKUMAR  BARIYA,6355061484,393145,Bank of Baroda
+ ARUNABEN S CHAUHAN,6351226196,393025,India Post Payments Bank Limited
+ ARVINDBHAI DIVALYABHAI VALVI,6351075063,393025,Yes Bank Limited
+ ASHABEN ANILBHAI VELU,6376229534,393040,Yes Bank Limited
+ ASHIKBHAI MANUBHAI VASAVA,7567286673,393130,Yes Bank Limited
+ ASHISH  VASAVA,7575895850,393040,Bank of Baroda
+ ASHISH KUMAR RAJBHAR,7048160866,393010,Yes Bank Limited
+ ASHOK MANSINGBHAI VASAVA,8758933391,393041,State Bank of India
+ ASHOKBHAI  VASAVA,8980327346,393145,Bank of Baroda
+ ASIB  RATHOD,9537526366,391120,Bank of Baroda
+ ASIFBHAI S,9601136785,393140,India Post Payments Bank Limited
+ ATAN YUSUF ABDULRAHIM,8306981695,394115,Yes Bank Limited
+ AZRUDDIN N SHAIKH,9409386572,393040,State Bank of India
+ B G DESHMUKH,6359511043,393040,India Post Payments Bank Limited
+ B N TADVI,8178830357,393145,India Post Payments Bank Limited
+ B S VASAVA,9913424409,393050,India Post Payments Bank Limited
+ BABARSINH CHAUHAN,9904202185,393050,India Post Payments Bank Limited
+ BABUBHAI JETHABHAI,9727346261,394125,India Post Payments Bank Limited
+ BADIN MOHAMMAD HANIF AIYUB BHAI,9898873480,394115,Yes Bank Limited
+ BAKULBHAI  TADVI,6351654518,393151,Bank of Baroda
+ BAMANIYA KAUSHIK DANABHAI,8140716051,393040,India Post Payments Bank Limited
+ BARIA  MANHARBHAI,7574801805,391125,Fino Payments Bank Ltd.
+ BARIA BIPINKUMAR,8160381372,393145,Kotak Mahindra Bank Limited
+ BARIA KETANBHAI,9737691007,391120,India Post Payments Bank Limited
+ BARIA NARESHBHAI,6354976400,391120,Yes Bank Limited
+ BARIA SANDIPKUMAR SHANTILAL,9737463129,391120,Yes Bank Limited
+ BARIA VIJAYKUMAR,9510760778,391121,Yes Bank Limited
+ BARIA YOGESHBHAI THAKORBHAI,6355658644,391120,Fino Payments Bank Ltd.
+ BARIYA  ALPESHKUMAR,9727175897,391125,Fino Payments Bank Ltd.
+ BARIYA  RAHULBHAI,7016541275,393145,Bank of Baroda
+ BARIYA  RAHULKUMAR,9537108579,391120,Fino Payments Bank Ltd.
+ BARIYA BHARATKUMAR SHANKARBHAI,9586429198,391120,Yes Bank Limited
+ BARIYA DAHYABHAI,9586958255,391120,Indian Overseas Bank
+ BARIYA JITENDRAKUMAR,8238221366,391121,Yes Bank Limited
+ BARIYA KAMLESHBHAI,9726904124,391120,Yes Bank Limited
+ BARIYA KISHANBHAI .,7863082355,391120,Indian Overseas Bank
+ BARIYA PARASOTMBHAI,6354338460,391120,India Post Payments Bank Limited
+ BARIYA RASHMIKA,7011212357,393150,India Post Payments Bank Limited
+ BARIYA SUNILKUMAR,9512357641,393151,India Post Payments Bank Limited
+ BHADRESH NARSINH VASAVA,9825163060,388135,State Bank of India
+ BHADURBHAI R,9687577061,393025,India Post Payments Bank Limited
+ BHAGAT C,9723935878,521433,Canara Bank
+ BHAGATSING S PADVI,9625988431,393025,India Post Payments Bank Limited
+ BHAILALBHAI BARIA,9879293711,391120,India Post Payments Bank Limited
+ BHAIYAT AABID ABDOOLAJIJ,7698097326,394115,Yes Bank Limited
+ BHAKTI AMBAVALE,8178470597,393050,India Post Payments Bank Limited
+ BHANDARI KANGANA KAUSHIKKUMAR,9998766938,393130,Yes Bank Limited
+ BHANESHKUMARDINUBHAIPARMAR,9879622046,393145,Indian Bank
+ BHANGABHAI S,9586934125,393025,India Post Payments Bank Limited
+ BHARATBHAI GOPALBHAI VASA,7984220624,393145,AXIS Bank Ltd.
+ BHARATSINH A VASAVA,9429677017,393040,HDFC Bank Ltd.
+ BHATT  YAMINIBEN,9173732756,393145,Fino Payments Bank Ltd.
+ BHATTI KARISHMABANU SHAKILKHAN,9904332006,393040,Fino Payments Bank Ltd.
+ BHATTI MOHMAD SAHIL,9099362279,393145,Fino Payments Bank Ltd.
+ BHATTI SHAKILKHAN MEHMUDHAMID,9662795069,393040,Fino Payments Bank Ltd.
+ BHAVESH PATEL,8469412456,393151,India Post Payments Bank Limited
+ BHAVIKA,9537909251,391120,India Post Payments Bank Limited
+ BHAVINKUMAR J PRAJAPATI,8780310219,391121,India Post Payments Bank Limited
+ BHENSANIYA ANIT GORDHANBHAI,9104935091,395001,Fino Payments Bank Ltd.
+ BHIL  ASHOKBHAI,9925131123,391120,Fino Payments Bank Ltd.
+ BHIL  BHUPATSINH,9712859591,393151,Yes Bank Limited
+ BHIL  CHANDRASHEKHAR,9638551760,393151,Fino Payments Bank Ltd.
+ BHIL  MEHULBHAI,6359271993,393151,Fino Payments Bank Ltd.
+ BHIL ASHOKBHAI,8347815147,391120,Yes Bank Limited
+ BHIL ASHVINBHAI,9016974873,391121,Yes Bank Limited
+ BHIL BABUBHAI,9726750300,393151,Fino Payments Bank Ltd.
+ BHIL DHIRAJKUMAR,9925675855,393151,Fino Payments Bank Ltd.
+ BHIL GAURANGKUMAR,7203851314,393151,Yes Bank Limited
+ BHIL GOPALBHAI AMBUBHAI,9726291627,393151,Yes Bank Limited
+ BHIL KAJALBEN,6355010047,391120,Yes Bank Limited
+ BHIL SACHINBHAI ALAKHAMBHAI,9328161179,393151,Yes Bank Limited
+ BHIL SAMIRBHAI,7202808135,391120,Yes Bank Limited
+ BHIL SUNILBHAI,9978415656,393151,Yes Bank Limited
+ BHIL THAKORBHAI,8238447001,391121,Yes Bank Limited
+ BHIL VIJAYBHAI,9924886630,391121,Yes Bank Limited
+ BHILAL BALUBHAI,8156023950,393151,India Post Payments Bank Limited
+ BHIMSINGBHAI RAMSINGBHAI VASAVA,9979386298,393040,Yes Bank Limited
+ BHIMSINGH H,9638617492,393025,India Post Payments Bank Limited
+ BHUPENDRABHAI RAMANBHAI TADVI,9081395728,393155,Yes Bank Limited
+ C A BARIYA,8178351204,393050,India Post Payments Bank Limited
+ CHANDA SHARMA,8200551191,393040,Yes Bank Limited
+ CHANDRASHEKHAR  BHIL,9510888254,393151,Bank of Baroda
+ CHAUDHARI CHHAGANIDEVI,9016037035,393040,Yes Bank Limited
+ CHAUHAN  YATISHKUMAR,7096897777,393145,Fino Payments Bank Ltd.
+ D C VASAVA,9737441918,393145,India Post Payments Bank Limited
+ D D VASAVA,9586811925,393050,India Post Payments Bank Limited
+ D H PATEL,9925653768,393145,India Post Payments Bank Limited
+ D J BARIYA,9879722028,393145,India Post Payments Bank Limited
+ D R PATEL,9427877007,393145,India Post Payments Bank Limited
+ D V PARMAR,9978493922,393050,India Post Payments Bank Limited
+ DAHYABHAI DALSUKHBHAI VASAVA,6359873696,393145,India Post Payments Bank Limited
+ DAMAHE SANJAY MANGAL,9327499949,393130,Yes Bank Limited
+ DARPANBHAI  PATEL,8758005055,393145,Bank of Baroda
+ DARPANBHAI PATEL,8160782457,391120,India Post Payments Bank Limited
+ DARSHANIBEN V,8469466261,393150,India Post Payments Bank Limited
+ DASHRATHBHAI  TADVI,9586945766,393130,Bank of Baroda
+ DEVENDRAKUMAR VASAVA,9913169972,393145,Bank of India
+ DHANANJAY SING B MAHIDA,8320914613,393145,India Post Payments Bank Limited
+ DHANKA  SANTOSHBHAI,6355584980,393050,Yes Bank Limited
+ DHARAMSING DIPSINGBHAI VASAVA,7621998370,393040,Yes Bank Limited
+ DHARMENDRA  KHATRI,6352235589,393041,Bank of Baroda
+ DHARMESHKUMAR  TADVI,7574840726,391120,Bank of Baroda
+ DHARMESHKUMAR K TADAVI,9586334766,391120,HDFC Bank Ltd.
+ DHIREN KUMAR  PRADHAN,8260811061,393010,Yes Bank Limited
+ DHORIPARAVEJKHAN SHAHBUDDIN DHORI,7575089146,391120,Fino Payments Bank Ltd.
+ DIGVIJAYSINGH B,7698644393,393151,India Post Payments Bank Limited
+ DILIP KUMAR S,9099733290,389350,India Post Payments Bank Limited
+ DILIPKUMAR CHHAGANBHAI VASAVA,9925004916,393040,Yes Bank Limited
+ DILIPKUMAR SOMABHAI TADVI,9427860451,393151,Yes Bank Limited
+ DINESH  TADVI,7016436947,393151,Bank of Baroda
+ DINESH BHAI,9537671781,393151,India Post Payments Bank Limited
+ DINESHBHAI KANJIBHAI VASAVA,9624347740,393125,Yes Bank Limited
+ DINESHBHAI NAGINBHAI PARMAR,6352876288,393145,AXIS Bank Ltd.
+ DIPAKBHAI  VASAVA,7874064898,393040,Bank of Baroda
+ DIPAKBHAI FATEHSING VASAVA,9687574175,393145,IndusInd Bank Limited
+ DIPALIBEN P,9426650293,393140,India Post Payments Bank Limited
+ DIPIKABEN,8178227642,393050,India Post Payments Bank Limited
+ DIPIKABEN  VASAVA,9512622824,393130,Bank of Baroda
+ DISHANTKUMAR  PATEL,9586675292,393145,Bank of Baroda
+ DIVYANG S,6353912106,393145,India Post Payments Bank Limited
+ DIVYESHKUMAR TADVI,9624018701,393151,Yes Bank Limited
+ DVIVEDI PUSHPENDRA SAMAYLAL,9998611283,393145,Yes Bank Limited
+ FALGUNI MAHENDRA BHAI,9354934526,393140,India Post Payments Bank Limited
+ FARHAD FIROJ JOGIYAT,9879197346,394115,Yes Bank Limited
+ FARUKH MAHMMAD CHAUHAN,8860116933,391120,India Post Payments Bank Limited
+ G K TADVI,8469754618,393145,India Post Payments Bank Limited
+ G M TADVI,9426081342,393040,India Post Payments Bank Limited
+ GAMBHIRBHAI  VASAVA,9409268177,392201,Bank of Baroda
+ GAMBHIRSING GIMALIYABHAI VASAVA,9712350080,393040,Yes Bank Limited
+ GAMIT TUKARAMBHAI VANKARBHAI,9327891744,393050,Yes Bank Limited
+ GANDHI KETANKUMAR ARVINDBHAI,8320406226,393151,Yes Bank Limited
+ GANESHBHAI PANCHAVARANAM MUPNAR,8469173727,393040,Yes Bank Limited
+ GANGABEN PRAVINBHAI VASAVA,9510832797,393050,Yes Bank Limited
+ GANPATKUMAR  CHAUDHARY,7742358020,393040,Yes Bank Limited
+ GANVIT SHITALBEN,8851121246,393050,India Post Payments Bank Limited
+ GAURANGKUMAR RASIKBHAI BARIYA,9712468329,393145,India Post Payments Bank Limited
+ GAURAVKUMAR VASAVA  RAMDASHBHAI VASAVA,9106183093,393025,Bank of Baroda
+ GHORI  AKHTARHUSHEN,9737463269,391121,Fino Payments Bank Ltd.
+ GIMBHABHAI N,9023600610,393151,India Post Payments Bank Limited
+ GOND NIRAJ RAJESHKUMAR,7600325564,393040,Yes Bank Limited
+ GOSWAMI PARTHGIRI KAMALESHGIRI,9173602088,393145,India Post Payments Bank Limited
+ GOVINDBHAI  TADVI,9638543586,393150,Bank of Baroda
+ GOVINDBHAI U,9106352490,521524,Canara Bank
+ GUNVANTBHAI  VASAVA,6353228769,393041,Bank of Baroda
+ GUPTA RAMABEN  RAMABEN,7043532724,393040,Yes Bank Limited
+ GURAV SANDEEPBHAI TULSIRAM,9998295969,393040,Fino Payments Bank Ltd.
+ GURJAR SUKHDEV,8758453855,393135,Yes Bank Limited
+ GURJIBHAI S,8980111560,393025,India Post Payments Bank Limited
+ H B BARIYA,9978134757,393041,India Post Payments Bank Limited
+ H B PATEL,7874061624,393145,India Post Payments Bank Limited
+ H C VASAVA,8141399662,393145,India Post Payments Bank Limited
+ H D VASAVA,9016078845,393040,India Post Payments Bank Limited
+ H K THAKUR,9714842328,393040,India Post Payments Bank Limited
+ H M KATRI,9625987622,393145,India Post Payments Bank Limited
+ HARDIK  S,8178399567,393040,India Post Payments Bank Limited
+ HARDIKBHAI  VASAVA,8154932363,392201,Bank of Baroda
+ HARDIKKUMAR CHAUHAN,9408552525,393040,AXIS Bank Ltd.
+ HARENDRASINH RANJITSINH GOHEL,9909238595,393145,Fino Payments Bank Ltd.
+ HARISHBHAI  VASAVA,9723369009,393041,Bank of Baroda
+ HARISINGBHAI,9426216362,393040,AXIS Bank Ltd.
+ HARIVADANBHAI UKKADBHAI TAVDI,8758375976,393155,State Bank of India
+ HARSHADBHAI  BARIYA,9727112136,393145,Bank of Baroda
+ HARSHADBHAI BHURABHAI,9726485019,393040,India Post Payments Bank Limited
+ HASMUKHBHAI M,8980150560,393140,India Post Payments Bank Limited
+ HELAN V,8469240765,393140,India Post Payments Bank Limited
+ HEMANTKUMAR VASAVA  JERAMSINGBHSI VASAVA,9726578445,393025,Bank of Baroda
+ HEMAXIBEN AMBUBHAI  VAGHELA,9909766079,393145,Bank of Baroda
+ HEMRAJSINH NARENDRASINH SURATIYA,8347113873,391120,India Post Payments Bank Limited
+ HENAL I PRAJAPATI,9725131324,391120,India Post Payments Bank Limited
+ HIMALKUMAR KANCHANBHAI BARIA,9106066934,391120,India Post Payments Bank Limited
+ HIMANSU CHANDRAKANT PATHAK,9723230750,393151,State Bank of India
+ HIRAL R RATHOD,9512015995,385545,India Post Payments Bank Limited
+ HITENDRA VASAVA,9712043053,393145,State Bank of India
+ HITESHBHAI JAYSINGHBHAI VALVI,9638742329,393050,State Bank of India
+ HITESHKUMAR  TADVI,9586091870,393130,Bank of Baroda
+ HUPSINGBHAIDAVJIBHAI  VASAVA,9712819791,393050,Bank of Baroda
+ ILFANKHAN  MALEK,9909895768,391150,Bank of Baroda
+ INDRA SINGH A,8469860427,393150,India Post Payments Bank Limited
+ INDRAJITSINH U  AMBALIYA,9726577918,393145,Bank of Baroda
+ INDUBEN J VASAVA,9512229805,393040,India Post Payments Bank Limited
+ INESHBHAI  VASAVA,9586340461,393040,Bank of Baroda
+ IRFAN AIYUB IBRAHIM KOTAR,9725136265,394115,Yes Bank Limited
+ IRFAN SULEMAN VADIA,7623887968,394115,Yes Bank Limited
+ ISHWAR PRATAP SINGH,9588858268,393145,Yes Bank Limited
+ J A BHAGATH,9924101619,393040,India Post Payments Bank Limited
+ J B PHATAK,9428477090,393145,India Post Payments Bank Limited
+ J C BHARIA,9978233634,393145,India Post Payments Bank Limited
+ J C VANKAR,8238418135,393145,India Post Payments Bank Limited
+ J Z,9727128965,393130,India Post Payments Bank Limited
+ JADAV SAMIR ABBASHBHAI,8141077786,392110,Fino Payments Bank Ltd.
+ JADAV SATTARBHAI SULTAN,9925364764,392110,Fino Payments Bank Ltd.
+ JAGADISHBHAI R,7874457117,393025,India Post Payments Bank Limited
+ JAGADISHBHAI Z,9979401160,393151,India Post Payments Bank Limited
+ JAIMINBHAI  BARIYA,9537908429,393130,Bank of Baroda
+ JANAK BHAI D DEGAMA,7567776209,393040,India Post Payments Bank Limited
+ JANAKSINGH  H PARMAR,9873268218,393151,India Post Payments Bank Limited
+ JANKI M PUROHIT,7567021501,393140,India Post Payments Bank Limited
+ JASHUBEN SANDIPBHAI VASAVA,7069515572,393130,Yes Bank Limited
+ JASHUBHAI MAHESHBHAI TADVI,8141001778,393145,State Bank of India
+ JATINKUMAR PRATAPSINH DESHMUKH,7203818449,393040,Yes Bank Limited
+ JAVANA RAM,9313204019,393040,Yes Bank Limited
+ JAYDIPBHAI NAVJIBHAI VASAVA,7567329257,393130,Yes Bank Limited
+ JAYENDRABHAI VASAVA,9429939929,393041,State Bank of India
+ JAYESHKUMAR  VASAVA,9726334889,392201,Bank of Baroda
+ JAYSUKHBHAI K VASAVA,7069495593,393145,Fino Payments Bank Ltd.
+ JAYVANTKUMAR KARSHANBHAI VASAVA,7490967223,393135,Yes Bank Limited
+ JENAB  KATHAWALA,9904399751,393041,Bank of Baroda
+ JIGARKUMAR MAKWANA,9313904790,391810,India Post Payments Bank Limited
+ JIGNESHKUMAR VASAVA,6351842344,393040,Yes Bank Limited
+ JITENDRA RAMDAHIN PASVAN,9106325291,394115,Yes Bank Limited
+ JITENDRA SINGH,8160410278,393010,Yes Bank Limited
+ JITENDRABHAI C TADVI,9727847991,393151,Bank of Baroda
+ JITESHBHAI BARIA,9099628087,391120,India Post Payments Bank Limited
+ JOGI  ANILKUMAR,8799382993,393151,Fino Payments Bank Ltd.
+ JOSHI AISHWARYA,7016341744,393151,India Post Payments Bank Limited
+ JYOTHIBEN C ZALA,9512820948,393151,India Post Payments Bank Limited
+ K A PARMAR,9586921229,393025,India Post Payments Bank Limited
+ K K KHANT,9714538347,391780,India Post Payments Bank Limited
+ K K PADRIA,9979122737,391120,India Post Payments Bank Limited
+ K M PATEL,7574892651,393150,India Post Payments Bank Limited
+ K N RATHOD,7069203391,393040,India Post Payments Bank Limited
+ K R TADVI,9904355490,393155,India Post Payments Bank Limited
+ KABHAISINH SOLANKI,9913409550,391120,India Post Payments Bank Limited
+ KAJALBEN VITHHALBHAI VASABA,9512953974,393140,State Bank of India
+ KALAL TAPAS RAMESHBHAI,9913213632,393145,India Post Payments Bank Limited
+ KALPKUMAR M SHAH,9173443727,391120,India Post Payments Bank Limited
+ KANTHIBHAI S,9913912087,393151,India Post Payments Bank Limited
+ KANTILAL KARAMSING VASAVA,6353757666,380005,State Bank of India
+ KANUBHAI THAKORBHAI PATEL,9723519234,393030,Fino Payments Bank Ltd.
+ KAPILBHAI YASHAVANTBHAI NAIK,9673541627,393025,Yes Bank Limited
+ KASHIRAM R VASAVA,9537377542,393050,India Post Payments Bank Limited
+ KATHAWALA TOSIF,9904399701,393040,Yes Bank Limited
+ KAUSHALBHAI  CHHAGANBAI,9712534203,393025,Bank of Baroda
+ KETAN GIRISHBHAI MACHHI,8860113595,391120,India Post Payments Bank Limited
+ KEYUR,9173179493,393145,India Post Payments Bank Limited
+ KHATRI MAHMADAKIL YAKUBBHAI,9624366809,393130,Yes Bank Limited
+ KHATRI SOHILAHMED,9727970412,393130,Yes Bank Limited
+ KHUNT GAURAV MUKESHBHAI,8200069952,393040,India Post Payments Bank Limited
+ KIRANBHAI JITUBHAI VASAVA,7567613379,392201,Bank of Baroda
+ KIRANBHAI RUPSINGBHAI VASAVA,9925407380,802603,Punjab National Bank
+ KIRANKUMAR  VASAVA,8758414220,392201,Bank of Baroda
+ KIRIT KUMAR T THAKOR,9714518945,393145,India Post Payments Bank Limited
+ KIRTHI J PATEL,8000785275,393151,India Post Payments Bank Limited
+ KISHANKUMAR RAMESHBHAI VASAVA,9904602154,393040,Yes Bank Limited
+ KOLI MUKESHKUMAR ASHOKBHAI,7567504147,393025,Yes Bank Limited
+ KOTIDASBHAI KISHANBHAI VASAVA,7622005830,393050,Yes Bank Limited
+ KRISHNABEN D VASAVA,7874127327,393151,India Post Payments Bank Limited
+ KRUPAL BHATT,8178213642,393040,India Post Payments Bank Limited
+ KRUPALI N,8851133864,393145,India Post Payments Bank Limited
+ KUMANSINGBHAI  VASAVA,9426076683,392201,Bank of Baroda
+ KUNDANBHAI  VASAVA,9586326726,393050,Bank of Baroda
+ KURESHI MOHAMAD MOFIZ,9737389347,393145,Fino Payments Bank Ltd.
+ KUSHAVA ASVANI KAILASHSINGH,8469011846,393040,Fino Payments Bank Ltd.
+ LALJIBHAI M RABARI,9978125258,393025,India Post Payments Bank Limited
+ LAXMANBHAI MOHANBHAI TADVI,8980055727,393145,India Post Payments Bank Limited
+ M C GHOIL,7435850536,393145,India Post Payments Bank Limited
+ M F VASAVA,9409362608,393145,India Post Payments Bank Limited
+ M K BARIYA,8347344797,393145,India Post Payments Bank Limited
+ M L VASAVA,8469850433,393041,India Post Payments Bank Limited
+ M N VASAVA,9099798660,393040,India Post Payments Bank Limited
+ M R BARIA,8160166330,393155,India Post Payments Bank Limited
+ M S VAGHELA,9624677432,393050,India Post Payments Bank Limited
+ MAHANMADAJAZ  KURESHI,8849244751,393145,Bank of Baroda
+ MAHENDRA  VASAVA,8141802064,393050,Bank of Baroda
+ MAHENDRA KUMAR,9727155743,393041,India Post Payments Bank Limited
+ MAHENDRABHAI HIRAL,9737500565,393025,India Post Payments Bank Limited
+ MAHENDRASINGH RAJPUROHIT,9327862103,393010,Yes Bank Limited
+ MAHESHBHAI R,9638145425,394190,India Post Payments Bank Limited
+ MAHESHBHAI RAMJIBHAI VASAVA,9723081892,393040,Yes Bank Limited
+ MAHESHKUMAR  VASAVA,6354786911,392201,Bank of Baroda
+ MAHESHKUMAR TADAVI,9537377655,393041,Yes Bank Limited
+ MAHMADRAIS  KHATRI,9898746500,393130,Yes Bank Limited
+ MAHMMEDZAKARIYA FAZALEHMED KHATRI,8511000954,393130,Yes Bank Limited
+ MAKBULKHAN,9913911800,391120,India Post Payments Bank Limited
+ MAKVANA SURESHBHAI,9726137711,393145,Kotak Mahindra Bank Limited
+ MALEK JAINULAABEDIN,7698904266,391120,Fino Payments Bank Ltd.
+ MALI  POOJA,6354201771,393040,Yes Bank Limited
+ MANHARBHAI BHIL,9909517506,391120,AXIS Bank Ltd.
+ MANIKBHAI B,9313079857,393140,India Post Payments Bank Limited
+ MANIYAR  JAFARAHEMAD,8980066371,393145,Fino Payments Bank Ltd.
+ MANIYAR  TAHIRHUSEN,9157020269,393145,Fino Payments Bank Ltd.
+ MANOJ B BARIYA,9879400571,393145,India Post Payments Bank Limited
+ MANSI V PRAJAPATHI,7990993171,393151,India Post Payments Bank Limited
+ MAULIK M,8586989775,393040,India Post Payments Bank Limited
+ MAULIK PATEL,8866212996,393040,India Post Payments Bank Limited
+ MAYUR KUMAR J,8347072491,393040,India Post Payments Bank Limited
+ MAYURKUMAR DHARMENDRABHAI VASAVA,6354108504,393130,Punjab National Bank
+ MEHUL KUMAR VASVA,8000817749,393050,State Bank of India
+ MEHULKUMAR  BARIYA,7984386103,393130,Bank of Baroda
+ MEMAN RUJEF MAHAMAD RAFIK,9724386744,393025,Yes Bank Limited
+ METRA RADHIKA  VASHRAMBHAI,9316727487,393145,Canara Bank
+ MINAXI,9354934533,393145,India Post Payments Bank Limited
+ MINAXIBEN SOMABHAI VASAVA,7622916077,393040,Yes Bank Limited
+ MINSARIYA RIYAZHUSEN ASGARALI,9427930300,393040,Fino Payments Bank Ltd.
+ MITESH J PARMAR,8368769246,393151,India Post Payments Bank Limited
+ MITESHKUMAR  PATEL,9574064364,393145,Bank of Baroda
+ MITESHKUMAR NATVARLAL TADVI,9537917073,393145,HDFC Bank Ltd.
+ MOHADAAMIN  CHAUHAN,9316049608,391121,Fino Payments Bank Ltd.
+ MOHAMEDNAEEM IBRAHIM JOGIYAT,9909101727,394115,Yes Bank Limited
+ MOHAMMAD NADEEM,8155817589,393050,India Post Payments Bank Limited
+ MOHINABEN TADVI,9067535551,393151,Yes Bank Limited
+ MOHIT KUMAR,7011593357,393025,India Post Payments Bank Limited
+ MOSIRKHAFIROJKHA  MALEK,9737818922,393130,Bank of Baroda
+ MUKESH BHAI,8368458357,393145,India Post Payments Bank Limited
+ MUKESHBHAI  VASAVA,9726862050,393040,Bank of Baroda
+ MUKESHBHAI PANCHIYABHAI VASAVA,9376699341,393040,Yes Bank Limited
+ MUKESHBHAI VASAVA,9712463007,393050,State Bank of India
+ MURTUJA MOHAMMED KHALIL FAJALI,6352466857,394115,Yes Bank Limited
+ N C VASAVA,9408262185,393040,India Post Payments Bank Limited
+ N M VASAVA,8758910331,393041,India Post Payments Bank Limited
+ NAIK  PAVANBHAI,8141903473,393025,Yes Bank Limited
+ NANUBHAI G,9427336354,393040,India Post Payments Bank Limited
+ NARENDRA  BARIYA,9638712823,391120,Bank of Baroda
+ NARENDRASINGH H,9714163139,393140,India Post Payments Bank Limited
+ NARESHBHAI  TADVI,9904463254,393151,Bank of Baroda
+ NARESHBHAI  VASAVA,9824452073,393040,Bank of Baroda
+ NARESHBHAI  VASAVA,9429537062,393040,Bank of Baroda
+ NARESHBHAI AMRUTBHAI TADVI,9537793940,393155,State Bank of India
+ NARESHBHAI SOMABHAI VASAVA,9574245626,393040,Fino Payments Bank Ltd.
+ NARVAT BHAI,9428968051,393145,India Post Payments Bank Limited
+ NEHA PATEL,9879517009,391530,India Post Payments Bank Limited
+ NEHABEN ISHWARBHAI,8287026806,393140,India Post Payments Bank Limited
+ NESDIYA  RAJU,9913305044,394101,Fino Payments Bank Ltd.
+ NILAMBEN JAYANTHILAL,8160161461,393151,India Post Payments Bank Limited
+ NILESH  VASAVA,8156027683,393050,Bank of Baroda
+ NILESH CHATURBHAI,8178532732,393151,India Post Payments Bank Limited
+ NILESH R,9979643327,393001,India Post Payments Bank Limited
+ NILESHBHAI  VASAVA,9537665030,392201,Bank of Baroda
+ NILESHBHAI MAGANBHAI VASAVA,7069707120,393025,Yes Bank Limited
+ NILESHKUMAR  VASAVA,9537642623,393041,Bank of Baroda
+ NIMESHKUMAR  PATEL,9427465788,393145,Bank of Baroda
+ NIMSINGBHAI MAKTABHAI VASAVA,6354429948,393040,Yes Bank Limited
+ NIRAJ KUMAR,8140638834,393151,India Post Payments Bank Limited
+ NIRANJANABEN KANTILAL VASAVA,8128948835,388255,IDBI Bank Limited
+ NIRAVKUMAR  VASAVA,9727898481,393041,Bank of Baroda
+ NIRMALA DHARMENDRA KHATRI,7203844136,393041,Punjab National Bank
+ NIRMALKUMAR VASAVA,9726009903,393025,State Bank of India
+ NISAD BHIKAMSINH CHAUDHARISINH,9723628425,393040,Yes Bank Limited
+ NITESHBHAI GULABSINGBHAI VALVI,8320767997,393025,Yes Bank Limited
+ NITINKUMAR DILIPBHAI PATEL,8140173908,391120,India Post Payments Bank Limited
+ NITINKUMAR ISHWARBHAI TADVI,9727950906,393155,State Bank of India
+ P A,9726080916,393130,India Post Payments Bank Limited
+ P K GOHIL,8078959350,393151,India Post Payments Bank Limited
+ P M PATEL,9726577904,393145,India Post Payments Bank Limited
+ PADVI CHETANBHAI LALSING,8849773614,393025,Yes Bank Limited
+ PADVI JAYESHBHAI,9313250317,393025,Yes Bank Limited
+ PADVI KEYURBHAI,9016579200,393025,Yes Bank Limited
+ PADVI PANKAJ  RAMESHCHANDRA,9106796264,393025,Bank of Baroda
+ PADVI S P,9081447806,393151,India Post Payments Bank Limited
+ PADVI SAVAN,8160905460,393025,India Post Payments Bank Limited
+ PADVI YOGESHKUMAR,7698844952,393025,Yes Bank Limited
+ PAINTER  KANAIYALAL,9825974650,393145,Bank of Baroda
+ PAINTER KANAIYALAL,9879390742,393145,AXIS Bank Ltd.
+ PANCHOLI  ASHISHKUMAR,9909979345,393145,Fino Payments Bank Ltd.
+ PANCHOLIVIJAYBHAI KANCHANBHAI ......,7016960304,393145,Fino Payments Bank Ltd.
+ PANDI PANJAVRNAM MUPPANAR,8153891006,393040,Yes Bank Limited
+ PANKAJBHAI RAMESHBHAI VASAVA,7016837576,393115,Yes Bank Limited
+ PANKAJKUMAR ASHOKBHAI VASAVA,7284015367,393040,Fino Payments Bank Ltd.
+ PANKAJKUMAR RAMEHCHANDRA PADVI,7069275136,393025,Yes Bank Limited
+ PARESH KUMAR NARANBHAI,9625987380,393025,India Post Payments Bank Limited
+ PARESHBHAI  VASAVA,9727672752,393041,Bank of Baroda
+ PARESHBHAI VASAVA,7698065018,393140,State Bank of India
+ PARGNESHKUMAR RAMI,9427116260,393145,Paytm Payments Bank Limited
+ PARMAR  JAYENDRAKUMAR,9429888864,393041,Yes Bank Limited
+ PARMAR KARANSINH,8140904973,393151,India Post Payments Bank Limited
+ PARMAR KETHAN KUMAR,8586994428,393150,India Post Payments Bank Limited
+ PARSHOTTAMBHAI,9909355709,391120,India Post Payments Bank Limited
+ PARTH,6352308038,391121,India Post Payments Bank Limited
+ PARTH KANUBHAI,8287026361,393025,India Post Payments Bank Limited
+ PARTH KUMAR,8287025606,393140,India Post Payments Bank Limited
+ PARTH KUMAR,8141678545,393150,India Post Payments Bank Limited
+ PARTH KUMAR PRAVIN BHAI,8287025935,393145,India Post Payments Bank Limited
+ PATEL  ROHITBHAI,9979396597,393145,Fino Payments Bank Ltd.
+ PATEL ADILBHAI AIYUBBHAI,9016746191,392140,Fino Payments Bank Ltd.
+ PATEL DHRUVKUMAR MANAHARBHAI,6354529982,393040,Yes Bank Limited
+ PATEL ILESHBHAI,7046772227,393145,Fino Payments Bank Ltd.
+ PATEL JITENDRABHAI,9726559919,393040,Yes Bank Limited
+ PATEL MILIN SUNILBHAI,9537351208,393120,Yes Bank Limited
+ PATEL NILESHKUMAR JETHABHAI,9898410656,392035,Yes Bank Limited
+ PATEL RONAK KUMAR,8980544030,393050,India Post Payments Bank Limited
+ PATEL SHRADDHABEN,8347856148,393050,India Post Payments Bank Limited
+ PATEL SUNNYKUMAR HASHMUKHBHAI,9638267108,393040,Yes Bank Limited
+ PATEL TINUBEN,9328336695,393040,Yes Bank Limited
+ PATEL TRUSHARBHAI,9974670751,393145,Fino Payments Bank Ltd.
+ PATHAN  SEBAJ,9913286041,393145,Fino Payments Bank Ltd.
+ PATHAN ASIFKHAN ABDULHAMIDKHAN,9265302570,393040,Fino Payments Bank Ltd.
+ PAYALIBEN  VASAVA,7359769172,393040,Bank of Baroda
+ PINKESH K CHIRODIYA,9033894993,393025,India Post Payments Bank Limited
+ PINKI PATEL,6351566193,393145,India Post Payments Bank Limited
+ POHALIYA BHAI,9979610186,393050,India Post Payments Bank Limited
+ POOJABEN  NISHAD,6352184561,393145,Bank of Baroda
+ PRADEEP KUMAR,7202873352,393145,India Post Payments Bank Limited
+ PRADEEP KUMAR,8287026074,391110,India Post Payments Bank Limited
+ PRADIP  VASAVA,9537605362,393040,Bank of Baroda
+ PRADIP HARJIBHAI TADVI,8200850387,393151,Fino Payments Bank Ltd.
+ PRADIPKUMAR  DASHRATHBHAIVASAVA,7567680032,393050,Bank of Baroda
+ PRAFUL BHAI M,8851138086,393145,India Post Payments Bank Limited
+ PRAGNYABEN R,7984399337,393151,India Post Payments Bank Limited
+ PRAJAPATI MIHIRKUMAR ASHVINBHAI,8595943474,391120,India Post Payments Bank Limited
+ PRAKASH KUMAR,8178087357,393040,India Post Payments Bank Limited
+ PRAKASHBHAI  VASAVA,9408551529,393145,Bank of Baroda
+ PRAKASHBHAI  VASAVA,8347856947,393040,Bank of Baroda
+ PRAKASHBHAI GOVALIYABHAI VASAVA,9727902959,393050,State Bank of India
+ PRAKASHBHAI ISHWARBHAI VASAVA,9913289581,393041,State Bank of India
+ PRAKASHBHAI NARSINHBHAI VASAVA,9537745267,393130,Yes Bank Limited
+ PRAKASHKUMAR BHARATBHAI VASAVA,7621827326,393140,Yes Bank Limited
+ PRAMODBHAI  VASAVA,9979363826,393025,Bank of Baroda
+ PRAMODKUMAR  YADAV,9998912888,392140,Fino Payments Bank Ltd.
+ PRASHANTH S VASAVA,8178393642,393040,India Post Payments Bank Limited
+ PRAVEENBHAI K,9979174347,393025,India Post Payments Bank Limited
+ PRAVIN KUMAR PATEL,9687867718,391120,India Post Payments Bank Limited
+ PRAVINBHAI VIJAYBHAI VASAVAVIJAYBHAI VASAVA,9727607538,393145,Canara Bank
+ PRITAMBHAI RAMSING VASAVA,7359471283,393025,Bank of Baroda
+ PRITESHBHAI  DARJI,7698422433,393150,Bank of Baroda
+ PRIYANKA CHANDULAL JADAV,9664970612,391120,India Post Payments Bank Limited
+ PURNIMA P RANA,9662035518,393040,India Post Payments Bank Limited
+ PUSHPABEN  VASAVA,9512508462,393041,Bank of Baroda
+ PUSHPENDRASINGH R,9429186953,393140,India Post Payments Bank Limited
+ R B BARIA,9099208849,394160,India Post Payments Bank Limited
+ R G VASAVA,9723996405,393040,India Post Payments Bank Limited
+ R L TADVI,8980632494,393155,India Post Payments Bank Limited
+ R M MANSURI,9978287580,393040,India Post Payments Bank Limited
+ RABAARI LALJIBHAI,9726178570,391120,Yes Bank Limited
+ RAHUL J PARMAR,9904481387,391120,India Post Payments Bank Limited
+ RAHUL KUMAR,9574519993,393140,India Post Payments Bank Limited
+ RAHUL KUMAR G,8287026057,393040,India Post Payments Bank Limited
+ RAHULKUMAR VASAVA,6352153819,393040,IndusInd Bank Limited
+ RAHULKUMAR VASAVA,8511901536,393041,State Bank of India
+ RAJ MAYURBHAI PRATAPBHAI,9978225795,392140,Fino Payments Bank Ltd.
+ RAJDIPSINH THAKOR,9624135122,393050,India Post Payments Bank Limited
+ RAJENDRABHAI AMRUTRAJ TAVDI,9925427675,393155,State Bank of India
+ RAJESH BHAI,9408027321,393040,India Post Payments Bank Limited
+ RAJESHBHAI SAHNKARBHAI VASAVA,9537225195,393040,Yes Bank Limited
+ RAJESHKUMAR KARSHANBHAI TADVI,9979396586,393151,Fino Payments Bank Ltd.
+ RAJIVKUMAR JUGALKISHOR VAJIR,7878438383,395001,Fino Payments Bank Ltd.
+ RAJNIKANT JAYESHKUMAR VARDE,9737308673,393125,Yes Bank Limited
+ RAJPUT VIKRAMSINH PREMSINH,9909690201,393130,Yes Bank Limited
+ RAJUBHAI RAMUBHAI VASAVA,9712323319,393050,Yes Bank Limited
+ RAKESHBHAI  BHIL,6355352351,393130,Bank of Baroda
+ RAKESHBHAI JAMSHUBHAI VASAVA,8980288209,393130,Yes Bank Limited
+ RAKESHBHAI NARANBHAI TADVI,7285071376,393145,Yes Bank Limited
+ RAKESHBHAI NATUBHAI VASAVA,9727360449,393130,Yes Bank Limited
+ RAMAN BHAI,9574775057,393040,India Post Payments Bank Limited
+ RAMANBHAI  MACHHI,9879171023,393145,Bank of Baroda
+ RAMESH KUMAR YADAV,8651814486,393040,India Post Payments Bank Limited
+ RAMESHBHAI  VASAVA,7046571636,392201,Bank of Baroda
+ RAMESHBHAI M,6353279834,380001,India Post Payments Bank Limited
+ RAMESHKUMAR DEEPCHAND CHOUDHARY,9998899365,392140,Fino Payments Bank Ltd.
+ RAMPRASAD  BHIL,7874638534,391150,Bank of Baroda
+ RANA DIVYARAJSINH,9974210998,393145,Yes Bank Limited
+ RANJIT  VASAVA,9099823678,393050,Bank of Baroda
+ RANJITBHAI  BHIL,9714167600,393151,Bank of Baroda
+ RANJITBHAI VASAVA,8160255954,393040,Yes Bank Limited
+ RASID AHAMAD UNIYA,9023822618,394115,Yes Bank Limited
+ RASIK M,9909713869,393150,India Post Payments Bank Limited
+ RASIKBHAI  C,9712085435,393151,India Post Payments Bank Limited
+ RATHOD  ARBAZKHAN,8141508502,391120,Fino Payments Bank Ltd.
+ RATHOD  MOHAMADAJRUDEEN,9265685461,391120,Fino Payments Bank Ltd.
+ RATHOD  RIYAJKHAN,7359470134,391120,Fino Payments Bank Ltd.
+ RATHOD ANJNA GHANSHYAMBHAI,9725473054,393145,Canara Bank
+ RATHVA  SANJAYKUMAR,9979294754,393151,Yes Bank Limited
+ RATHVA DHARAMSING YUVRAJ,9825662130,393025,Fino Payments Bank Ltd.
+ RATILAL BHAI BARIYA,9726741840,391120,India Post Payments Bank Limited
+ RAVI CHAUDARY,8439402236,393050,India Post Payments Bank Limited
+ RAVIBHAI MADHAVBHAI GADHIYA,7567574398,393130,Yes Bank Limited
+ RAVINDRABHAI VASAVA,9712855046,393140,State Bank of India
+ RAVINDRAKUMAR MANSINH PARMAR,8320777037,393010,Yes Bank Limited
+ RAXITKUMAR  VASAVA,6353296761,393040,Bank of Baroda
+ REVADAS VASAVA,9879197615,391120,India Post Payments Bank Limited
+ RINKESH KUMAR,8287024641,393025,India Post Payments Bank Limited
+ RISHIKUMAR  PATEL,9265437361,393145,Bank of Baroda
+ RIYAZMAHAMAD  RATHOD,9913952534,391120,Bank of Baroda
+ RIZVAN USMANBHAI TOPIA,9879497337,394115,Yes Bank Limited
+ ROHIT  JAGADISHBHAI,9825982263,391120,Fino Payments Bank Ltd.
+ ROHIT KUMAR,8758113617,393050,India Post Payments Bank Limited
+ ROHITKUMAR  VASAVA,6352125633,393040,Bank of Baroda
+ ROSANKUMAR VASAVA,9913180113,393140,State Bank of India
+ RUPESHKUMAR,8140107844,360530,HDFC Bank Ltd.
+ RUSHABHKUMAR CHUNILALBHAI VASAVA,8141603115,393040,Yes Bank Limited
+ RUSHIKKUMAR SARJITSINH CHAUHAN,9427330621,393040,Yes Bank Limited
+ RUSHIPRASHAD  TADVI,7285869394,393151,Bank of Baroda
+ S A,7698359493,393130,India Post Payments Bank Limited
+ S B BARIA,8758511151,391120,India Post Payments Bank Limited
+ S D,9624401415,393130,India Post Payments Bank Limited
+ S M VAVLI,9712018358,393050,India Post Payments Bank Limited
+ S N TADVI,9925883780,393155,India Post Payments Bank Limited
+ SACHIN,9170077651,285121,Yes Bank Limited
+ SACHINBHAI ARVINDBHAI VASAVA,9737911667,393135,Yes Bank Limited
+ SAH  AMIT KUMAR SHYAMKUMAR,8200125771,393010,Yes Bank Limited
+ SAHAJ HITENDRABHAI,9824582132,393040,India Post Payments Bank Limited
+ SAJANKUMAR GANESHBHAI VASAVA,8238344507,393025,Yes Bank Limited
+ SAKIR RASID AHMAD UNIYA,7016018459,394115,Yes Bank Limited
+ SALI RAHULBHAI,8511735443,393025,Yes Bank Limited
+ SAMIR  MEMAN,9327271156,393130,Yes Bank Limited
+ SAMOJIYA BHAI,7990136688,393050,India Post Payments Bank Limited
+ SAMUJIYA BHAI,9625988023,393050,India Post Payments Bank Limited
+ SANDEEPKUMAR PANCHAL,7226813999,393145,Yes Bank Limited
+ SANDESH,9726803137,393151,India Post Payments Bank Limited
+ SANDIPBHAI  VASAVA,9737952441,393040,Bank of Baroda
+ SANDIPBHAI  VASAVA,9428453645,393040,Bank of Baroda
+ SANGAM LAL GUPTA,9712630794,393040,Yes Bank Limited
+ SANJAY BHAI K,9737230987,393040,India Post Payments Bank Limited
+ SANJAYKUMAR  VASAVA,8849007858,393130,Yes Bank Limited
+ SANJAYNISHAD SANJAYNISHAD,8511896260,393040,AXIS Bank Ltd.
+ SANTOKI KAUSHIK,8160575900,391165,India Post Payments Bank Limited
+ SANTOSH KUMAR JAISWAL,7874398042,393010,Yes Bank Limited
+ SANTOSHBHAI CHHAGANBHAI VASAVA,9586930384,393050,Bank of Baroda
+ SANTOSHKUMAR UDAY CHAUDHARY,9998174413,393010,Yes Bank Limited
+ SARFARAJ IKBALL PATEL,9106830820,392040,Fino Payments Bank Ltd.
+ SAROJBEN VASAVA,9537699798,393140,State Bank of India
+ SARVESHBHAI ANJUBHAI VASAVA,9586150003,393025,Bank of Baroda
+ SATISHKUMAR GIMLABHAI VASAVA,9624814862,393040,Yes Bank Limited
+ SAYALBHAI VAJARIYABHAI VASAVA,9978126610,393050,Yes Bank Limited
+ SAYRABEN  VASAVA,8154037544,393041,Bank of Baroda
+ SELOT SUNILKUMAR,9537898566,393145,Kotak Mahindra Bank Limited
+ SHAH  ANKITKUMAR,7698478957,393140,Fino Payments Bank Ltd.
+ SHAH ANKITKUMAR PRAVINBHAI,9558152635,393140,HDFC Bank Ltd.
+ SHAILESH BHAI,9909817710,393151,India Post Payments Bank Limited
+ SHAILESHBHAI  TADVI,9978116374,393130,Bank of Baroda
+ SHAILESHBHAI F,8154028181,393130,India Post Payments Bank Limited
+ SHAILESHBHAI VASAVA,9913986568,393040,Yes Bank Limited
+ SHANKARBHAI  BHIL,9016679316,391150,Bank of Baroda
+ SHANKARBHAI K,8980424893,393140,India Post Payments Bank Limited
+ SHANTI HITESHKUMAR MALI,7069998009,393040,Yes Bank Limited
+ SHARDABENVASAVA KAILASHBHAIVASAVA,9537239310,251201,Canara Bank
+ SHIVANI KUMARI A,9625987957,393150,India Post Payments Bank Limited
+ SHOBHANABEN  VASAVA,8238134425,393145,Fino Payments Bank Ltd.
+ SHRAVANBHAI N,6351094047,393151,India Post Payments Bank Limited
+ SHRUTIBEN PATEL,7265851092,393145,India Post Payments Bank Limited
+ SINDHVA CHETAN,9574193198,393140,India Post Payments Bank Limited
+ SITA UDAYLAL PAREEK,7507252527,393025,Yes Bank Limited
+ SITARAM MEENA,8769418692,393151,India Post Payments Bank Limited
+ SMITABEN R VASAVA,9625988932,393040,India Post Payments Bank Limited
+ SOBHANABEN DADUBHAI VASAVA,9978209428,393140,Union Bank of India
+ SOLANKI  NISHANTKUMAR,9712010215,393145,Fino Payments Bank Ltd.
+ SOLANKI BHAVESH NAVIN BHAI,9662364336,393145,Yes Bank Limited
+ SOMANBHAI K,9913978713,393151,India Post Payments Bank Limited
+ SONALBEN  VASAVA,9978154809,393145,Fino Payments Bank Ltd.
+ SONALBEN MANGABHAI VASAVA,7069792730,393140,Union Bank of India
+ SONAVANE HIMANSHU VIJAYBHAI,9586900757,393151,Fino Payments Bank Ltd.
+ SUBHASHBHAI  BHIL,8153980021,391150,Bank of Baroda
+ SUDAM YADAV,8200529174,394115,Yes Bank Limited
+ SULAKSHANABEN ANILBHAI VASAVA,7984166161,393145,Fino Payments Bank Ltd.
+ SULAKSHANABEN VASAVA,9409938499,250623,Canara Bank
+ SUMITRABEN BHAGAT,8238172119,393140,State Bank of India
+ SUNILBHAI PIRSINGABHAI VALVI,8320729366,393025,Yes Bank Limited
+ SUNILBHAI VASANATBHAI VASAVA,9978100321,393050,Bank of Baroda
+ SUNILKUMAR  BARIA,9537901758,391120,Bank of Baroda
+ SUNILKUMSR GUDIYABHAI VASAVA,6354761237,393050,State Bank of India
+ SUNITABEN LALSING VASAVA,8200655764,393050,Yes Bank Limited
+ SUREKHABEN SUNILBHAI  VASANA,9426749603,392201,Bank of Baroda
+ SURENDRABHAI P,7874745419,393025,India Post Payments Bank Limited
+ SURESHBHAI SINGABHAI  VASAVA,7874527733,393040,Bank of Baroda
+ SURESHBHAI VASAVA,9925372845,393041,Yes Bank Limited
+ SURESHKUMAR  BABUDAS,7742430433,393040,Yes Bank Limited
+ TADAVI  PRATAPBHAI,6353265050,393041,Fino Payments Bank Ltd.
+ TADAVI NARPATBHAI MAHESHBHAI,8141220003,393041,Yes Bank Limited
+ TADVI  AJAYBHAI,9328846793,393151,Fino Payments Bank Ltd.
+ TADVI  AKSHDIP,6355915768,393145,Fino Payments Bank Ltd.
+ TADVI  ALKESHBHAI,9016317657,393151,Fino Payments Bank Ltd.
+ TADVI  ARJUNKUMAR,9909308219,393050,Fino Payments Bank Ltd.
+ TADVI  ASHIKKUMAR,9313057429,393151,Yes Bank Limited
+ TADVI  ASHISHKUMAR,9328412373,393151,Yes Bank Limited
+ TADVI  BHARATBHAI,7572984770,393155,Fino Payments Bank Ltd.
+ TADVI  BHAVESHKUMAR,9979114805,391121,Fino Payments Bank Ltd.
+ TADVI  DIGVIJAYBHAI,9023866214,393151,Fino Payments Bank Ltd.
+ TADVI  DIPAKBHAI,7698361026,393151,Fino Payments Bank Ltd.
+ TADVI  DIPAKKUMAR,9016979301,391121,Fino Payments Bank Ltd.
+ TADVI  GIRIRAJSINH,8160795016,391121,Fino Payments Bank Ltd.
+ TADVI  HEMRAJSINH,9586365886,391121,Fino Payments Bank Ltd.
+ TADVI  JASVANTBHAI,9265782300,393151,Fino Payments Bank Ltd.
+ TADVI  JAYDEVBHAI,9913279399,393151,Fino Payments Bank Ltd.
+ TADVI  JITESH,9106208982,393151,Fino Payments Bank Ltd.
+ TADVI  KAMLESHBHAI,9586912085,393151,Fino Payments Bank Ltd.
+ TADVI  KAUSHIKKUMAR,9978234852,393155,Fino Payments Bank Ltd.
+ TADVI  KETANBHAI,7490074244,393151,Yes Bank Limited
+ TADVI  MANISHKUMAR,9537809630,391121,Fino Payments Bank Ltd.
+ TADVI  MEHULBHAI,9979400526,393151,Fino Payments Bank Ltd.
+ TADVI  MEHULBHAI,9726286185,393151,Fino Payments Bank Ltd.
+ TADVI  NARESH MANILAL,9737583366,393151,Bank of Baroda
+ TADVI  NILESHBHAI,9712856497,393151,Fino Payments Bank Ltd.
+ TADVI  PARTHIVKUMAR,9327882575,391121,Fino Payments Bank Ltd.
+ TADVI  RAHULBHAI,9510744740,393151,Fino Payments Bank Ltd.
+ TADVI  RAHULKUMAR,6353165666,393155,Fino Payments Bank Ltd.
+ TADVI  RAHULKUMAR,6354078163,393151,Fino Payments Bank Ltd.
+ TADVI  RAJENDRAKUMAR,9726806016,393151,Fino Payments Bank Ltd.
+ TADVI  RAMCHANDRA,9979718454,393151,Fino Payments Bank Ltd.
+ TADVI  RANJITBHAI,7874294844,391121,Fino Payments Bank Ltd.
+ TADVI  SANJAYBHAI,8980595438,393155,Yes Bank Limited
+ TADVI  SANJAYBHAI,6355891801,393151,Yes Bank Limited
+ TADVI  SURESHBHAI,8141108646,393151,Fino Payments Bank Ltd.
+ TADVI AJAYKUMAR RAMESHBHAI,9099876519,393151,Fino Payments Bank Ltd.
+ TADVI AKSHAYKUMAR SUKABHAI,7984826081,393145,Fino Payments Bank Ltd.
+ TADVI ALKESHKUMAR JANAKBHAI  JANAKBHAI,9687053955,393145,Yes Bank Limited
+ TADVI ASHISHBHAI,9537814637,393155,Yes Bank Limited
+ TADVI ASHOKBHAI MOHANBHAI,8238945384,393155,Yes Bank Limited
+ TADVI AVTARSINH,9510140363,393151,RBL Bank Ltd
+ TADVI BHAVESHBHAI,9316304176,393145,Yes Bank Limited
+ TADVI CHIRAGKUMAR,9099628959,393155,Yes Bank Limited
+ TADVI DEVRAJSINH GANPATSINH,9723234686,391120,Yes Bank Limited
+ TADVI DILIPBHAI MUKESHBHAI,8140379047,393155,Yes Bank Limited
+ TADVI DIPAKKUMAR,9574952410,393145,Yes Bank Limited
+ TADVI DIVYESHKUMAR,7359555904,393151,Yes Bank Limited
+ TADVI HARESHBHAI,9638043805,393145,Yes Bank Limited
+ TADVI HARNISHBHAI,8469845029,393151,Yes Bank Limited
+ TADVI HETALBEN KANUBHAI,6359905859,393050,India Post Payments Bank Limited
+ TADVI HITENDRAKUMAR ASHOKBHAI,9979266010,393155,HDFC Bank Ltd.
+ TADVI HITESHKUMAR,9586091809,391121,Yes Bank Limited
+ TADVI JAGDISHBHAI UMEDBHAI,9429673628,393155,Fino Payments Bank Ltd.
+ TADVI JAYPRAKASH,9687406588,393151,Yes Bank Limited
+ TADVI JIGNASHABEN,9638382357,393151,AXIS Bank Ltd.
+ TADVI JIGNESHKUMAR BHANUBHAI,9586902508,393151,Yes Bank Limited
+ TADVI JYOTISHBHAI BABUBHAI,9265557132,393151,Fino Payments Bank Ltd.
+ TADVI KALPESHBHAI NARANBHAI,9978771071,393155,HDFC Bank Ltd.
+ TADVI KIRITKUMAR GAJENDRABHAI,7574053031,391121,Fino Payments Bank Ltd.
+ TADVI LOMESHBHAI,9574105420,391121,Yes Bank Limited
+ TADVI MANISHBHAI,9586848172,393151,Yes Bank Limited
+ TADVI MAYURBHAI,7984392074,393151,Yes Bank Limited
+ TADVI MITESHKUMAR VIJAYBHAI,8238976523,393151,Yes Bank Limited
+ TADVI MUKESHBHAI RAMESHBHAI,9904319044,393041,Yes Bank Limited
+ TADVI PANKAJKUMAR,8238563540,391121,Yes Bank Limited
+ TADVI RAHULKUMAR ASVINBHAI,8980249473,393151,AXIS Bank Ltd.
+ TADVI RAJNIKANT,7984317102,393145,Yes Bank Limited
+ TADVI RAKESHBHAI,9429564239,393151,RBL Bank Ltd
+ TADVI RAKESHBHAI BHARATBHAI,9574723613,393041,Yes Bank Limited
+ TADVI RAVINDRA SOMABHAI,9727111686,393151,Yes Bank Limited
+ TADVI SAHILKUMAR JAGDISHBHAI,9327487986,393155,Yes Bank Limited
+ TADVI SANGITABEN KETANBHAI,9714653393,393151,Yes Bank Limited
+ TADVI SANJAYBHAI SOMABHAI,9423314373,393040,Yes Bank Limited
+ TADVI SHAILESHBHAI,8780373567,393151,Yes Bank Limited
+ TADVI SUKHDEVBHAI CHANDUBHAI,9408129311,393155,Yes Bank Limited
+ TADVI SUMEETKUMAR BHAILALBHAI,9998796413,393145,HDFC Bank Ltd.
+ TADVI SURENDRABHAI,8141787070,393155,AXIS Bank Ltd.
+ TADVI SURESHBHAI,6359905913,393145,India Post Payments Bank Limited
+ TADVI URVISHKUMAR DINESHBHAI,6356887746,393041,Yes Bank Limited
+ TAKHATSINH CHAVDA,9712448753,391120,India Post Payments Bank Limited
+ TANDEL AMITKUMAR,9978500070,393040,Yes Bank Limited
+ THAKOR  AARJUBANU,9913141792,393151,Fino Payments Bank Ltd.
+ THAKOR BHARAT KUMAR,7069469643,393050,India Post Payments Bank Limited
+ THAKOR MANHMAND IRFAN,9624529846,393151,Fino Payments Bank Ltd.
+ THAKOR SAJITBHAI VAHITKHAN,8799117008,393151,Fino Payments Bank Ltd.
+ THAKOR SUNIL,8758569481,393041,India Post Payments Bank Limited
+ THAKORBHAI  BHIL,8140351345,393130,Bank of Baroda
+ THAKURBHAI M,6354870558,393151,India Post Payments Bank Limited
+ TINKU  THAKUR,7043308935,393145,Fino Payments Bank Ltd.
+ TRUSHARKUMAR MOTISINH VASAVA,9978078257,393050,State Bank of India
+ TUSHR S VASAVA,9023098983,393130,India Post Payments Bank Limited
+ U J VASAVA,9429285025,393040,India Post Payments Bank Limited
+ UMAKANT  DUBEY,7016572192,394115,Yes Bank Limited
+ USHABEN CHINUBHAI,9427677501,393140,Union Bank of India
+ UTKARSH RAJESH KUMAR,8368162357,393150,India Post Payments Bank Limited
+ UTPAL B VASAVA,9638570198,393145,India Post Payments Bank Limited
+ V K KOTHARI,9624164530,393050,India Post Payments Bank Limited
+ V S,9426286081,393130,India Post Payments Bank Limited
+ V S VALVI,9879728113,393145,India Post Payments Bank Limited
+ VAIBHAVIBEN KANUBHAI,9354934529,393041,India Post Payments Bank Limited
+ VAISHALIBA  CHANDRASINH,7011460357,393050,India Post Payments Bank Limited
+ VAISHALIBEN D PARMAR,6353009851,393040,India Post Payments Bank Limited
+ VAJAHAT GHORI,8200044501,391120,India Post Payments Bank Limited
+ VALVI DHIRSINGBHAI MANSINGBHAI,9586932771,393050,Yes Bank Limited
+ VALVI MAGANBHAI,9638617909,393050,India Post Payments Bank Limited
+ VALVI RANJITBHAI MOYLABHAI,9328884787,393025,Yes Bank Limited
+ VALVI VILESHBHAI,9537093317,393025,Yes Bank Limited
+ VALVIPRAHLADBHAIRANJITSINGRANJITSING,9328908885,393025,Yes Bank Limited
+ VANZARA VISHNUKUMAR,9638248365,393145,Kotak Mahindra Bank Limited
+ VARMA RAJKUMARI BHARATKUMAR,9427163171,393040,Fino Payments Bank Ltd.
+ VARMA SUNILKUMAR MANILAL,9054314699,393040,Yes Bank Limited
+ VASANTBHAI V,9913045505,393025,India Post Payments Bank Limited
+ VASAV HARNESHBHAI,7984612438,393041,Yes Bank Limited
+ VASAVA  AJAYKUMAR,8238631722,393041,Yes Bank Limited
+ VASAVA  AJAYKUMAR,9909452288,393140,Fino Payments Bank Ltd.
+ VASAVA  ANKITBHAI,9687249709,393025,Yes Bank Limited
+ VASAVA  ARVINDBHAI,9427874907,393040,Fino Payments Bank Ltd.
+ VASAVA  ASHISHKUMAR,7490972526,393040,Fino Payments Bank Ltd.
+ VASAVA  CHETANKUMAR,9624451237,393145,Fino Payments Bank Ltd.
+ VASAVA  CHHATRASINGBHAI,8238758770,393041,Fino Payments Bank Ltd.
+ VASAVA  CHINUBHAI,7874041723,393140,Fino Payments Bank Ltd.
+ VASAVA  DHARAMSINGBHAI,6352206790,393040,Fino Payments Bank Ltd.
+ VASAVA  GANESHKUMAR,8347179683,393140,Fino Payments Bank Ltd.
+ VASAVA  JASHVANTBHAI,8758463617,393040,Fino Payments Bank Ltd.
+ VASAVA  JAYDIPKUMAR,7698212015,393041,Fino Payments Bank Ltd.
+ VASAVA  KALPESHKUMAR,7567024633,393145,Fino Payments Bank Ltd.
+ VASAVA  KANCHANBHAI,8980233193,393145,Fino Payments Bank Ltd.
+ VASAVA  KISHANBHAI,9638561896,391121,Fino Payments Bank Ltd.
+ VASAVA  KISHORKUMAR,9687060457,393041,Fino Payments Bank Ltd.
+ VASAVA  MAHESHBHAI,9913275895,393140,Yes Bank Limited
+ VASAVA  MINESHBHAI,7567814545,393025,Yes Bank Limited
+ VASAVA  NAYANKUMAR,8980066649,393145,Fino Payments Bank Ltd.
+ VASAVA  PRAVINBHAI,8347326058,393155,Fino Payments Bank Ltd.
+ VASAVA  PRAVINBHAI,8758452858,393155,Yes Bank Limited
+ VASAVA  RAMESHBHAI,9687765544,393040,Fino Payments Bank Ltd.
+ VASAVA  RANJITBHAI,9537746543,393040,Fino Payments Bank Ltd.
+ VASAVA  RASIKBHAI,9712854291,393040,Fino Payments Bank Ltd.
+ VASAVA  RAVIDRAKUMAR,7567521876,393041,Fino Payments Bank Ltd.
+ VASAVA  RITULKUMAR,8238118689,393140,Fino Payments Bank Ltd.
+ VASAVA  SACHINKUMAR,8140445856,393140,Yes Bank Limited
+ VASAVA  SADHANABEN,7990336590,393040,Yes Bank Limited
+ VASAVA  SUMITRABEN,9601160253,393140,Fino Payments Bank Ltd.
+ VASAVA  SUNILBHAI,7990120326,393145,Fino Payments Bank Ltd.
+ VASAVA  SURESHBHAI,9726172012,393050,Fino Payments Bank Ltd.
+ VASAVA  VAISHALIBEN,9265951812,393041,Bank of Baroda
+ VASAVA  VIJAYKUMAR,8200201816,393040,Fino Payments Bank Ltd.
+ VASAVA  VINODBHAI,9427465958,393041,Fino Payments Bank Ltd.
+ VASAVA  YASHVANTBHAI,9016135879,393040,Fino Payments Bank Ltd.
+ VASAVA AANANDKUMAR DHANJIBHAI,8128369819,393040,Yes Bank Limited
+ VASAVA AJAYKUMAR,7567912482,393140,Fino Payments Bank Ltd.
+ VASAVA AJAYKUMAR,7874041827,393130,AXIS Bank Ltd.
+ VASAVA AJAYKUMAR,9408880915,393130,Fino Payments Bank Ltd.
+ VASAVA AJAYKUMAR BHOGILAL,8347235961,393040,Bank of Baroda
+ VASAVA AKASHKUMAR,9726930169,393040,Kotak Mahindra Bank Limited
+ VASAVA ALPESHBHAI,9510487377,393040,Yes Bank Limited
+ VASAVA AMARSINGBHAI BHAMATABHAI,9638415717,393040,Yes Bank Limited
+ VASAVA AMIT KUMAR,7284082984,393041,Yes Bank Limited
+ VASAVA ANANDKUMAR,9484994680,393040,Yes Bank Limited
+ VASAVA ANILBHAI,9586952778,392020,Airtel Payments Bank Limited
+ VASAVA ANILKUMAR,9023427703,393050,Yes Bank Limited
+ VASAVA ANJANABEN,9913396452,393025,RBL Bank Ltd
+ VASAVA ANJANABEN SONJIBHAI,7434873433,393041,Yes Bank Limited
+ VASAVA ARJUNBHAI GIMLIYABHAI,7567401850,393040,Yes Bank Limited
+ VASAVA ARJUNKUMAR,8487062115,393145,Yes Bank Limited
+ VASAVA ARJUNSINH RAYSINH,8153942478,393040,Fino Payments Bank Ltd.
+ VASAVA ARVINDBHAI,9529417264,393025,Yes Bank Limited
+ VASAVA ASHISHKUMAR NARPATBHAI,9313874947,393041,Yes Bank Limited
+ VASAVA ASHISHKUMAR RAVJIBHAI,9327277607,393130,Punjab National Bank
+ VASAVA ASHVINBHAI,9409113632,393040,Yes Bank Limited
+ VASAVA ASHVINBHAI MADHUBHAI,9328524148,393040,Yes Bank Limited
+ VASAVA ASHVINBHAI VIRJIBHAI,7359750740,393040,Yes Bank Limited
+ VASAVA ASHVINKUMAR BHAVSINGBHAI,8780043050,393050,Yes Bank Limited
+ VASAVA ASHWINBHAI BAMANIYABHAI,9586550530,393040,Yes Bank Limited
+ VASAVA ASHWINKUMAR,8347256044,393040,Yes Bank Limited
+ VASAVA ATULKUMAR SURESHBHAI,9712855088,393145,Union Bank of India
+ VASAVA AVINASHBHAI,6355047472,393025,Yes Bank Limited
+ VASAVA AXAYKUMAR BALRAMBHAI,6354097712,393041,Fino Payments Bank Ltd.
+ VASAVA BALGOPAL NAVALSING,7861995790,393040,Yes Bank Limited
+ VASAVA BHAVANABEN ASHWINBHAI  ASHWINBHAI,7201994131,393040,Yes Bank Limited
+ VASAVA BHAVESHBHAI,9925997668,393145,Yes Bank Limited
+ VASAVA BHIMSINGBHAI,9537083571,393041,Fino Payments Bank Ltd.
+ VASAVA CHARLESHKUMAR,8153907852,393130,Airtel Payments Bank Limited
+ VASAVA CHUNILALBHAI,9327077230,393040,Airtel Payments Bank Limited
+ VASAVA DAYARAMBHAI MOTUBHAI,9638051157,393050,Yes Bank Limited
+ VASAVA DHARMISHTHBHAI DILIPBHAI,9328914244,393145,Kotak Mahindra Bank Limited
+ VASAVA DILIPBHAI MANSIGHBHAI,9375892077,393145,Yes Bank Limited
+ VASAVA DINESHBHAI,9313080636,393040,Yes Bank Limited
+ VASAVA DIPAKBHAI,9313341849,393025,Yes Bank Limited
+ VASAVA DIPAKKUMAR,9426859745,393050,India Post Payments Bank Limited
+ VASAVA DIPAKKUMAR ASHWINBHAI,9016579052,393040,India Post Payments Bank Limited
+ VASAVA FIRESHBHAI,9979626961,393050,Yes Bank Limited
+ VASAVA GOVINDBHAI,9328597757,393050,India Post Payments Bank Limited
+ VASAVA GULJARSING RAJENDRABHAI,9664708137,393025,Yes Bank Limited
+ VASAVA HARDIKKUMAR AMITBHAI,6355168097,393050,Yes Bank Limited
+ VASAVA HARESHBHAI,7698783493,393150,Yes Bank Limited
+ VASAVA HARNISHBHAI,9726283761,393140,Fino Payments Bank Ltd.
+ VASAVA INESHKUMAR,7622899860,393050,Yes Bank Limited
+ VASAVA ISHVARBHAI,9909286002,393050,Yes Bank Limited
+ VASAVA ISHWARBHAI KILIYABHAI,9638161461,393025,RBL Bank Ltd
+ VASAVA JAGADISHCHANDRA RAMANBHAI,9316704133,393040,Fino Payments Bank Ltd.
+ VASAVA JASHVANTBHAI,8758131501,393040,Yes Bank Limited
+ VASAVA JAYDIPKUMAR,9328577059,393041,Yes Bank Limited
+ VASAVA JAYESHKUMAR,9313871459,393041,Fino Payments Bank Ltd.
+ VASAVA JAYESHKUMAR PRABHUBHAI,6359442286,393145,Fino Payments Bank Ltd.
+ VASAVA JETHABHAI BANDILALBHAI,9429940847,393040,Fino Payments Bank Ltd.
+ VASAVA JITENDRABHAI JESINGBHAI,9484662674,393040,Yes Bank Limited
+ VASAVA JITENDRABHAI NATHALALBHAI,8140600312,393040,Fino Payments Bank Ltd.
+ VASAVA KAILASHKUMAR JAYSINGHBHAI,7572966200,393041,Yes Bank Limited
+ VASAVA KALPESHBHAI,6353262556,393041,Yes Bank Limited
+ VASAVA KALPESHBHAI RAMJIBHAI,7203034125,393041,Fino Payments Bank Ltd.
+ VASAVA KAMLESH KUMAR,9737623255,393115,Yes Bank Limited
+ VASAVA KARANSINGBHAI,8238903205,393041,Yes Bank Limited
+ VASAVA KARANSINGBHAI NANDRIYABHAI,6355591315,393040,Punjab National Bank
+ VASAVA KASTURBEN SURESHBHAI,7623024870,393041,Yes Bank Limited
+ VASAVA KAUSHALKUMAR MAHESHBHAI,9099888953,393145,Fino Payments Bank Ltd.
+ VASAVA KAUTIK  VASAVA,9807457777,393145,Bank of Baroda
+ VASAVA KAUTIK SURESHABHAI,8690051515,393140,Fino Payments Bank Ltd.
+ VASAVA KIRANBHAI,7990053320,393040,Yes Bank Limited
+ VASAVA KIRANBHAI CHANDRASINGBHAI,7359437584,393130,Fino Payments Bank Ltd.
+ VASAVA KIRTANBHAI,9586446421,393040,Yes Bank Limited
+ VASAVA LALSING DHARMABHAI,9023508230,393040,Yes Bank Limited
+ VASAVA LAXMANBHAI JAYANTIBHAI,8980264250,393041,Fino Payments Bank Ltd.
+ VASAVA MAGANBHAI DEVJIBHAI,9313490374,393040,Yes Bank Limited
+ VASAVA MAHESHBHAI DHARASINGBHAI,9099225199,393050,Yes Bank Limited
+ VASAVA MAHESHBHAI RAMABHAI,9737973758,393040,Bank of Baroda
+ VASAVA MAHESHBHAI VIRJIBHAI,8140112157,393040,Yes Bank Limited
+ VASAVA MANISHABEN MANSINGBHAI,9737601312,393041,India Post Payments Bank Limited
+ VASAVA MANISHABEN SHAILESHBHAI,9099435657,393050,Yes Bank Limited
+ VASAVA MANISHABEN SHAILESHBHAI,7698677753,393041,Yes Bank Limited
+ VASAVA MANISHBHAI,8140315119,393040,Yes Bank Limited
+ VASAVA MAYUR KUMAR,9537958144,393050,India Post Payments Bank Limited
+ VASAVA MENUIKUMAR,9773041353,393040,India Post Payments Bank Limited
+ VASAVA MUKESHBHAI,8799522478,393041,Yes Bank Limited
+ VASAVA NARESH BHAI GOVINDBHAI,9054095487,393040,AXIS Bank Ltd.
+ VASAVA NAVINCHANDRA,9978295382,393130,Fino Payments Bank Ltd.
+ VASAVA NIKULKUMAR,9016389319,393040,Kotak Mahindra Bank Limited
+ VASAVA NILESHBHAI,9909205575,393140,Yes Bank Limited
+ VASAVA NILESHKUMAR KUNVARSING,7575875596,393050,Yes Bank Limited
+ VASAVA NIMESHKUMAR RAMSINGBHAI,7359414788,393041,Fino Payments Bank Ltd.
+ VASAVA NITESHBHAI,9327630967,393040,Yes Bank Limited
+ VASAVA NITESHKUMAR,9409629739,393041,Yes Bank Limited
+ VASAVA NITESHKUMAR GOVINDBHAI,7574900984,393040,Yes Bank Limited
+ VASAVA PANNESHBHAI NAGINBHAI,9427931758,393041,Yes Bank Limited
+ VASAVA PITAMBERBHAI  GONJIBHAI,9537947556,393050,Bank of Baroda
+ VASAVA PRAGNESHKUMAR GULABSINH,9429555203,393040,Fino Payments Bank Ltd.
+ VASAVA PRAKASHBHAI DADIBHAI,9016561195,393025,Yes Bank Limited
+ VASAVA PRAKASHKUMAR DEVENDRABHAI,9979955838,393040,Yes Bank Limited
+ VASAVA PRAVINBHAI RAMESHBHAI,8758171700,393050,Yes Bank Limited
+ VASAVA PRAVINKUMAR RATHILAL,8780634854,393040,India Post Payments Bank Limited
+ VASAVA PRIYESHKUMAR,9512777837,393041,Yes Bank Limited
+ VASAVA PUSHPABEN,7016032254,393041,Airtel Payments Bank Limited
+ VASAVA RAHULKUMAR,7069335627,393050,Yes Bank Limited
+ VASAVA RAHULKUMAR,9016317711,393040,Kotak Mahindra Bank Limited
+ VASAVA RAJENDRABHAI BHAVJIBHAI,9313095783,393041,Fino Payments Bank Ltd.
+ VASAVA RAJESHBHAI,9913311232,393040,Fino Payments Bank Ltd.
+ VASAVA RAJESHVARIBEN,6352696038,393140,Yes Bank Limited
+ VASAVA RAKESHBHAI,6353558953,393050,Yes Bank Limited
+ VASAVA RAKESHBHAI,8758642825,393130,Yes Bank Limited
+ VASAVA RAKESHBHAI RAMESHBHAI,9016517730,393040,Yes Bank Limited
+ VASAVA RAKESHKUMAR,9377977577,393130,Yes Bank Limited
+ VASAVA RAMESHBHAI SEPATIYABHAI,9913371640,393140,State Bank of India
+ VASAVA RAMILABEN ASHWINBHAI,9979360882,393040,Yes Bank Limited
+ VASAVA RANCHHODBHAI FULSINGBHAI,9586316725,393040,Fino Payments Bank Ltd.
+ VASAVA RAVIKUMAR,9428178071,393145,Airtel Payments Bank Limited
+ VASAVA RAVINDRABHAI MARUJIBHAI,9687253725,393040,Yes Bank Limited
+ VASAVA RAVINDRABHAI RATANBHAI,8347261266,393041,Fino Payments Bank Ltd.
+ VASAVA REKHA SUMITBHAI,9313028659,393041,Yes Bank Limited
+ VASAVA RINKUBEN KARSHANBHAI,9106075289,393050,Fino Payments Bank Ltd.
+ VASAVA ROHITKUMAR,7434922502,393040,Fino Payments Bank Ltd.
+ VASAVA RUTVIKKUMAR SANDIPBHAI,7574095900,393041,Fino Payments Bank Ltd.
+ VASAVA SAHILKUMAR,9712882067,393140,Yes Bank Limited
+ VASAVA SANJAYBHAI,6352737694,393040,Yes Bank Limited
+ VASAVA SANJAYBHAI,9328576476,393145,Kotak Mahindra Bank Limited
+ VASAVA SANJAYBHAI  SANJAYBHAI,9426878266,393145,Yes Bank Limited
+ VASAVA SAVITRIBEN,7096112309,393025,Yes Bank Limited
+ VASAVA SEJALBEN ASHOKSINH,7574006395,393040,Yes Bank Limited
+ VASAVA SHAILESH BHAI,9127577753,393041,Yes Bank Limited
+ VASAVA SHIVRAMBHAI RAMANBHAI,7863074014,393040,Yes Bank Limited
+ VASAVA SHRAVANKUMAR,6353232530,393050,Yes Bank Limited
+ VASAVA SHRIRAMBHAI JADIYABHAI,9016531503,393050,India Post Payments Bank Limited
+ VASAVA SOMABHAI,6355106908,393145,Fino Payments Bank Ltd.
+ VASAVA SONJIBHAI KATHUDIYABHAI,9537955280,393050,Yes Bank Limited
+ VASAVA SUNILBHAI DHELIYABHAI,7227945292,393050,Yes Bank Limited
+ VASAVA SURAJKUMAR,8302422379,393040,Yes Bank Limited
+ VASAVA SURESHBHAI,9429649225,393151,India Post Payments Bank Limited
+ VASAVA SURESHBHAI BIJAYABHAI,9638322844,393050,Yes Bank Limited
+ VASAVA TANVAY KUMAR,7878317771,393140,India Post Payments Bank Limited
+ VASAVA TEJALBEN ARVINDBHAI,6354928304,393041,Yes Bank Limited
+ VASAVA THAKORBHAI,8141273078,393130,Fino Payments Bank Ltd.
+ VASAVA TUSHALIBEN,9099438379,393140,Yes Bank Limited
+ VASAVA VANDANABEN,7802015006,393140,Yes Bank Limited
+ VASAVA VANDANBHAI MANSUKHBHAI,8104033925,393040,Yes Bank Limited
+ VASAVA VANDITKUMAR,8485989663,393140,Fino Payments Bank Ltd.
+ VASAVA VASANTBHAI,8141546490,393050,Yes Bank Limited
+ VASAVA VASANTKUMAR,9023796901,393050,Yes Bank Limited
+ VASAVA VIJAYBHAI NARANBHAI,9879456903,393145,Union Bank of India
+ VASAVA VIKASHBHAI,8320908690,393040,Yes Bank Limited
+ VASAVA VIKRAMBHAI,7861933791,393040,India Post Payments Bank Limited
+ VASAVA VINESHKUMAR,9510712170,393050,Yes Bank Limited
+ VASAVA VINODBHAI NAVINBHAI,7096152491,393145,Fino Payments Bank Ltd.
+ VASAVA VIPULBHAI MADHUBHAI,8155879286,393040,Yes Bank Limited
+ VASAVA VIPULCHANDRA DHIRAJBHAI,7096262118,393041,Yes Bank Limited
+ VASAVA VIPULKUMAR,9924031873,393140,RBL Bank Ltd
+ VASAVA VIPULKUMAR DEVENDRABHAI,9512934247,393050,Yes Bank Limited
+ VASAVA VISHALBHAI KHANSINGBHAI,8141948164,393040,Yes Bank Limited
+ VASAVA VISHVRAJ VIJAYBHAI,6354255626,393041,Yes Bank Limited
+ VASAVA VISHWANATHBHAI,9879139564,393050,Yes Bank Limited
+ VASAVA VIVEKBHAI HEMUBHAI,8238115958,393140,India Post Payments Bank Limited
+ VIJAY BALUBHAI,9625989184,393025,India Post Payments Bank Limited
+ VIJAY BHAI TADVI,9714167643,391120,India Post Payments Bank Limited
+ VIJAY L,8156060134,393151,India Post Payments Bank Limited
+ VIJAY M,6352600221,393151,India Post Payments Bank Limited
+ VIJAY R BHOI,7046909703,393025,India Post Payments Bank Limited
+ VIJAYKUMAR  VASAVA,7878293060,393145,Bank of Baroda
+ VIJAYKUMAR GANPATBHAI TADVI,9913016547,393041,Yes Bank Limited
+ VIMAL KUMAR B,7698799969,393145,India Post Payments Bank Limited
+ VIMALKUMAR A VASAVA,9909074771,393140,Ujjivan Small Finance Bank Limited
+ VIMALKUMAR HARILAL VASAVA,9099608150,393140,Yes Bank Limited
+ VINABEN RAHULBHAI VASAVA,7990694453,393040,State Bank of India
+ VIPIN  KUMAR,7055550203,393040,Yes Bank Limited
+ VIPUL KANAIYALAL RAVAL,9998186616,382755,Airtel Payments Bank Limited
+ VIPUL KUMAR,9998699005,393025,India Post Payments Bank Limited
+ VIPUL M GOSWAMI,9662191029,393151,India Post Payments Bank Limited
+ VIPUL SONRAJ SHIMPI,9637801800,393025,Yes Bank Limited
+ VIPULBHAI  VASAVA,8153937820,393040,Bank of Baroda
+ VIPULKUMAR BHOI,9879682296,393145,UCO Bank
+ VIPULKUMAR RAMJIBHAI,9426215413,393130,India Post Payments Bank Limited
+ VIPULKUMAR SUMANBHAI VASAVA,8155941712,393041,Fino Payments Bank Ltd.
+ VIRAJABHAI RAMJIBHAI VASAVA,9714174832,393040,Yes Bank Limited
+ VISHALKUMAR  TADVI,9537276292,393151,Bank of Baroda
+ VISHALKUMAR VASANTBHAI SONI,8140103111,393135,Yes Bank Limited
+ VYAS KARTIKEY,8849704980,393145,Bank of India
+ YAKUBBHAI K,9712852199,393151,India Post Payments Bank Limited
+ YATISHKUMAR  TADVI,8141964659,393151,Bank of Baroda
+ YOGESH KUMAR,9586953028,393145,India Post Payments Bank Limited
+ YOGESH MAWAANA,9662918718,396067,India Post Payments Bank Limited
+ YOGESHBHAI GONJIBHAI VASAVA,7874892866,393050,State Bank of India
+ YOGINEE,9978002329,393145,India Post Payments Bank Limited
+ ZAID  BHAIYAT,7016689938,394115,Yes Bank Limited
+ ZALA PRANAVSINH,6352740303,393050,India Post Payments Bank Limited
+ ZEELBEN  AGRAWAL,6359678389,393145,Bank of Baroda
