bc_name,mobile_no,pincode,bank_name
+ AALIYA ABDULRASHID  MEMON,9727280300,396521,Bank of Baroda
+ AARTI,9913991379,396321,India Post Payments Bank Limited
+ AARZUBEN,9904133954,396445,India Post Payments Bank Limited
+ ABDULKADER M,9924663787,396415,India Post Payments Bank Limited
+ ABDULSAMAD,8178527341,396427,India Post Payments Bank Limited
+ ABHAYKUMAR M PRASAD,8160511702,396445,State Bank of India
+ ABHAYKUMAR M PRASAD,9801113539,396445,State Bank of India
+ ABHAYKUMAR MODLAL PRASAD,9409229099,396445,Yes Bank Limited
+ ABHIMANYU ARJUNSINH MEHTA,7043959525,396463,Yes Bank Limited
+ ABHISHEK,7488240258,394315,India Post Payments Bank Limited
+ AFTABBHAI PATEL,9574113786,396521,Airtel Payments Bank Limited
+ AJAYBHAI DAHYABHAI PATEL,9727580157,396580,Yes Bank Limited
+ AJAYBHAI DAYABHAI PATEL,9727580156,396580,Yes Bank Limited
+ AJAYBHAI NAGINBHAI THAKARE,9909590159,396580,Yes Bank Limited
+ AJAYKUMAR JAWAHARLAL JAISWAL,9096802480,396321,Fino Payments Bank Ltd.
+ AJAYKUMAR RAMABHAI TANDEL,7285889224,396310,Fino Payments Bank Ltd.
+ AJAYKUMAR SURESHCHANDRA AGRAWAL,9824890392,396475,Yes Bank Limited
+ AKASH SHANKARBHAI  PATEL,9714606929,396521,Bank of Baroda
+ AKASH THAKORBHAI,9724081180,396418,India Post Payments Bank Limited
+ AKASHCHANDRA MAHESHBHAI PATEL,8866834101,396475,Paytm Payments Bank Limited
+ AKSHAY  PATEL,8238374375,396350,Yes Bank Limited
+ AKSHAYKUMAR,9737501957,396370,Union Bank of India
+ AKSHAYKUMAR S,9879745319,396412,India Post Payments Bank Limited
+ AKSHAYKUMAR SURESHBHAI PATEL,9737089218,396521,Paytm Payments Bank Limited
+ ALISHABEN  KHOTRE,9638717548,396580,Bank of Baroda
+ ALKABEN DIPAKBHAI  PATEL,9714765322,396040,Bank of Baroda
+ ALPA A,9913736387,385001,India Post Payments Bank Limited
+ ALPABEN A,9725137029,396310,India Post Payments Bank Limited
+ ALPESH  DESAI,8511441400,396445,Bank of Baroda
+ ALPESH A,9879921094,396460,India Post Payments Bank Limited
+ ALPESH KUMAR MISTRY,9974595626,396040,State Bank of India
+ ALPESH SURESHBHAI KSHYAP,9173666093,396321,AXIS Bank Ltd.
+ AMAN CHANDIRAMANI,9624884242,396463,Airtel Payments Bank Limited
+ AMBELAL B,9512085423,396060,India Post Payments Bank Limited
+ AMISHAKUMARI R,6356604301,396590,India Post Payments Bank Limited
+ AMISHKUMAR  DHIMMAR,9913099245,396360,Bank of Baroda
+ AMITBHAI,8141111951,396051,AXIS Bank Ltd.
+ AMITBHAI GANESHBHAI KANUJA,9099132338,396051,AXIS Bank Ltd.
+ AMITBHAI MAHESHBHAI PATEL,9825098926,396040,Fino Payments Bank Ltd.
+ AMITKUMAR CHAMPAKBHAI PATEL,8460927802,396445,Yes Bank Limited
+ AMITKUMAR DAHYABHAI LAD,9427860923,396321,Fino Payments Bank Ltd.
+ AMITKUMAR HITESHBHAI PATEL,9016836541,396540,Fino Payments Bank Ltd.
+ AMITKUMAR MANSUKHBHAI DHADUK,9687788879,396445,AXIS Bank Ltd.
+ AMITKUMAR NARENDRAKUMAR TAILOR,9727511497,396321,Fino Payments Bank Ltd.
+ AMITKUMAR RAMESHCHANDRA PATEL,9898241127,396060,Paytm Payments Bank Limited
+ AMRATBHAI B,9574658050,396540,India Post Payments Bank Limited
+ AMRATBHAI DESHMUKH,9723608091,396580,IDFC First  Bank Ltd
+ AMRATBHAI N,8347775736,396521,India Post Payments Bank Limited
+ AMRATBHAI PATEL,9099003845,396040,IDFC First  Bank Ltd
+ AMRATBHAI R,9726024837,396580,India Post Payments Bank Limited
+ AMRUTBHAI K,8511864822,396436,India Post Payments Bank Limited
+ AMULBHAI L,9978863126,396360,India Post Payments Bank Limited
+ ANANDRAO C,9687788230,396450,India Post Payments Bank Limited
+ ANAS I,7698584206,396427,India Post Payments Bank Limited
+ ANAS SHAIKH,9510025745,396521,Airtel Payments Bank Limited
+ ANIL  PATEL,8980888345,396580,Bank of Baroda
+ ANIL  PATEL,7486918079,396580,Bank of Baroda
+ ANIL KAILASHCHANDRA SEN,9724540014,396463,Yes Bank Limited
+ ANILBHAI G,9638707218,370660,India Post Payments Bank Limited
+ ANILKUMAR B,9773250955,396424,India Post Payments Bank Limited
+ ANILKUMAR M,9427868972,396060,India Post Payments Bank Limited
+ ANILKUMAR T,8238209208,396580,India Post Payments Bank Limited
+ ANILKUMARSINGH BADELALSINGHBHADAURIA,7874809196,396450,AXIS Bank Ltd.
+ ANITABEN HITENDRABHAI,6354151496,396436,India Post Payments Bank Limited
+ ANITBEN NAMDEOBHAI YERWAL,7096661975,394730,Yes Bank Limited
+ ANJALI INDRASINH,8200092288,396040,India Post Payments Bank Limited
+ ANJANAKUMARI  PATEL,9727632522,396560,Bank of Baroda
+ ANKIT  PATEL,9904363601,396040,Bank of Baroda
+ ANKIT DEVATAPRASAD SHARMA,8980929706,396450,Fino Payments Bank Ltd.
+ ANKIT PRAVINBHAI PATEL,9574320200,396310,AXIS Bank Ltd.
+ ANKITA  PATEL,7874225655,396561,Bank of Baroda
+ ANKITABEN DILIPBHAI GANGURDE,9484497517,394730,Yes Bank Limited
+ ANKITBHAI  THORAT,9727958590,396580,Bank of Baroda
+ ANKITKUMAR M,8980882214,396350,India Post Payments Bank Limited
+ ANKITKUMAR PRAVINBHAI PATEL,7623044104,396321,Punjab National Bank
+ ANKUR BHOYA,9428164246,396060,State Bank of India
+ ANKURBHAI AMINBHAI GAMIT,9574861282,396580,Yes Bank Limited
+ ANKURBHAI VELJIBHAI BHOYA,9909970735,396060,Fino Payments Bank Ltd.
+ ANURAG M PATEL,9825093114,396321,Paytm Payments Bank Limited
+ APEXA J,7046171207,396310,India Post Payments Bank Limited
+ ARBAZKHAN NASIRKHAN PATHAN,8000070880,396445,Yes Bank Limited
+ ARCHANA SURESHCHANDRA JAYSWAL,6351364190,396380,Airtel Payments Bank Limited
+ ARIHANT ASHOKKUMAR KOTHARI,7046584484,396445,Paytm Payments Bank Limited
+ ARJUNBHAI PATEL,9904290468,396450,IDFC First  Bank Ltd
+ ARPIT ANILBHAI,9898702331,396540,India Post Payments Bank Limited
+ ARSAD A,9924938756,396415,India Post Payments Bank Limited
+ ARVIND N,9898276349,396325,India Post Payments Bank Limited
+ ARVINDBHAI,9427862351,396445,India Post Payments Bank Limited
+ ARVINDBHAI G,8511017220,396433,India Post Payments Bank Limited
+ ASHA  RAM,9697581515,396321,Airtel Payments Bank Limited
+ ASHISH  GAYAKWAD,9727063968,396580,Bank of Baroda
+ ASHISH SAHEBRAV MAHAJAN,7016918433,396450,Yes Bank Limited
+ ASHISHBHAI  PATEL,9913458475,396590,Bank of Baroda
+ ASHISHBHAI MAHDUBHAI RAUT,7698538866,394730,Yes Bank Limited
+ ASHISHBHAI MANCHHUBHAI,8141581711,396580,India Post Payments Bank Limited
+ ASHOKKUMAR SANTOSHBHAI NEMANI,8401026432,396475,Central Bank of India
+ ASHUTOSHKUMAR  SHARMA,8873140800,396445,Bank of Baroda
+ ASHWINKUMAR KANTILAL MODI,9825260872,396445,Paytm Payments Bank Limited
+ ASWAT SARFARAJ SIDDIIK,9429992614,396560,AXIS Bank Ltd.
+ AVANARBHAI M,8141038422,396450,India Post Payments Bank Limited
+ AVESHBHAI PATEL,9016616307,396521,Airtel Payments Bank Limited
+ AXAYKUMAR MOHANBHAI PATEL,7016776280,396540,Yes Bank Limited
+ AYUSHKUMAR  PATEL,9574705017,396040,Bank of Baroda
+ BABUBHAI,9712847872,396445,India Post Payments Bank Limited
+ BABUBHAI H,9427349792,396466,India Post Payments Bank Limited
+ BABUBHAI JIVANBHAI PATEL,9924073639,396521,Fino Payments Bank Ltd.
+ BACHUBHAID,9727462788,396590,India Post Payments Bank Limited
+ BAKUL  PRAJAPATI,7359744754,396580,Bank of Baroda
+ BAKULABEN G,9099609826,396110,India Post Payments Bank Limited
+ BALVANT BHUPATBHAI,7621842757,396427,India Post Payments Bank Limited
+ BALVANTBHAI B,8238418901,396430,India Post Payments Bank Limited
+ BAMANWADA D.U.S.M.L.,9974238374,396540,The Federal Bank Ltd.
+ BANABHAI C,9723949785,396430,India Post Payments Bank Limited
+ BASAVA DIPAKBHAI RAMUBHAI,6359320711,396051,Yes Bank Limited
+ BAVLIYA  NIKUNJ,9904433214,396445,HDFC Bank Ltd.
+ BENNA N DESAI,9426868988,396445,Bank of Baroda
+ BHAGORA BHAVIKSINH ADESINH,9624171373,394185,Yes Bank Limited
+ BHAGUBHAI G,9687884660,396540,India Post Payments Bank Limited
+ BHAGVATIBEN T,9537041969,396427,India Post Payments Bank Limited
+ BHALA RAM,8000116355,396445,Airtel Payments Bank Limited
+ BHARAT K,9879299508,396360,India Post Payments Bank Limited
+ BHARAT N,9825662364,396427,India Post Payments Bank Limited
+ BHARATBHAI,9904047348,396445,India Post Payments Bank Limited
+ BHARATBHAI B,9099464965,396409,India Post Payments Bank Limited
+ BHARATBHAI N,9978327931,396580,India Post Payments Bank Limited
+ BHARATBHAI N,9723384718,396540,India Post Payments Bank Limited
+ BHARATKUMAR MANUBHAI AMIN,9824359125,396321,Fino Payments Bank Ltd.
+ BHARGAV GIRISHBHAI,8866150551,396040,India Post Payments Bank Limited
+ BHARGAVKUMAR  PATEL,7383195175,396530,Bank of Baroda
+ BHARTIBEN B KANSARA,9727066066,396445,State Bank of India
+ BHARTIBEN H,9824909966,396521,India Post Payments Bank Limited
+ BHARTIBEN N,9737601434,396415,India Post Payments Bank Limited
+ BHAVANA  PATEL,6356001946,396560,Bank of Baroda
+ BHAVANABEN,9909208207,396445,India Post Payments Bank Limited
+ BHAVANABEN JAYESHBHAI DESHMUKH,9265109885,396051,Fino Payments Bank Ltd.
+ BHAVENDRAKUMAR D PATEL,9427129877,396380,State Bank of India
+ BHAVENDRAKUMAR DAHYABHAI PATEL,8866429877,396380,AXIS Bank Ltd.
+ BHAVESH RATILAL PATEL,8238594546,396051,Yes Bank Limited
+ BHAVESHBHAI  PATEL,9099144288,396521,Bank of Baroda
+ BHAVESHBHAI B,9428143447,396540,India Post Payments Bank Limited
+ BHAVESHKUMAR  RANA,9033186854,396321,Bank of Baroda
+ BHAVESHKUMAR D,8000808155,396060,India Post Payments Bank Limited
+ BHAVESHKUMAR G LAD,9898105366,396590,HDFC Bank Ltd.
+ BHAVESHKUMAR M,8140296955,396310,India Post Payments Bank Limited
+ BHAVIK PATEL,9106284048,396170,RBL Bank Ltd
+ BHAVIKA PURANKUMAR  DERMALE,8320382595,396445,Bank of Baroda
+ BHAVIN  PATEL,9586247426,396590,Bank of Baroda
+ BHAVIN SUBHASHCHANDRA SHAH,9426881341,396424,Paytm Payments Bank Limited
+ BHAVINAKUMARI KAUSHIKBHAI PATEL,9687311385,396436,Yes Bank Limited
+ BHAVINBHAI MAHESHBHAI KUNVAR,9978336841,396051,Fino Payments Bank Ltd.
+ BHAVINIBEN NIRANJANBHAI PATEL,7600410037,396110,Bank of Baroda
+ BHAVINIKUMARI  PATEL,8155053969,396360,Bank of Baroda
+ BHAVINKUMAR  PATEL,9408880476,396445,Bank of Baroda
+ BHAVINKUMAR HARDAS BATI,9714436622,396521,Yes Bank Limited
+ BHAVISHABEN H,9924986201,396475,India Post Payments Bank Limited
+ BHAVNABEN  PATEL,6352788235,396521,Bank of Baroda
+ BHAVNABEN M,9979799457,396463,India Post Payments Bank Limited
+ BHAVNABEN T,7201931900,384001,India Post Payments Bank Limited
+ BHAVNAKUMARI BHAGUBHAI PATEL,9327859231,396430,Fino Payments Bank Ltd.
+ BHERU LAL  KUMAWAT,9265840034,396051,Yes Bank Limited
+ BHIKHUBHAI  HALPATI,9979986296,396521,Bank of Baroda
+ BHIKHUBHAI N,9624170020,396475,India Post Payments Bank Limited
+ BHIKUBHAI B,9727442213,396110,India Post Payments Bank Limited
+ BHOMA RAM,7043309626,396521,Yes Bank Limited
+ BHOOMIBEN VARSINH,7622043782,396415,India Post Payments Bank Limited
+ BHOYE VIPULBHAI AMRUTBHAI,7201864244,394730,Yes Bank Limited
+ BHUPENDRAKUMAR M,9427946320,396445,India Post Payments Bank Limited
+ BHUPESHBHAI D,8469564324,396580,India Post Payments Bank Limited
+ BHUPESHBHAI SOMABHAI GAVIT,9904756448,394730,Yes Bank Limited
+ BHUT SANJAY HARIBHAI,9601269498,396521,Fino Payments Bank Ltd.
+ BINAL MUKESHBHAI PATEL,7046171076,396321,State Bank of India
+ BIPINBHAI B,9726024524,396560,India Post Payments Bank Limited
+ BIPINBHAI N,8469636912,363115,India Post Payments Bank Limited
+ BIPINBHAI SUMANBHAI PATEL,9904433190,396463,Paytm Payments Bank Limited
+ BIPINKUMAR VASANTLAL DUBEY,9173403035,396450,Yes Bank Limited
+ BIRARI MAHENDRABHAI ZULAPIYABHAI,9429865675,396580,Yes Bank Limited
+ BRIJAL  PATEL,9662230256,396424,Bank of Baroda
+ BRIJESHKUMAR PRITAMBHAI PATEL,8160795596,396540,Fino Payments Bank Ltd.
+ CHAAND MAL KUMAWAT,8320925508,396051,Yes Bank Limited
+ CHAITALIKUMARI  VINUBHAI PATEL,7435881417,396585,Bank of Baroda
+ CHAITANYAKUMAR NANUBHAI PATEL,9998876426,396445,Indian Bank
+ CHAMPAKLAL BHANABHAI AHIR,9724231445,396450,Yes Bank Limited
+ CHANDANBEN  PATEL,9537250145,396560,Bank of Baroda
+ CHANDANIHARDIPKASHYAP,8490818842,396436,Indian Bank
+ CHANDNI KIRANBHAI  PATEL,8469444277,396590,Bank of Baroda
+ CHANDRAKANT N,9909611860,396463,India Post Payments Bank Limited
+ CHANDRAKANTBHAI PATEL,9904762066,396540,IDFC First  Bank Ltd
+ CHANDRAKANTBHAI SHANKARBHAI DESHMUKH,7359944295,394730,Yes Bank Limited
+ CHANDRAKIRAN  GIRSE,9172101036,396427,Bank of Baroda
+ CHANDRIKABEN D,7600833166,396521,India Post Payments Bank Limited
+ CHANDRSESH BABULAL PARAKH,9558912900,396580,State Bank of India
+ CHANDUBHAI,9558782338,396445,India Post Payments Bank Limited
+ CHAUDHARI DIPESH ARUNBHAI,7285841578,396450,HDFC Bank Ltd.
+ CHAUDHARI JIGNESHBHAI SOMUBHAI,9408713802,394730,Yes Bank Limited
+ CHAUDHARI NARESHKUMAR SUPADIYABHAI,7990742146,394160,Yes Bank Limited
+ CHAUDHARIUMESHBHAI BABJI BHAI,8238455089,396051,Yes Bank Limited
+ CHAUHAN RAHUL KIRANBHAI,9429014034,396445,Paytm Payments Bank Limited
+ CHAUHAN VIRALKUMAR DILIPBHAI,9099841223,396540,HDFC Bank Ltd.
+ CHAVDHARI KIRANBHAI GULABBHAI,9712958995,396051,Yes Bank Limited
+ CHETANBHAI RAMESHBHAI PATEL,9574481277,396051,Yes Bank Limited
+ CHETANKUMAR DURLABHBHAI MISTRY,8511175267,396321,Yes Bank Limited
+ CHETANSINH DHANANJAYSINH RATHOD,9979248880,396570,Fino Payments Bank Ltd.
+ CHETNABEN  PATEL,6359859414,396560,Bank of Baroda
+ CHHAYA DHARMESH PANCHAL,9327874155,396436,State Bank of India
+ CHHIBUBHAI B,9265207114,396460,India Post Payments Bank Limited
+ CHIMALA D.U.S.M.L,9913660607,396521,The Federal Bank Ltd.
+ CHINTAN  PATEL,9978172862,396441,Bank of Baroda
+ CHINTANKUMAR  THAKORBHAI PATEL,9624347824,396475,Bank of Baroda
+ CHINTANKUMAR D,9723408647,396521,India Post Payments Bank Limited
+ CHINTANKUMAR VINODBHAI,9714203993,396560,India Post Payments Bank Limited
+ CHIRAG,9558445881,396412,India Post Payments Bank Limited
+ CHIRAG GAMANBHAI GHADIYALI,9426742119,396321,Fino Payments Bank Ltd.
+ CHIRAG RAJNIKANT  PARMAR,9909242030,396445,Bank of Baroda
+ CHIRAGBHAI  PATEL,9328559094,396040,Bank of Baroda
+ CHIRAGKUMAR,8153065914,396310,India Post Payments Bank Limited
+ CHIRAGKUMAR MANHARBHAI RATHOD,9725583448,396436,Yes Bank Limited
+ CHIRAGKUMAR SHAILESHBHAI,9106644509,396310,India Post Payments Bank Limited
+ CHIRANGKUMAR V,7043061282,396110,India Post Payments Bank Limited
+ CHITTRANJAN  VAISHNAV,8000760718,396580,Bank of Baroda
+ DABHI KALPESHKUMAR,8347701518,382433,Yes Bank Limited
+ DAKSHABEN A,9825457336,396310,India Post Payments Bank Limited
+ DARSH NAVINBHAI PATEL,9054425426,396450,RBL Bank Ltd
+ DARSHANABEN J,9429413941,396560,India Post Payments Bank Limited
+ DARSHILBHAI JAYESHBHAI PATEL,8469866646,396560,Paytm Payments Bank Limited
+ DARSHITA  KAHAR,8140781006,396445,Bank of Baroda
+ DASHRATHBHAI J,9924971207,396560,India Post Payments Bank Limited
+ DAXABEN C,9727560370,396580,India Post Payments Bank Limited
+ DAXESHBHAI SURESHBHAI,9898172907,396580,India Post Payments Bank Limited
+ DEEPAKBHAI NAGINDAS RAJPUT,9106096982,396445,Paytm Payments Bank Limited
+ DESAI SAMIT DINESHBHAI,9979668191,396321,Fino Payments Bank Ltd.
+ DEVAJUBHAI M,9586278511,396580,India Post Payments Bank Limited
+ DEVANSHI BADANSINGH  RAJPUT,9327173080,396445,Bank of Baroda
+ DEVENDRASINH JAGDISHSINH,8347580235,396580,India Post Payments Bank Limited
+ DHAKLUBHAI K,7874359352,396580,India Post Payments Bank Limited
+ DHANESHBHAI I,9974490976,396060,India Post Payments Bank Limited
+ DHANSIKHBHAI P,9925461504,396421,India Post Payments Bank Limited
+ DHARMESH SHARMA,9106921172,396466,Airtel Payments Bank Limited
+ DHARMESH THAKORBHAI PATEL,9974254636,396561,Bank of Baroda
+ DHARMESHBHAI  JAGUBHAI,9773461077,396521,Bank of Baroda
+ DHARMESHBHAI JAGUBHAI PATEL,8140513477,396521,Fino Payments Bank Ltd.
+ DHARMINBHAI HARISHBHAI PATEL,9725285129,396521,State Bank of India
+ DHARMISHTHA C,9427434359,396540,India Post Payments Bank Limited
+ DHARMISHTHABEN S,9909132553,396210,India Post Payments Bank Limited
+ DHARTI  AHIR,9512269370,396321,Bank of Baroda
+ DHARTI  TAILOR,9429059803,396415,Bank of Baroda
+ DHARTI HARDIK SUKHADIA,8460277095,396521,State Bank of India
+ DHARTIBEN  HARISHBHAI PATEL,9737233530,396433,Bank of Baroda
+ DHAVAL,7984902950,396325,India Post Payments Bank Limited
+ DHAVAL KUMAR,9638042117,396580,India Post Payments Bank Limited
+ DHAVALBHAI RAJUBHAI PATEL,7069141389,396380,Fino Payments Bank Ltd.
+ DHIRUBHAI D,9913527246,396040,India Post Payments Bank Limited
+ DHIRUBHAI H,9904002252,396040,India Post Payments Bank Limited
+ DHIRUBHAI H,9558560443,396439,India Post Payments Bank Limited
+ DHIRUBHAI K,9408951417,396445,India Post Payments Bank Limited
+ DHIRUBHAI N,8347857158,396060,India Post Payments Bank Limited
+ DHRUMIN  CHAUHAN,8780806375,396430,Bank of Baroda
+ DHRUMIN NAGINBHAI CHAUHAN,9824720551,396430,Fino Payments Bank Ltd.
+ DHRUVI PRASHANTKUMAR MISTRY,7874143631,396418,Central Bank of India
+ DIGVIJAY  BHAGARIYA,9537445866,396580,Bank of Baroda
+ DILIPBHAI GULABBHAI GARASIYA,9638802975,396051,Yes Bank Limited
+ DILIPBHAI P,9737009851,396430,India Post Payments Bank Limited
+ DILIPKUMAR BHAGUBHAI PATEL,9898985366,396310,Fino Payments Bank Ltd.
+ DIMPALBEN D,7623064415,396436,India Post Payments Bank Limited
+ DINESH M,9974411871,396450,India Post Payments Bank Limited
+ DINESH N,9726565670,396580,India Post Payments Bank Limited
+ DINESHA TULACHH SINGH,8511209423,396475,Yes Bank Limited
+ DINESHBHAI ABAJBHAI PAWAR,9328202096,396580,HDFC Bank Ltd.
+ DINESHBHAI D,9427446957,396580,India Post Payments Bank Limited
+ DINESHKUMAR R,9998362494,396521,India Post Payments Bank Limited
+ DINESHKUMAR VANABHAI CHAUDHARI,8866137588,396450,Fino Payments Bank Ltd.
+ DINUBHAI M,9737575348,396415,India Post Payments Bank Limited
+ DIPAK,9913203636,396424,Yes Bank Limited
+ DIPAK  KHOTRE,7046661788,396580,Bank of Baroda
+ DIPAKBHAI C,8178306098,396590,India Post Payments Bank Limited
+ DIPAKBHAI RAMUBHAI BASAVA,9586680030,396051,Yes Bank Limited
+ DIPAKBHAI S,7283809175,396580,India Post Payments Bank Limited
+ DIPAKKUMAR L,9712130285,396580,India Post Payments Bank Limited
+ DIPAKSINH C,9924680618,396570,India Post Payments Bank Limited
+ DIPANKAR UPEN DAS,9712467706,396445,Paytm Payments Bank Limited
+ DIPENKUMAR ROHITBHAI DESAI,9979912750,396436,Paytm Payments Bank Limited
+ DIPESH UTTAMBHAI PATEL,8268328737,396445,Fino Payments Bank Ltd.
+ DIPESHKUMAR TAILOR,9824535654,396475,State Bank of India
+ DIPIKA  KURKUTIYA,9316393131,396585,Bank of Baroda
+ DIPIKABEN  PATEL,9998100107,396436,Bank of Baroda
+ DIPIKABEN GAURANGBHAI CHAUDHARI,9574952247,396040,Yes Bank Limited
+ DIPSINH P,9998591708,396424,India Post Payments Bank Limited
+ DIPTI  PATEL,9426407044,396521,Bank of Baroda
+ DIPTIBEN JAYANTIBHAI,8153828664,396427,India Post Payments Bank Limited
+ DIPTIBEN S,9898582847,396350,India Post Payments Bank Limited
+ DISHIKABEN  MAHYAVANSHI,6356712009,396433,Bank of Baroda
+ DITESHBHAI SATISHBHAI PATEL,9638260208,396191,Yes Bank Limited
+ DIVYABEN BALUBHAI JADAV,9978353696,396051,Yes Bank Limited
+ DIVYAKUMARI NAVNITBHAI,9512485633,396060,India Post Payments Bank Limited
+ DIVYANGKUMAR,9427921590,396409,India Post Payments Bank Limited
+ DIVYESH  PATEL,9909108918,396450,Bank of Baroda
+ DIVYESH DAYARAM KAHAR,8469778887,396445,Yes Bank Limited
+ DIVYESH KAHAR,8866550391,396427,Airtel Payments Bank Limited
+ DIVYESHBHAI ARJUNBHAI GAMIT,9727104247,396580,Fino Payments Bank Ltd.
+ DIVYESHBHAI P,9601518482,396560,India Post Payments Bank Limited
+ DIVYESHKUMAR A,9537110283,396060,India Post Payments Bank Limited
+ DIVYESHKUMAR CHAMPAKBHAI PATEL,9586894936,396590,Fino Payments Bank Ltd.
+ DIXITA R,9724096990,396360,India Post Payments Bank Limited
+ DIXITABEN S,8153957001,396040,India Post Payments Bank Limited
+ DNYANESHWAR  PATIL,9638806558,396360,Bank of Baroda
+ DOLIBEN LALUBHAI,8200442760,396530,India Post Payments Bank Limited
+ DUBAL FALIYA DUDH UTPADAK SAHKARI MANDALI LIMITED,9909437138,396580,The Federal Bank Ltd.
+ DUSHYANTKUMAR A,9737004733,396445,India Post Payments Bank Limited
+ EISAP SADIK PATEL,9879063736,396445,Yes Bank Limited
+ FAIYAZ M PATHAN,9099116143,396445,Paytm Payments Bank Limited
+ FAIZAN FIROZALI SHAIKH,8347307246,396445,Yes Bank Limited
+ FALGUNIBEN  PATEL,9726015586,396310,Bank of Baroda
+ FALGUNIBEN MAHENDRABHAI,9081626106,396540,India Post Payments Bank Limited
+ FRENIL MAHESHBHAI,9687480332,396380,India Post Payments Bank Limited
+ GAMBHIR BHARIYA,7284057681,396521,Canara Bank
+ GAMIT RAYSINGBHAI RUMSIBHAI,9265999419,394160,Yes Bank Limited
+ GANESHKUMAR PRALHADBHAI PATHAK,9979379411,396321,Bank of Maharashtra
+ GANGESHKUMAR RAMKESH MALLAH,7016518443,396445,Yes Bank Limited
+ GANGESHVARI GOVINDBHAI,7202803057,396403,India Post Payments Bank Limited
+ GANVIT AJAYBHAI RAMANBHAI,8141767346,396051,Yes Bank Limited
+ GANVIT PIYUSHBHAI BHARATBHAI,9727801143,396580,Yes Bank Limited
+ GANVIT VIJAYKUMAR BHAGUBHAI,9727430881,396051,Fino Payments Bank Ltd.
+ GAURANGBHAI  CHAUDHARI,7567044543,396040,Bank of Baroda
+ GAURANGKUMAR BALVANTBHAI PATEL,9537068748,396060,Fino Payments Bank Ltd.
+ GAUTAM VIMALKUMAR VEERSINGBHAI,8401255678,394710,Airtel Payments Bank Limited
+ GAVIT HARESHKUMAR SURESHBHAI,8141367420,394730,Yes Bank Limited
+ GAVIT VIJAYBHAI GANGAJIBHAI,9428015120,394730,Yes Bank Limited
+ GHATKA SANTUBHAI,8780017789,394730,Airtel Payments Bank Limited
+ GIRIRAJ  KUMAWAT,9828426468,396441,Bank of Baroda
+ GIRIRAJ KUMAWAT,8128667834,396445,Airtel Payments Bank Limited
+ GIRISH JAYRAMBHAI NATHWANI,8866250846,396445,Yes Bank Limited
+ GIRISH JAYRAMBHAI NATHWANI,8128718888,396445,Airtel Payments Bank Limited
+ GIRISH JAYRAMBHAI NATHWANI,6359884444,396445,Airtel Payments Bank Limited
+ GIRISH S,8140975036,396466,India Post Payments Bank Limited
+ GIRISHBHAI R,9998723847,396380,India Post Payments Bank Limited
+ GIRISHKUMAR P,9825978023,396475,India Post Payments Bank Limited
+ GITABEN  THORAT,9099853384,396585,Bank of Baroda
+ GITABEN J,9574659009,396450,India Post Payments Bank Limited
+ GODAVARIBEN R,9737135656,396310,India Post Payments Bank Limited
+ GOHIL PRVINBHAI DAMJIBHAI,9409750183,396445,Fino Payments Bank Ltd.
+ GOKULBHAI S,9574479202,396560,India Post Payments Bank Limited
+ GOPAL SHARMA,7359935963,396469,Airtel Payments Bank Limited
+ GOPALBHAI J,9824955568,396436,India Post Payments Bank Limited
+ GOVARDHAN DAYJUBHAI MAHLA,9638611073,396051,Yes Bank Limited
+ GOVINDA JOTUMAL VADHVANI,7490949717,396445,Airtel Payments Bank Limited
+ GOVINDBHAI N,8758360541,396472,India Post Payments Bank Limited
+ GULABBHAI,9662153814,396445,India Post Payments Bank Limited
+ GULAMAAYATULLARAZ MAHMADJAN PATHAN,9979335529,396521,Fino Payments Bank Ltd.
+ GUNVANTBHAI  RATHOD,9825902307,396415,Bank of Baroda
+ GURPALSINGH MOHANSINGH CHALOTRE,8401500319,396521,Fino Payments Bank Ltd.
+ GYANDEV KUMAR BHAGAT,7016428939,396424,Fino Payments Bank Ltd.
+ GYANDEV KUMAR BHAGAT,9510962334,396424,Paytm Payments Bank Limited
+ HAIDARALI M,8140272198,396436,India Post Payments Bank Limited
+ HANIFA,9724103074,396445,Airtel Payments Bank Limited
+ HANSABEN RAMANBHAI DIVA,6353935026,396580,Fino Payments Bank Ltd.
+ HARDIK ATUSINH BARAIYA,9601139394,396580,Yes Bank Limited
+ HARDIK C,8866456671,396418,India Post Payments Bank Limited
+ HARDIK CHATURBHAI,8469477573,396350,India Post Payments Bank Limited
+ HARDIK RAJUBHAI  MAHALE,8849879584,396427,Bank of Baroda
+ HARDIKBHAI D,7435930017,396436,India Post Payments Bank Limited
+ HARDIKKUMAR ARVINDBHAI PATEL,9979378732,396321,Punjab National Bank
+ HARDIP  KASHYAP,9427620121,396436,Bank of Baroda
+ HARDIP JITENDRABHAI KASHYAP,9998484879,396436,Yes Bank Limited
+ HARENDRABHAI RAGHUBHAI THORAT,9724292726,396540,Yes Bank Limited
+ HARESHBHAI GANGARAMBHAI BHOYE,9737586221,394730,Yes Bank Limited
+ HARISHBHAI K,7622809904,396235,India Post Payments Bank Limited
+ HARISHBHAI R,9904729573,396110,India Post Payments Bank Limited
+ HARISHCHANDRA RAMASINGHAR TIVARI,9662172112,396450,Yes Bank Limited
+ HARSH BHARATBHAI VAGHELA,7043646744,396445,Yes Bank Limited
+ HARSHABEN KUKESHBHAI PATEL,9978799192,396325,Bank of Baroda
+ HARSHADBHAI,8140978263,396445,India Post Payments Bank Limited
+ HARSHADBHAI  JOGARIYA,8347191366,396580,Bank of Baroda
+ HARSHADBHAI VINUBHAI,8849412055,396590,India Post Payments Bank Limited
+ HARSHALBHAI AMBUBHAI CHAVDHARI,9265669899,396590,Yes Bank Limited
+ HARSHITKUMAR  PATEL,8758824864,396561,Bank of Baroda
+ HARSHKUMAR KANTILAL PATEL,9979377357,396436,Yes Bank Limited
+ HASMUKH SONI,7073808968,396445,Yes Bank Limited
+ HASMUKHBHAI DHIRUBHAI DESHMUKH,9998753759,396060,Fino Payments Bank Ltd.
+ HASMUKHBHAI M,8588895179,396040,India Post Payments Bank Limited
+ HASMUKHBHAI R,7567359305,396580,India Post Payments Bank Limited
+ HASMUKHBHAI RAMTUBHAI,9924419790,396060,Union Bank of India
+ HASNAIN ABDULMUNIR MUJAVAR,8758561107,396360,Yes Bank Limited
+ HASUMATIBEN,9265653236,396406,India Post Payments Bank Limited
+ HEERA RAM,7043026792,396521,Yes Bank Limited
+ HEMABEN RANJITBHAI PATEL,7874043933,396040,Yes Bank Limited
+ HEMANGI M KANSARA,8108741047,396445,State Bank of India
+ HEMANGINI P,9601662582,396475,India Post Payments Bank Limited
+ HEMANGINIKUMARI D,9904368882,396560,India Post Payments Bank Limited
+ HEMANT  RAJPUT,9054447708,396455,Bank of Baroda
+ HEMANTBHAI S KURKUTIYA,9537849747,396051,Yes Bank Limited
+ HEMANTKUMAR L,9825969567,396412,India Post Payments Bank Limited
+ HEMAXIBEN  UMESHKUMAR AHIR,9687037004,396530,Bank of Baroda
+ HEMAXIBEN M,9824779928,396521,India Post Payments Bank Limited
+ HEMLATABEN C,9724246158,396436,India Post Payments Bank Limited
+ HEMLATABEN G,9714901151,396310,India Post Payments Bank Limited
+ HENIL  PATEL,8866778071,396521,Bank of Baroda
+ HETALBEN RAJIVBHAI PATEL,9510998074,396310,Central Bank of India
+ HETALKUMARI  PATEL,8140215187,396040,Bank of Baroda
+ HIMANSHU  ..,9582618879,121001,Fino Payments Bank Ltd.
+ HIMMATKUMAR BHANUSHALI,9033110710,396360,Airtel Payments Bank Limited
+ HINA BHAGUBHAI PATEL,9714865975,396045,Fino Payments Bank Ltd.
+ HINABEN  PATEL,6353784145,396040,Bank of Baroda
+ HINABEN B,9925084792,396436,India Post Payments Bank Limited
+ HINABEN MANSUKHBHAI,8264937296,396439,India Post Payments Bank Limited
+ HINABEN SUNILBHAI PATEL,9426663248,396580,Yes Bank Limited
+ HIRAL B,8866333765,396521,India Post Payments Bank Limited
+ HIRALBEN R,8140027771,396560,India Post Payments Bank Limited
+ HIRALKUMAR  PAEL,9574100415,396040,Bank of Baroda
+ HIRALKUMAR BABUBHAI PATEL,7203009044,396580,Fino Payments Bank Ltd.
+ HIRENBHAI  PATEL,9726374021,396424,Bank of Baroda
+ HIRENBHAI GIRISHBHAI GANVIT,9726361715,396580,Yes Bank Limited
+ HIRENBHAI MAHENDRABHAI PATEL,9427462805,396580,Paytm Payments Bank Limited
+ HIRENKUMAR M,8160446522,396439,India Post Payments Bank Limited
+ HIRENKUMAR UTTAMBHAI PATEL,9408335679,396521,Fino Payments Bank Ltd.
+ HITENBHAI CHANDUBHAI PATEL,9879422555,396560,State Bank of India
+ HITENDRAKUMAR NAJANBHAI BIRARI,9638846492,396580,Yes Bank Limited
+ HITESH  BHAVSAR,9426111226,396445,Bank of Baroda
+ HITESH D,8980071804,396530,India Post Payments Bank Limited
+ HITESH O,9913478276,396540,India Post Payments Bank Limited
+ HITESHBHAI ANILBHAI PATEL,9638088980,396060,Fino Payments Bank Ltd.
+ HITESHBHAI BHANABHAI PATEL,9574951133,396040,Yes Bank Limited
+ HITESHBHAI BHARATBHAI PATEL,8347502569,396040,AXIS Bank Ltd.
+ HITESHBHAI SUMANBHAI RAUT,8511693456,396051,Yes Bank Limited
+ HITESHKUMAR A,9909367518,396540,India Post Payments Bank Limited
+ HITESHKUMAR K,9099957138,396560,India Post Payments Bank Limited
+ HITULKUMAR PATEL,8306307800,396445,Bank of India
+ HOMECAREELECTRONICS,9824643344,396445,Kotak Mahindra Bank Limited
+ HUNDRAJANDCO,8866776610,396445,Kotak Mahindra Bank Limited
+ IBRAHIM A,9106540516,396415,India Post Payments Bank Limited
+ ILABEN NARESHBHAI PATEL,6353455275,396590,Fino Payments Bank Ltd.
+ ILABEN V,9737135971,396466,India Post Payments Bank Limited
+ ILESHKUMAR B,8141434947,396436,India Post Payments Bank Limited
+ INA CHHANABHAI PATEL,7043701779,396060,State Bank of India
+ INAYAT IRFANBHAI SHEKH,9898282476,396540,Yes Bank Limited
+ INAYATULLA ABUBHAI KAPADIA,9106900726,396310,Fino Payments Bank Ltd.
+ INDUBEN B,7043958022,396472,India Post Payments Bank Limited
+ ISHA SUNILBHAI,9925849955,396350,India Post Payments Bank Limited
+ ISHVARBHAI,9687236563,396445,India Post Payments Bank Limited
+ ISHVARBHAI BHOYA,9638683701,396580,IDFC First  Bank Ltd
+ ISHVARBHAI G,9427869652,396560,India Post Payments Bank Limited
+ ISHVARBHAI MANGUBHAI BHOYA,9023268910,396580,Yes Bank Limited
+ ISHVERSINGH LALSINGH PUROHIT,9166329089,396463,Fino Payments Bank Ltd.
+ ISHWAR SITARAM MALI,8200083764,396445,Indian Bank
+ ISHWARBHAI N,9624287549,396560,India Post Payments Bank Limited
+ ISHWARBHAI P,9904583790,396450,India Post Payments Bank Limited
+ ISMAIL MAHMED,9979449360,394330,India Post Payments Bank Limited
+ ISMAILBHAI I,9687905655,396430,India Post Payments Bank Limited
+ ISVARBHAI,9726850457,396445,India Post Payments Bank Limited
+ JACKEIKUMAR R,9586491117,396540,India Post Payments Bank Limited
+ JACKIE CHANDULAL CHOWHITRAMANI,9662999277,396445,Paytm Payments Bank Limited
+ JADAV NAITIKKUMAR DHIRAJLAL,9998532333,396580,Yes Bank Limited
+ JAGDISH CHANDER KUMAWAT,9426948009,396040,Fino Payments Bank Ltd.
+ JAGDISH GAJANAND VYAS,6351873145,396040,Fino Payments Bank Ltd.
+ JAGDISH MEHRARAMSEERVI,9924824457,396450,AXIS Bank Ltd.
+ JAGDISHBHAI PRABHUBHAI PATEL,9978719420,396040,Bank of Baroda
+ JAIMINIKUMARI SURESHBHAI,8980836801,396110,India Post Payments Bank Limited
+ JAIN VIMAL KESHULAL,8000525486,396521,Yes Bank Limited
+ JALJYOT,9427808800,396445,Kotak Mahindra Bank Limited
+ JASAVANTA M,9714528565,396370,India Post Payments Bank Limited
+ JASHUBEN H,8460545460,396310,India Post Payments Bank Limited
+ JASHUBHAI D,9904585952,396580,India Post Payments Bank Limited
+ JASMINEBHAI JAYANTILAL DESAI,9825138886,396321,Fino Payments Bank Ltd.
+ JASPALSINH R,8140798068,396433,India Post Payments Bank Limited
+ JAVLUBHAI D,9974103405,396060,India Post Payments Bank Limited
+ JAY AJITBHAI NAIK,9724160006,396418,Paytm Payments Bank Limited
+ JAY KUMAR,7698804249,396475,India Post Payments Bank Limited
+ JAYA  PATEL,7043570027,396580,Bank of Baroda
+ JAYANDRAKUMAR A,7069582744,396110,India Post Payments Bank Limited
+ JAYANTIBHAI J,9978070364,396325,India Post Payments Bank Limited
+ JAYANTILAL MANGALBHAI BHOYA,9727530888,396580,Yes Bank Limited
+ JAYENDRA KARSANBHAI PATEL,9725991257,396445,Fino Payments Bank Ltd.
+ JAYESH KUMAR D. BHAVSAR,9898533587,396360,Paytm Payments Bank Limited
+ JAYESHBHAI  DESHMUKH,9998370202,396585,Bank of Baroda
+ JAYESHBHAI A,9638720893,396436,India Post Payments Bank Limited
+ JAYESHBHAI BABUBHAI GAVIT,9979502030,396580,Fino Payments Bank Ltd.
+ JAYESHBHAI C,9429057274,396590,India Post Payments Bank Limited
+ JAYESHBHAI HARISHBHAI CHAUDHARI,9586685852,396040,Yes Bank Limited
+ JAYESHBHAI N,9428164172,396060,India Post Payments Bank Limited
+ JAYESHBHAI THAKORBHAI RAJPUT,9428541422,396450,AXIS Bank Ltd.
+ JAYESHKUMAR BHAVSAR,9898493825,396360,Airtel Payments Bank Limited
+ JAYESHKUMAR NATHUBHAI VIRVAL,9978758739,396380,Fino Payments Bank Ltd.
+ JAYESREEBEN,9687096262,396580,India Post Payments Bank Limited
+ JAYKUMAR DHIRUBHAI,9099846068,396427,India Post Payments Bank Limited
+ JAYKUMAR K,7265807310,396469,India Post Payments Bank Limited
+ JAYKUMAR KANTILAL PATEL,7016757647,396040,Yes Bank Limited
+ JAYKUMAR KUMAVAT,9106019566,396360,Airtel Payments Bank Limited
+ JAYKUMAR MAHENDRABHAI,9687477433,396590,India Post Payments Bank Limited
+ JAYMIN P,9601732143,396110,India Post Payments Bank Limited
+ JAYNILKUMAR ANILBHAI PATEL,9904392057,396560,Yes Bank Limited
+ JAYNISHKUMAR SURENDRABHAI MISTRI,9408190180,396580,Yes Bank Limited
+ JAYPAL BABUBHAI RAJPUROHIT,9662097074,396360,Yes Bank Limited
+ JAYPRAKASH N,8160676511,396433,India Post Payments Bank Limited
+ JAYSINH G,9096233606,396560,India Post Payments Bank Limited
+ JAYUBHAI P,9099349719,396040,India Post Payments Bank Limited
+ JAYVANTSINH VIJAYSINH GOHIL,9879581410,396445,Paytm Payments Bank Limited
+ JAYVIRKUMAR THAKORSINH PARMAR,8128377637,396560,Fino Payments Bank Ltd.
+ JEBASINGH  S,8128062579,396445,Airtel Payments Bank Limited
+ JENIS VAGHASIA,8347221748,396445,Indian Overseas Bank
+ JESIKABEN THAKORBHAI,9426320196,396450,India Post Payments Bank Limited
+ JIGAR  PATEL,9979668769,396325,Bank of Baroda
+ JIGAR B,8758106547,396560,India Post Payments Bank Limited
+ JIGAR BHAI,8866775115,396445,Paytm Payments Bank Limited
+ JIGARKUMAR AMRUTBHAI,9924739557,396321,India Post Payments Bank Limited
+ JIGARKUMAR D BAROT,9737171775,396560,HDFC Bank Ltd.
+ JIGARKUMAR DAYARAM KAHAR,9725308419,396445,State Bank of India
+ JIGARKUMAR KANTILAL PATEL,9409461535,396321,Fino Payments Bank Ltd.
+ JIGESHBHAI RAMBHAI GADHAVI,9033450546,396321,Fino Payments Bank Ltd.
+ JIGISHABEN  GANVIT,9727871311,396580,Bank of Baroda
+ JIGISHABEN SHIRISHBHAI PATEL,9825467630,396310,Punjab National Bank
+ JIGISHAKUMARI N,8128481414,396230,India Post Payments Bank Limited
+ JIGNASABEN  PATEL,9512053478,396585,Bank of Baroda
+ JIGNESH KUMAR A,7698666868,396560,India Post Payments Bank Limited
+ JIGNESH SOMABHAI PATEL,9662509671,396445,Fino Payments Bank Ltd.
+ JIGNESHBHAI Y KAPADIYA,9924999658,396040,Paytm Payments Bank Limited
+ JIGNESHKUMAR  MISTRY,7359213246,396110,Bank of Baroda
+ JIL  PATEL,9624910392,396521,Bank of Baroda
+ JINAL R,9537915365,396521,India Post Payments Bank Limited
+ JINALKUMAR  DHIRUBHAI PATEL,9974973564,396521,HDFC Bank Ltd.
+ JINALKUMARI H,9714675303,396469,India Post Payments Bank Limited
+ JITENDRA  AHIR,9725110621,396424,Bank of Baroda
+ JITENDRAKUMAR D,7698597781,396540,India Post Payments Bank Limited
+ JITENDRAKUMAR P,9924461285,396040,India Post Payments Bank Limited
+ JITENDRASINH NENSINH INDRAVRAT,7778035143,396321,Fino Payments Bank Ltd.
+ JIVABHAI KAKADBHAI GAVIT,9638882864,394730,Yes Bank Limited
+ JIVAN L,6353614433,396580,India Post Payments Bank Limited
+ JIVANBHAI B,8511885739,396521,India Post Payments Bank Limited
+ JUHI SANJAYBHAI,8160987715,396418,India Post Payments Bank Limited
+ JULISHABEN V,9574735181,396412,India Post Payments Bank Limited
+ JUNED UMARJI  BAGAS,8511317540,396445,Bank of Baroda
+ JYOTIBEN AMITBHAI,9586870819,396051,India Post Payments Bank Limited
+ JYOTIBEN B,9723914100,396433,India Post Payments Bank Limited
+ JYOTIBEN C,9925983605,396210,India Post Payments Bank Limited
+ JYOTINDRASINH JAYPALSINH,7359426268,396403,India Post Payments Bank Limited
+ JYOTSANABEN ARJUNSINH THAKOR,8849264891,396469,Central Bank of India
+ JYOTSNABEN P,8155999517,396427,India Post Payments Bank Limited
+ KAILAS KAMLESHBHAIPATEL,9913096667,396380,Bank of India
+ KAILASH DAMARCHAND SHAH,8128063407,396445,Airtel Payments Bank Limited
+ KAILASH KUMAR,9409527795,394730,Yes Bank Limited
+ KAJALBEN MEGHARAJBHAI DESHMUKH,8238823117,396051,Yes Bank Limited
+ KALPANA S,9537264664,396436,India Post Payments Bank Limited
+ KALPESH MISTRY,9879285711,396445,Paytm Payments Bank Limited
+ KALPESH PARMAR,9825257398,396521,Paytm Payments Bank Limited
+ KALPESHBHAI PARBHUBHAI CHAVDHARI,8758658148,396580,Yes Bank Limited
+ KALPESHHAI DIPAKHAI TALAVIYA,9904799360,396570,Bank of Baroda
+ KALPESHKUMAR,9909630869,396445,India Post Payments Bank Limited
+ KALPESHKUMAR BHATEVARA,9428382606,396580,State Bank of India
+ KALPESHKUMAR MOHANBHAI GARASIYA,9426647576,396580,Yes Bank Limited
+ KALURAM  GURJAR,9079309924,396580,Yes Bank Limited
+ KALYANI N,9723364678,396409,India Post Payments Bank Limited
+ KAMAL KRISHNAKANT RAJGOR,9998711335,396445,Fino Payments Bank Ltd.
+ KAMBOYA VDUS MANDALI LTD,8238186905,396580,The Federal Bank Ltd.
+ KAMINIBEN  PATEL,7069237177,396560,Bank of Baroda
+ KAMINIBEN CHIRAGBHAI PATEL,9712124551,396060,Fino Payments Bank Ltd.
+ KAMLABEN A,8511230750,396590,India Post Payments Bank Limited
+ KAMLESH  KUMAVAT,9265850700,396350,Bank of Baroda
+ KAMLESH B,9558630651,396463,India Post Payments Bank Limited
+ KAMLESH JOITABHAI,7818835464,396406,India Post Payments Bank Limited
+ KAMLESH PREMJI SOLANKI,9427863190,396530,State Bank of India
+ KAMLESH SUPDUBHAI PATIL,9825263489,396436,Yes Bank Limited
+ KAMLESHBHAI,9712242588,396445,India Post Payments Bank Limited
+ KAMLESHBHAI,9274457274,396415,Yes Bank Limited
+ KAMLESHBHAI  PATEL,7698670020,396570,Bank of Baroda
+ KANCHANBEN BHIKHUBHAI SHAH,8238565368,396436,Yes Bank Limited
+ KANCHANBEN PRABHUBHAI RATHOD,8511517497,396472,Bank of Baroda
+ KANHAIYA LAL GURJAR,8769674007,396580,Yes Bank Limited
+ KANTIBHAI S,9909132725,396463,India Post Payments Bank Limited
+ KANTILAL  PUROHIT,9974668019,396436,Bank of Baroda
+ KANTILAL R,9586300437,394370,India Post Payments Bank Limited
+ KAPIL HARILAL PATEL,9898393982,396321,Paytm Payments Bank Limited
+ KAPIL KUMAR GOYAL,8866146030,394235,Indian Bank
+ KAPURCHAND ABHIMANYU PATIL,9409491959,396445,Fino Payments Bank Ltd.
+ KARANKUMAR,9727400828,396406,India Post Payments Bank Limited
+ KARUNABEN MANUBHAI  PATEL,9687340969,396445,Bank of Baroda
+ KASHIBEN,9898394380,396424,Airtel Payments Bank Limited
+ KAUSHIKBHAI ITUBHAI THAKRE,9998041365,396580,Yes Bank Limited
+ KAUSHIKKUMAR ARVINDBHAI RATHOD,8866240339,396445,Yes Bank Limited
+ KAUSHIKKUMAR B,9904074684,396430,India Post Payments Bank Limited
+ KAYUMKHAN BASIRKHAN PATHAN,9662595398,396580,State Bank of India
+ KEJAL SURESHBHAI,9265773595,396406,India Post Payments Bank Limited
+ KENETHDHARMESHBHAI  PATEL,8849762285,396521,Bank of Baroda
+ KENILKUMAR ASHISHBHAI,8460760200,396060,India Post Payments Bank Limited
+ KENILKUMAR M,9974953396,396060,India Post Payments Bank Limited
+ KERULKUMAR AMRATBHAI RATHOD,9624012453,396521,Fino Payments Bank Ltd.
+ KESA RAM,9974526034,396430,Airtel Payments Bank Limited
+ KESA RAM,7600627046,396430,Yes Bank Limited
+ KETAN,8000114687,396445,India Post Payments Bank Limited
+ KETAN CHHOTU PATIL,8007821354,394185,Yes Bank Limited
+ KETANBHAI,9582846876,396427,India Post Payments Bank Limited
+ KETANBHAI N,9879423873,391150,India Post Payments Bank Limited
+ KETANKUMAR,9726035560,396445,India Post Payments Bank Limited
+ KETANKUMAR,9067390887,396445,India Post Payments Bank Limited
+ KETANKUMAR  SHAH,9974982999,396360,Bank of Baroda
+ KEVAL VINODBHAI,9979655431,396560,India Post Payments Bank Limited
+ KEVIN MANOJBHAI PATEL,8490994477,396321,Yes Bank Limited
+ KEYUR RAMESHCHANDRA DALAL,9825075644,396115,Fino Payments Bank Ltd.
+ KEYURKUMAR CHAUDHARI,9510205253,396060,Bank of India
+ KEYURKUMAR RAJUBHAI,8200690665,396110,India Post Payments Bank Limited
+ KHANDUBHAI S,9429787105,396060,India Post Payments Bank Limited
+ KHANDUBHAI Z,9687423417,396040,India Post Payments Bank Limited
+ KHAPARWADA D.U.S.M.L.,9537818990,396321,The Federal Bank Ltd.
+ KHAROLI D.U.S.M.L.,8511316866,396570,The Federal Bank Ltd.
+ KHATAAMBA D U S LTD,9409777724,396580,The Federal Bank Ltd.
+ KHEMRAJ SALVI,9426136507,396450,Airtel Payments Bank Limited
+ KHEVNA DEVANGKUMAR,8128654167,396350,India Post Payments Bank Limited
+ KHUSHBU MANGUBHAI  PATEL,9904796639,396521,Bank of Baroda
+ KHUSHBUBEN U,7698326165,396560,India Post Payments Bank Limited
+ KINAJANBEN MAGANLAL,8401348571,396430,India Post Payments Bank Limited
+ KINARIWAL MOHAMMAD JAWWAAD,9558612804,395002,Airtel Payments Bank Limited
+ KINJAL DIPAKKUMAR,9099843002,396463,India Post Payments Bank Limited
+ KINNARI BEN M,9725759989,396406,India Post Payments Bank Limited
+ KIRANBHAI MANUBHAI PATEL,8490060099,396380,Fino Payments Bank Ltd.
+ KIRANSINH MAHENDRASINH RATHOD,9825547609,396445,Paytm Payments Bank Limited
+ KIRTIBEN B,7069919569,396430,India Post Payments Bank Limited
+ KIRTIBEN HARISHBHAI PATEL,7016155880,396445,Fino Payments Bank Ltd.
+ KIRTILA M,8758666368,396436,India Post Payments Bank Limited
+ KISAN CHANDRAKANT  PATEL,9978100914,396430,Bank of Baroda
+ KISHAN ISHVARBHAI,8460502022,396560,India Post Payments Bank Limited
+ KISHANBHAI KUKANA,8849526142,396321,AXIS Bank Ltd.
+ KISHANBHAI RAJUBHAI HALPATI,9725674180,396406,Fino Payments Bank Ltd.
+ KISHANKUMAR  PATEL,7226921752,396445,Airtel Payments Bank Limited
+ KISHOR J,7600317828,396463,India Post Payments Bank Limited
+ KISHORAGIRI B,9427479221,396370,India Post Payments Bank Limited
+ KISHORBHAI R,7201800166,396560,India Post Payments Bank Limited
+ KISHORBHAI R,9726983971,396412,India Post Payments Bank Limited
+ KISHORBHAI S,9601787726,396412,India Post Payments Bank Limited
+ KOKNI NITINBHAI NAVJIBHAI,9979494358,396590,Paytm Payments Bank Limited
+ KOTVALIYA RAKESHBHAI RAMESHBHAI,9316551832,394651,Yes Bank Limited
+ KRINA  GAJJAR,9924810428,396040,Bank of Baroda
+ KRIPALSINH,9426658265,396445,India Post Payments Bank Limited
+ KRISHNA RASTOGI,7309059668,396475,Paytm Payments Bank Limited
+ KRUNAL  PATEL,9574101838,396585,Bank of Baroda
+ KRUNALBHAI CHHANABHAI KURKUTIYA,9023735303,396051,Yes Bank Limited
+ KRUPALBHAI SUMANBHAI PATEL,8160682081,396570,Fino Payments Bank Ltd.
+ KRUPALI APURV MEHTA,9426888221,396445,AXIS Bank Ltd.
+ KRUPALI PRAVINBHAI,8511217127,396521,India Post Payments Bank Limited
+ KRUSHNA SHALIGRAM,7043742530,396436,India Post Payments Bank Limited
+ KRUTIK  PATEL,9099818532,396403,Bank of Baroda
+ KULDEEP  SURTI,9428715304,396580,Bank of Baroda
+ KULDIP RAMSEVAK VARMA,9723919161,396450,Yes Bank Limited
+ KUNJALBEN R,7284046651,396540,India Post Payments Bank Limited
+ KUSHANGKUMAR JITENDRABHAI,9664831496,396040,India Post Payments Bank Limited
+ LABDHI DHARMIN SHAH,9427517317,396445,Fino Payments Bank Ltd.
+ LAKHAVANI ADNANBHAI RAFIKBHAI,8866979428,396415,Yes Bank Limited
+ LAKSHMIBEN B,9106383883,396436,India Post Payments Bank Limited
+ LALJIBHAI,9687805364,396580,India Post Payments Bank Limited
+ LALJIBHAI S,8758406514,396580,India Post Payments Bank Limited
+ LATABEN R,9727435129,396580,India Post Payments Bank Limited
+ LAXMANBHAI G,9925894626,396325,India Post Payments Bank Limited
+ LAXMANBHAI M,9979222031,396580,India Post Payments Bank Limited
+ LAY MAHESHBHAI,9558587016,396360,India Post Payments Bank Limited
+ M S  PARTAPORE D.U.S.M.L,7405276013,396445,The Federal Bank Ltd.
+ M S BARI FALIYA DUDH UTPADAK SAHKARI MANDALI LIMITED,9408763329,396580,The Federal Bank Ltd.
+ M S BARTAD KHANPUR DUDH UTPADAK SAHAKARI MANDLI LIMITED,9726528822,396051,The Federal Bank Ltd.
+ M S BHAGAD D.U.S.M.L,9904922803,396310,The Federal Bank Ltd.
+ M S CHARANWALA D U S MANDLI LTD,9428854595,396580,The Federal Bank Ltd.
+ M S CHHAPAR D.U.S.M.L,9426847393,396310,The Federal Bank Ltd.
+ M S DOKIYA FALIYA CHORAVANI DUDH UTPADAK SAHKARI MANDALI LIMITED,9712252057,396580,The Federal Bank Ltd.
+ M S GHANA FALIYA KALAMTHA D.U.S.M.L,9998250952,396310,The Federal Bank Ltd.
+ M S KANSARIYA DUDH UTPADAK SAHAKARI MANDALI LIMITED,9313190119,396580,The Federal Bank Ltd.
+ M S KHAKHRI F SADAKPORE D.U.S.M.L.,6352226358,396521,The Federal Bank Ltd.
+ M S MACHIAVASAN D.U.S.M.L,8980505488,396310,The Federal Bank Ltd.
+ M S MAHUVAS DUDH UTPADAK SAHAKARI MANDALI LIMITED,9327569788,396580,The Federal Bank Ltd.
+ M S MUKU F KHAMBHALA DUDH UTPADAK SAHAKARI MANDALI,9638717206,396580,The Federal Bank Ltd.
+ M S NISHAL FALIYA CHORAVANI DUDH UTPADAK SAHKARI MANDLI LIMITED,8469035669,396580,The Federal Bank Ltd.
+ M S PATEL FALIA MANKUNIYA DUDH UTPADAK SAHAKARI MANDALI LIMITED,9737498051,396580,The Federal Bank Ltd.
+ M S PATEL FALIYA RANI FALIYA DUDH UTPADAK SAHAKARI MANDLI LIMITED,8511716630,396580,The Federal Bank Ltd.
+ M S RANGPUR DUDH UTPADAK SAHKARI MANDALI LI,9725050444,396580,The Federal Bank Ltd.
+ M S UPLA FA SATIMAL D.U.S.M.L.,9726833868,396051,The Federal Bank Ltd.
+ M S VAGHRECH D.U.S.M.L,6352426898,396321,The Federal Bank Ltd.
+ M S VANAGAM D.U.S.M.L.,8511688650,396321,The Federal Bank Ltd.
+ M S VANGAN D U S M LTD,9426401397,396580,The Federal Bank Ltd.
+ M.S MANDIR FALIA PANIKHADAK,7574032746,396060,The Federal Bank Ltd.
+ M.S. BARI FA. MANKUNIYA D.U.S.M.L.,9484410901,396580,The Federal Bank Ltd.
+ MAAZ MAKSUD GHANCHI,9662599677,396321,Fino Payments Bank Ltd.
+ MADHUBEN S,9726746093,396580,India Post Payments Bank Limited
+ MADHUBHAI M,7698865595,396590,India Post Payments Bank Limited
+ MAHALA PRAGNESHBHAI RAMESHBHAI,7283814811,396580,Yes Bank Limited
+ MAHAVIRSINH,9773279027,396436,India Post Payments Bank Limited
+ MAHEK RAJESHKUMAR,9714263112,396412,India Post Payments Bank Limited
+ MAHENDRA  PATEL,9974261780,396521,Bank of Baroda
+ MAHENDRA JAIN,9879691196,396445,Bank of India
+ MAHENDRABHAI G,9537794519,396040,India Post Payments Bank Limited
+ MAHENDRABHAI LALLUBHAI RAVAT,9904589645,396066,Union Bank of India
+ MAHENDRABHAI M,9723116909,396433,India Post Payments Bank Limited
+ MAHENDRAKUMAR  LUHAR,9974823744,396455,Bank of Baroda
+ MAHENDRAKUMAR  MALI,8238212558,396445,Airtel Payments Bank Limited
+ MAHENDRASINH BARAD,9879590202,396436,Airtel Payments Bank Limited
+ MAHERVANBHAI H,9724668300,396430,India Post Payments Bank Limited
+ MAHESHBHAI J,9974619033,396560,India Post Payments Bank Limited
+ MAHESHBHAI PATEL,9723804026,396060,IDFC First  Bank Ltd
+ MAHESHBHAI R,9974827104,396560,India Post Payments Bank Limited
+ MAHESHKUMAR,9898033769,396360,India Post Payments Bank Limited
+ MAHILAO SANCHALIT DEM FALIYA ZUJ DUDH UTPADAK SAHAKARI MANDALI LIMITED,9978933034,396580,The Federal Bank Ltd.
+ MAHILAO SANCHALIT DUNGRI FALIYA VANARASI DUDH UTPADAK SAHKARI MANDALI,8153926383,396580,The Federal Bank Ltd.
+ MAHILAO SANCHALIT GAIKWAD FALIYA PANIKHADAK D U SAHKARI MANDLI LIMITED,9313416050,396060,The Federal Bank Ltd.
+ MAHILAO SANCHALIT GAMTAL SYADA D.U.S.M.L,9427349293,396540,The Federal Bank Ltd.
+ MAHILAO SANCHALIT KALAAMBA DUDH UTPADAK SAHKARI MANDLI LI,9979190364,394730,The Federal Bank Ltd.
+ MAHILAO SANCHALIT KELIYA DUDH UTPADAK SAHKARI MANDALI LIMITED,9427707040,396060,The Federal Bank Ltd.
+ MAHILAO SANCHALIT LACHHAKDI DUDH UTPADAK SAHAKARI MANDLI LIMITED,7874873220,396580,The Federal Bank Ltd.
+ MAHILAO SANCHALIT LAKADBARI DUDH UTPADAK SAHAKARI MANDLI LIMITED,9737963607,396051,The Federal Bank Ltd.
+ MAHILAO SANCHALIT MANKUNIYA DUDH UTPADAK SAHKARI MANDALI LIMITED,9499677784,396580,The Federal Bank Ltd.
+ MAHILAO SANCHALIT NAVTAD DUDH UTPADAK SAHAKARI MANDALI LIMITED,9023504213,396580,The Federal Bank Ltd.
+ MAHILAO SANCHALIT NIRPAN DUDH UTPADAK SAHAKARI MANDALI LTD,9408830083,396580,The Federal Bank Ltd.
+ MAHILAO SANCHALIT NISHAL FALIYA SUKHABARI DUDH UTPADAK SAHKARI MANDALI,9510765719,396540,The Federal Bank Ltd.
+ MAHILAO SANCHALIT PATEL FALIA KHAAMBHLA DUDH UTPADAK SAHKARI MANDALI LIMITED,9773448070,396580,The Federal Bank Ltd.
+ MAHILAO SANCHALIT PILAD FALIYA MAHUVAS DUDHUTPADAK SAHKARI MANDALI LIMITED,8141227064,396580,The Federal Bank Ltd.
+ MAHILAO SANCHALIT ZARI DUDH UTPADAR SAHAKARI MANDALI LIMITED,9429059502,396321,The Federal Bank Ltd.
+ MAHMAADSAEED I,9426881184,396560,India Post Payments Bank Limited
+ MAKRANI MAHMAD ASPAK ABBASBHAI,9998282841,396580,HDFC Bank Ltd.
+ MAKWANA SANDIP,7623887241,396380,Yes Bank Limited
+ MALTIBEN R,9979144288,382430,India Post Payments Bank Limited
+ MAMTABENSHARMA,9377047096,396445,Ujjivan Small Finance Bank Limited
+ MANGUBHAI L,9723082113,396040,India Post Payments Bank Limited
+ MANGUBHAI P,7990266088,396360,India Post Payments Bank Limited
+ MANILAL P,9638998325,396580,India Post Payments Bank Limited
+ MANILALBHAI S,9537736943,396580,India Post Payments Bank Limited
+ MANISH  PATEL,9824418040,396521,Bank of Baroda
+ MANISH ARUNBHAI MAPARA,9898570275,396321,Paytm Payments Bank Limited
+ MANISHA  GAYAKWAD,9714628595,396040,Bank of Baroda
+ MANISHA J,9879772988,396060,India Post Payments Bank Limited
+ MANISHABEN  PATEL,8140688271,396521,Bank of Baroda
+ MANISHKUMAR RAMESHCHANDRA GANDHI,9427153144,396580,Yes Bank Limited
+ MANISHKUMAR VALLABHBHAI GAYAKWAD,9727620716,396040,Yes Bank Limited
+ MANJULA BEN F,9979223320,396521,India Post Payments Bank Limited
+ MANOJ A,9687078881,380001,India Post Payments Bank Limited
+ MANOJ DIGAMBAR GUPTA,9898182535,396450,Airtel Payments Bank Limited
+ MANOJBHAI D,9727952016,396570,India Post Payments Bank Limited
+ MANOJKUMAR BHASKARBHAI PATEL,9974652231,396406,AXIS Bank Ltd.
+ MANOJKUMAR PATEL,9737359505,396521,Airtel Payments Bank Limited
+ MANU K,7069147647,396439,India Post Payments Bank Limited
+ MANUBHAI B,9913747994,396580,India Post Payments Bank Limited
+ MANUBHAI B,8980293946,396360,India Post Payments Bank Limited
+ MANUBHAI CHHANABHAI,6359889258,396409,India Post Payments Bank Limited
+ MANUBHAI JIVALUBHAI,9737881255,396580,India Post Payments Bank Limited
+ MAUSAMIKUMARI S,9427695054,396560,India Post Payments Bank Limited
+ MAYABEN N,9687142518,394651,India Post Payments Bank Limited
+ MAYANK AMRATBHAI PATEL,7990739855,396433,Fino Payments Bank Ltd.
+ MAYANK KANTILAL SHAH,9998868640,396463,Central Bank of India
+ MAYANKKUMAR P,7383680314,396440,India Post Payments Bank Limited
+ MAYUR NARESHBHAI,9687155345,396440,India Post Payments Bank Limited
+ MAYURBHAI DEVSINGHBHAI SOHLA,9727506763,394730,Yes Bank Limited
+ MAYURI  SHAH,9998382646,396310,Bank of Baroda
+ MAYURIBEN D,9574950660,396469,India Post Payments Bank Limited
+ MAYURIBEN KANAKSINH PARMAR,9979220488,396540,Fino Payments Bank Ltd.
+ MAYURKUMAR  PATEL,8980355827,396040,Bank of Baroda
+ MAZHAR IBRAHIM SALEJEE,8155075929,396475,Fino Payments Bank Ltd.
+ MEGHANA AMIT  SALVI,7990943657,396427,Bank of Baroda
+ MEGHANAKUMARI T,9727031410,396580,India Post Payments Bank Limited
+ MEGHNABEN BHIKHUBHAI,8238310386,396110,India Post Payments Bank Limited
+ MEHUL  N,8758984141,396350,India Post Payments Bank Limited
+ MEHUL KUMAR  PATEL,7285800789,396424,Fino Payments Bank Ltd.
+ MEHUL RAMESH,9558919937,396560,India Post Payments Bank Limited
+ MEHUL RAMESHBHAI,9558918837,396560,India Post Payments Bank Limited
+ MEHULBHAI KANUBHAI NAYAK,9687593347,396040,Yes Bank Limited
+ MEHULBHAI PRAVINBHAI GAYAKVAD,8238845280,396060,Fino Payments Bank Ltd.
+ MEHULBHAI SOMABHAI ALBAD,8980607506,396580,Yes Bank Limited
+ MILAN  KANUJA,9638895818,396585,Bank of Baroda
+ MILAN  PATEL,7359899575,396040,Bank of Baroda
+ MILAN R,7801926984,396472,India Post Payments Bank Limited
+ MILANKUMAR MANJIBHAI THORAT,9428983317,396580,Yes Bank Limited
+ MILNAKUMAR  PATEL,9327124518,396040,Bank of Baroda
+ MINA K,9904264310,396475,India Post Payments Bank Limited
+ MINABEN  BHIMSEN,8140019747,396585,Bank of Baroda
+ MINABEN R,7600595263,396580,India Post Payments Bank Limited
+ MINAXI R,8469673286,396580,India Post Payments Bank Limited
+ MINAXIBEN D,9687006746,396445,India Post Payments Bank Limited
+ MINESH  PAWAR,9825292653,396580,Bank of Baroda
+ MINESKUMAR JANARDAN SHANKU,8866334314,396321,Airtel Payments Bank Limited
+ MINHAZ MAHAMMADRIYAZ MAKNOJIYA,7359181810,396409,Yes Bank Limited
+ MINUBEN  PATEL,9638838664,396521,Bank of Baroda
+ MISTRY PIYUSHKUMAR B,9898655308,396521,HDFC Bank Ltd.
+ MIT PRAMODCHANDRA KANSARA,9726246011,396521,State Bank of India
+ MITALBEN T,9924939465,396521,India Post Payments Bank Limited
+ MITESH  CHAUHAN,9429058990,396570,Bank of Baroda
+ MITESH VELJIBHAI GAYAKWAD,9737561370,396580,Yes Bank Limited
+ MITESHBHAI G,9558627725,396450,India Post Payments Bank Limited
+ MITESHKUMAR  RANA,9824304409,396580,Bank of Baroda
+ MITESHKUMAR BHANABHAI PATEL,9377037422,396040,Fino Payments Bank Ltd.
+ MITESHKUMAR GULAB BHAI PATEL,9879559747,396445,Paytm Payments Bank Limited
+ MOBISAFARAPI,9510226699,396436,Yes Bank Limited
+ MOHAMAD GULZAR SHAIKH,8980805774,396001,RBL Bank Ltd
+ MOHAMMADADIL MUSABHAI MULLA,6354640298,396427,Airtel Payments Bank Limited
+ MOHAMMED ZAKER A,9924322194,396415,India Post Payments Bank Limited
+ MOHAMMEDSOHEL SALIMBHAI LORGAT,8141174402,396409,Yes Bank Limited
+ MOHANBHAI CHHOGABHAI PUROHIT,7778812282,396445,Yes Bank Limited
+ MOHANBHAI H,9099227547,396475,India Post Payments Bank Limited
+ MOHANBHAI K,9979346661,396521,India Post Payments Bank Limited
+ MOHANBHAI R,9327650205,396060,India Post Payments Bank Limited
+ MOHANLAL LADULAL KUMAWAT,9601343721,396418,Yes Bank Limited
+ MOHINI,9726272370,396445,India Post Payments Bank Limited
+ MOHMAD MADNI IMRAN KAPADIA,8866547404,396445,Paytm Payments Bank Limited
+ MOKANOJIYA,9016409415,396521,Yes Bank Limited
+ MONKNOJIYA MAJID IDRISH,9726857809,396430,Fino Payments Bank Ltd.
+ MORYA SHANTILAL AVAJIBHAI,9879709382,396051,Yes Bank Limited
+ MS ANKLACHH D.U.S.M.L,7567275275,396051,The Federal Bank Ltd.
+ MS BILMODA DUDH UTPADAK SAHKARI MANDALI LIMITED,9099306808,396580,The Federal Bank Ltd.
+ MS HOLIPADA DUDH UTPADAK SAHKARI MANDAKI LIMITED,9825711260,396590,The Federal Bank Ltd.
+ MS RAVANIYA DUDH UTAPADK SAHAKARI MANDALI LIMITED,9727682884,396060,The Federal Bank Ltd.
+ MS SATABARI FA ANKLACHH D.U.S.M.L,9313004526,396051,The Federal Bank Ltd.
+ MS VADSANGAL D.U.S.M.L,8780601815,396360,The Federal Bank Ltd.
+ MSKHORA FALIYA MANKUNIYA DUDH U SAHKARI MANDLI,9409633121,396580,The Federal Bank Ltd.
+ MSKHORA FALIYA VANGAN DUDH UTPADAK SAHKARI MANDALI LI,9484410224,396580,The Federal Bank Ltd.
+ MUHAMADJAKIR SULEMAN,9924037826,396469,India Post Payments Bank Limited
+ MUKESH,9509508318,389380,India Post Payments Bank Limited
+ MUKESHBHAI BABUBHAI PATEL,9723920414,396590,Bank of Baroda
+ MUKESHBHAI KUMAVAT,7016618073,396521,Airtel Payments Bank Limited
+ MUKESHBHAI M,9913022234,396521,India Post Payments Bank Limited
+ MUKESHBHAI PATEL,9638597886,396040,IDFC First  Bank Ltd
+ MUKESHKUMAR PATEL,9428882954,396521,IDFC First  Bank Ltd
+ MUKESHKUMAR PREMCHAND LALWANI,9726866888,396445,Fino Payments Bank Ltd.
+ MUKSHBHAI VITHTHALBHAI PATEL,9825262960,396436,Paytm Payments Bank Limited
+ MURLI  KUMAWAT,7340531051,396051,Yes Bank Limited
+ NALINBHAI SUMANBHAI CHAUDHARI,9824749098,396580,Yes Bank Limited
+ NALINIBAHEN M,9913601493,396460,India Post Payments Bank Limited
+ NALINKUMAR NYALCHAND SHAH,9427517316,396445,Fino Payments Bank Ltd.
+ NALMADABEN,9898165336,396445,Airtel Payments Bank Limited
+ NAMRATABEN  NAYKA,9998902775,396310,Bank of Baroda
+ NANDALEEKUMARI  PATEL,7265071950,396580,Bank of Baroda
+ NANUBHAI N,9979761568,396521,India Post Payments Bank Limited
+ NARANBHAI R,9909887973,396530,India Post Payments Bank Limited
+ NARAYANLAL BADRILAL MALI,9687378222,396445,Paytm Payments Bank Limited
+ NARENDRA M,9228844747,396450,India Post Payments Bank Limited
+ NARESH  KAMBODI,9099887427,396421,Bank of Baroda
+ NARESHBHAI G,9824710270,396560,India Post Payments Bank Limited
+ NARESHBHAI MEHTA,9904138746,396060,IDFC First  Bank Ltd
+ NARESHBHAI N,9913704116,396427,India Post Payments Bank Limited
+ NARESHKUMAR B,9427128852,396439,India Post Payments Bank Limited
+ NARESHKUMAR B,9726199464,396445,India Post Payments Bank Limited
+ NAROTTAMBHAI L,9574272332,396580,India Post Payments Bank Limited
+ NATUBHAI N,8401333255,396436,India Post Payments Bank Limited
+ NATUBHAI R,9978355956,396590,India Post Payments Bank Limited
+ NAVANAGAR V DUDH UTPADAK SAHAKARI MANDALI LIMITED,9712817039,396580,The Federal Bank Ltd.
+ NAVINBHAI A,9428162248,396560,India Post Payments Bank Limited
+ NAVNITBHAI LALLUBHAI  GANVIT,6351972341,396585,Bank of Baroda
+ NAYANABEN N,9725920800,396427,India Post Payments Bank Limited
+ NAYANABEN R,9723916107,396445,India Post Payments Bank Limited
+ NAYNISHKUMAR  PATEL,9898155500,396445,Bank of Baroda
+ NEELIMA DIPAKKUMAR PATEL,9427102434,396445,Fino Payments Bank Ltd.
+ NEETABEN HARESHBHAI MEHTA,6359676779,396445,Yes Bank Limited
+ NEHA RAMDAS,9726187547,396310,India Post Payments Bank Limited
+ NEHAKUMARI RAJESHBHAI,7046607375,394440,India Post Payments Bank Limited
+ NEHAL  PATEL,9727560271,396040,Bank of Baroda
+ NIBURANI VIJAYBHAI,9377632572,394510,Yes Bank Limited
+ NIDHI NIRAML,8153092950,396590,India Post Payments Bank Limited
+ NIKUNJBHAI RAMUBHAI MAHALA,9726445943,396051,Yes Bank Limited
+ NILAM  MATHUKIYA,9727025016,396561,Bank of Baroda
+ NILESHBHAI DEVJIBHAI PAWAR,9586838101,396051,Yes Bank Limited
+ NILESHBHAI MURALIDHAR KANASE,8238383858,396450,Yes Bank Limited
+ NILESHKUMAR  DUBEY,7043014912,396445,Airtel Payments Bank Limited
+ NILESHKUMAR  PATEL,9574821922,396561,Bank of Baroda
+ NILESHKUMAR  PATEL,8141073666,396585,Bank of Baroda
+ NILESHKUMAR B,9714255346,396439,India Post Payments Bank Limited
+ NILESHKUMAR HASMUKHBHAI PATEL,9586129039,396521,Bank of Baroda
+ NILESHKUMAR SHRIPRAKASH PANDEY,8200672774,396463,India Post Payments Bank Limited
+ NILKANTH SUBHASH DESAI,9427869134,396445,State Bank of India
+ NIMESHKUMAR  MEHTA,9428065275,396310,Bank of Baroda
+ NIMISHABEN RATHOD,9712990206,396521,Airtel Payments Bank Limited
+ NIMISHABEN SHAILESHKUMAR SOLANKI,9313037535,396060,Fino Payments Bank Ltd.
+ NIPULBHAI S,9904830492,396350,India Post Payments Bank Limited
+ NIRAJ BHIKHUBHAI PATEL,9727489887,396521,Yes Bank Limited
+ NIRAJBHAI LAXMANBHAI TANDEL,8320939993,396040,Yes Bank Limited
+ NIRAJKUMAR A,9898949379,396560,India Post Payments Bank Limited
+ NIRALIBEN,9998833294,396580,India Post Payments Bank Limited
+ NIRALIBEN ATIT,9328986403,396570,India Post Payments Bank Limited
+ NIRALKUMARI,9904670383,396060,India Post Payments Bank Limited
+ NIRANJAN BHAKTA,9833703268,396445,AXIS Bank Ltd.
+ NIRAV A,8140954728,396060,India Post Payments Bank Limited
+ NIRAV NANUBHAI PATEL,9913894316,396445,Paytm Payments Bank Limited
+ NIRAVKUMAR S,8758771044,396412,India Post Payments Bank Limited
+ NIRMA  CHAUDHARI,9979267478,396580,Bank of Baroda
+ NIRMAL P,9601000570,396521,India Post Payments Bank Limited
+ NIRMALABEN K,9638149956,396466,India Post Payments Bank Limited
+ NIRMALKUMAR KARSANBHAI THAKARIYA,9737874561,396051,Yes Bank Limited
+ NIRUBEN M,9714826595,396360,India Post Payments Bank Limited
+ NISHANT J,9157102292,396580,India Post Payments Bank Limited
+ NISHANTSINH D,8511301566,396521,India Post Payments Bank Limited
+ NITABEN KIRANBHAI PATEL,9712088869,396521,Bank of Baroda
+ NITESHBHAI RAMESHBHAI PATEL,9737877013,396060,Yes Bank Limited
+ NITIN  SHIVADE,9033979628,396455,Bank of Baroda
+ NITIN RAMMILAN PANDIT,9574179751,396436,Yes Bank Limited
+ NITINBHAI  PATEL,9909273511,396439,Bank of Baroda
+ NIYATIKUMARI ISHVARBHAI,9898827565,396445,India Post Payments Bank Limited
+ NKLAMINATE,9587181570,396424,Kotak Mahindra Bank Limited
+ OJASKUMAR BHARATKUMAR SHAH,7486840075,396310,State Bank of India
+ OMENTERPRISE,9054650650,396445,Kotak Mahindra Bank Limited
+ OMPRAKASH PARASMAL PATWARI,9825948514,396521,Fino Payments Bank Ltd.
+ PADVI VISHNUBHAI,9727975068,394730,Airtel Payments Bank Limited
+ PALLAVIBEN MAYANKBHAI PATEL,8780810330,396433,Fino Payments Bank Ltd.
+ PANKAJ HIMMATLAL SALVI,9898727266,396424,Yes Bank Limited
+ PANKAJBHAI,9904679654,396427,India Post Payments Bank Limited
+ PANKTI SHANTILAL,9737648669,396060,India Post Payments Bank Limited
+ PANNABEN  PATEL,8511325165,396110,Bank of Baroda
+ PANNABEN M,9904974668,396310,India Post Payments Bank Limited
+ PAPPU MAHAVIRPRASAD  SHARMA,9725032627,396433,Yes Bank Limited
+ PAPPU SINGH RAMSINGH CHUNDAWAT,9723605835,396475,Yes Bank Limited
+ PARAS KUMAR,9726360201,396427,India Post Payments Bank Limited
+ PARESH  BHALIYA,9638028203,396445,Bank of Baroda
+ PARESH  NAGPAL,9825335706,396445,Bank of Baroda
+ PARESHKUMAR  RATHOD,9624353437,396321,Bank of Baroda
+ PARESHKUMAR M,7359479973,396350,India Post Payments Bank Limited
+ PARIKSHIT SHAILESHBHAI,8200662230,396040,India Post Payments Bank Limited
+ PARIMALKUMAR VINODBHAI PATEL,9574371747,396580,Yes Bank Limited
+ PARIXITBHAI N,9724755447,396060,India Post Payments Bank Limited
+ PARJAPTI PARESBHAI,9898725801,394185,Yes Bank Limited
+ PARSHURAMBHAI AMRATBHAI THAKRE,8140918423,394730,Yes Bank Limited
+ PARSOTBHAI G,9998279004,396060,India Post Payments Bank Limited
+ PARTH JAYESHSINH PARMAR,7046473645,396521,AXIS Bank Ltd.
+ PARTH RASHMIKANT PATEL,8780574382,396380,Fino Payments Bank Ltd.
+ PARTHKUMAR A,7698391216,396450,India Post Payments Bank Limited
+ PARTHKUMAR BHPENDRABHAI,9427390298,396436,India Post Payments Bank Limited
+ PARTHKUMAR K,9737553887,396475,India Post Payments Bank Limited
+ PARULBEN B,7359997285,396521,India Post Payments Bank Limited
+ PARULBEN K,9726605667,396436,India Post Payments Bank Limited
+ PARVATI  RAVAT,9638880734,396585,Bank of Baroda
+ PARVATIBEN MOHANBHAI PATEL,9727353605,396380,Fino Payments Bank Ltd.
+ PATEL HEMANTBHAI VINUBHAI,6351596349,396580,Fino Payments Bank Ltd.
+ PATEL HEMARAJ SUBHASHBHAI,7383879793,396450,India Post Payments Bank Limited
+ PATEL JIGNESHKUMAR KESURBHAI,9426475353,396590,Fino Payments Bank Ltd.
+ PATEL KALPESH LALJIBHAI,9904862043,396040,Fino Payments Bank Ltd.
+ PATEL KALPESHBHAI BACHUBHAI,8469416198,396580,Punjab National Bank
+ PATEL KARANKUMAR SOMABHAI,9825081908,396445,Yes Bank Limited
+ PATEL MITTALKUMARI DHARMESHBHAI,9925011721,396570,Fino Payments Bank Ltd.
+ PATEL MRUGESHBHAI  CHAMPAKBHAI,8140890156,396585,Bank of Baroda
+ PATEL NIMESH RAMESHBHAI,9898506372,394510,Yes Bank Limited
+ PATEL PRATHMESH KUMAR MAHESHBHAI,7405584438,396321,AXIS Bank Ltd.
+ PATEL RANCHHODBHAI,9924999609,396521,Airtel Payments Bank Limited
+ PATEL REENKALKUMAR BHANABHAI,9723319397,396521,Yes Bank Limited
+ PATEL SANDEEPKUMAR ISHVARBHAI,9574100728,396560,Yes Bank Limited
+ PATEL SAROJBEN GANPATBHAI,9909542214,396040,Fino Payments Bank Ltd.
+ PATEL SHREYASKUMAR JAYANTIBHAI,9724123838,396445,Yes Bank Limited
+ PATEL VAISHALIBEN PANKAJBHAI,9081177333,396040,Fino Payments Bank Ltd.
+ PATELRITESHKUMAR AMRATBHAI,7698237652,396380,AXIS Bank Ltd.
+ PATHAN NASRIN YAKUBKHAN,9099456437,396421,AXIS Bank Ltd.
+ PATIL,8000890088,396436,Yes Bank Limited
+ PATIL VINOD,8460871311,394315,Yes Bank Limited
+ PAVAN BHARATBHAI,7990101087,396463,India Post Payments Bank Limited
+ PINALKUMAR PATEL,9601590194,396060,Yes Bank Limited
+ PINKAL NALINKUMAR SHAH,9426032351,396445,Fino Payments Bank Ltd.
+ PINKAL RAMABHAI,9987959657,396475,India Post Payments Bank Limited
+ PINKALBAHEN N,7600781140,396427,India Post Payments Bank Limited
+ PIYUSHBHAI CHHOTUBHAI GANVIT,9725464570,396580,AXIS Bank Ltd.
+ PIYUSHKUMAR  LAD,9714121004,396521,Bank of Baroda
+ POOJA RAJESHBHAI,9979682816,396350,India Post Payments Bank Limited
+ PRABHAT  ARORA,9268148148,121001,Fino Payments Bank Ltd.
+ PRABHUBHAI NANDALAL KUMAWAT,9925616723,396040,Yes Bank Limited
+ PRACHI DIPAKBHAI,8320698701,396350,India Post Payments Bank Limited
+ PRACHI KETAN SHAH,9978218799,396360,State Bank of India
+ PRADEEPKUMAR BHARATBHAI PATEL,9904601009,396580,Yes Bank Limited
+ PRADIPBHAI  PATEL,9624793373,396040,Bank of Baroda
+ PRADIPKUMAR BHAGUBHAI PATEL,9979906838,396540,HDFC Bank Ltd.
+ PRADIPKUMAR SANJAYBHAI RATHOD,9601472196,396450,Central Bank of India
+ PRADIPKUMAR SURESHBHAI KUNVAR,9408759202,396580,Yes Bank Limited
+ PRAGNESH MAHENDRABHAI PATEL,9978000841,396321,Fino Payments Bank Ltd.
+ PRAGNESHKUMAR  RAJPUT,8469444679,396445,Bank of Baroda
+ PRAGNESHKUMAR CHHIBUBHAI PATEL,9099003879,396310,Fino Payments Bank Ltd.
+ PRAHLADBHAI  PARMAR,9898381684,387620,Airtel Payments Bank Limited
+ PRAJAPATI MAHESHCHANDRA,9377991647,396321,Yes Bank Limited
+ PRAKASH DILIPSING GIRASE,8411927691,396450,Yes Bank Limited
+ PRAKASHBHAI MANUBHAI PATEL,9737974200,394730,Yes Bank Limited
+ PRAKASHCHANDRA A,9376103303,396421,India Post Payments Bank Limited
+ PRAKASHCHANDRA CHANDUBHAI MALI,9638806475,394730,Yes Bank Limited
+ PRAKASHKUMAR R,9925278497,396521,India Post Payments Bank Limited
+ PRAKRUTIBEN  TANDEL,8780468607,396412,Bank of Baroda
+ PRAMOD BHAI S,9824455261,396445,India Post Payments Bank Limited
+ PRAMOD DHIRUBHAI PATEL,9825256023,396321,Paytm Payments Bank Limited
+ PRAMODBHAI CHHAGANBHAI PATEL,9427469330,396321,Fino Payments Bank Ltd.
+ PRANAV MOHANBHAI,8200752960,396360,India Post Payments Bank Limited
+ PRASAD ABHAYKUMAR MODLAL,7405787777,396445,Yes Bank Limited
+ PRASANT  NAIKA,9898877119,396321,Bank of Baroda
+ PRASHANT  PATEL,9898449753,396321,Bank of Baroda
+ PRASHANT MANSUKHBHAI,8866459920,396521,India Post Payments Bank Limited
+ PRASHANTSINH  PANJROLIYA,9824343471,396580,Bank of Baroda
+ PRATIK SANJAYBHAI VASHI,9925555899,396360,Fino Payments Bank Ltd.
+ PRATIKBHAI  PATEL,8905032950,396521,Bank of Baroda
+ PRATIKKUMAR DIPAKBHAI PATEL,8511326611,396310,Fino Payments Bank Ltd.
+ PRAVIN TODAMAL SHAH,9974327075,396450,Airtel Payments Bank Limited
+ PRAVINBHAI J,9601338231,396466,India Post Payments Bank Limited
+ PRAVINBHAI KARSHANBHAI PUROHIT,8733077668,396445,Yes Bank Limited
+ PRAVINBHAI L,9099116070,396466,India Post Payments Bank Limited
+ PRAVINBHAI M,9429275802,396580,India Post Payments Bank Limited
+ PRAVINBHAI R,9979642532,396436,India Post Payments Bank Limited
+ PRAVINBHAI S,9574350403,396580,India Post Payments Bank Limited
+ PRAVINKUMAR R,9727412704,396350,India Post Payments Bank Limited
+ PREMSAGAR SHIVSHANKER,9898116482,396463,Yes Bank Limited
+ PRITEEKUMARI ZAVERBHAI PATEL,7862908696,396051,Yes Bank Limited
+ PRITESH KANJIBHAI DAMA,9106493660,396321,Fino Payments Bank Ltd.
+ PRITESHKUMAR  PATEL,7623039468,396580,Bank of Baroda
+ PRITESHKUMAR N,9687086234,396590,India Post Payments Bank Limited
+ PRITESHKUMAR PATEL,6352217110,396560,Airtel Payments Bank Limited
+ PRITIBEN H,9925664357,396360,India Post Payments Bank Limited
+ PRITIBEN HEMANTSINH CHAUHAN,9879783615,396321,Fino Payments Bank Ltd.
+ PRITIKUMARI  SOLANKI,7043454476,396570,Bank of Baroda
+ PRIYA A,9099249102,396040,India Post Payments Bank Limited
+ PRIYA HARISHBHAI,9898679967,396415,India Post Payments Bank Limited
+ PRIYANKABAHEN AMITKUMAR TAILOR,9904096352,396321,Fino Payments Bank Ltd.
+ PRIYANKABEN RAMESHBHAI VAISHANAV,9879175357,396445,Yes Bank Limited
+ PRIYANKAKUMARI K,7573965495,396580,India Post Payments Bank Limited
+ PRIYANKAKUMARI R,9377122101,396450,India Post Payments Bank Limited
+ PRIYANSHI ASHOKBHAI,7069737774,396060,India Post Payments Bank Limited
+ PUKHRAJ KAILASHCHANDRA SHARMA,9974332026,396060,Fino Payments Bank Ltd.
+ PURAN MAL JAT,7043679928,396580,Yes Bank Limited
+ PURANCHAND DEBILAL KUMAVAT,9714737912,396521,Yes Bank Limited
+ PUROHIT ASHOKBHAI LAVJIBHAI,9898839947,396445,Paytm Payments Bank Limited
+ PUSHPABEN,9974380671,396445,Airtel Payments Bank Limited
+ PUSHPABEN N,9913981716,394350,India Post Payments Bank Limited
+ RADHIKA J,7069253624,396310,India Post Payments Bank Limited
+ RAFIKAHMED M,9904140565,396436,India Post Payments Bank Limited
+ RAGHUBHAI M,9913063555,364295,India Post Payments Bank Limited
+ RAHULKUMAR  VISHWAKARMA,8401970204,396445,Bank of Baroda
+ RAHULKUMAR DAHYABHAI PATEL,9512258199,396560,Fino Payments Bank Ltd.
+ RAHULKUMAR JAYANTILAL PATEL,9924749769,396060,Yes Bank Limited
+ RAHULKUMAR KRISHNA  DUBEY,8084491318,396455,Bank of Baroda
+ RAJANIKANT RAMAN PATEL,9913851872,396561,Bank of Baroda
+ RAJANKUMAR R,9574828896,396521,India Post Payments Bank Limited
+ RAJEBHAI  PARCHOLIYA,9624214126,396406,Bank of Baroda
+ RAJENDRABHAI RAMANBHAI PATEL,9723489723,396060,Fino Payments Bank Ltd.
+ RAJENDRAKUMAR,9873269289,396427,India Post Payments Bank Limited
+ RAJENDRAKUMAR BHIKHUBHAI PATEL,9879548577,396325,Fino Payments Bank Ltd.
+ RAJESH PATEL,9979755300,396310,State Bank of India
+ RAJESHBHAI AGARABHAI,7698754462,396469,India Post Payments Bank Limited
+ RAJESHBHAI D,6356846294,396560,India Post Payments Bank Limited
+ RAJESHBHAI JAYANTIBHAI GAVLI,9265191384,396040,Fino Payments Bank Ltd.
+ RAJESHBHAI N,8128718032,396475,India Post Payments Bank Limited
+ RAJESHBHAI R,9428381261,396521,India Post Payments Bank Limited
+ RAJESHKUMAR BABUBHAI SALWE,8200757973,396060,Fino Payments Bank Ltd.
+ RAJESHKUMAR BALUBHAI PATEL,9979263203,396521,Paytm Payments Bank Limited
+ RAJESHKUMAR NATWARLAL PATEL,9979269947,396450,UCO Bank
+ RAJESHWARI MAHLA,9426080956,396060,IDFC First  Bank Ltd
+ RAJIVKUMAR HARKISHANDAS PATEL,9879607552,396310,AXIS Bank Ltd.
+ RAJKISHOR  SHUKLA,9724760220,396436,Airtel Payments Bank Limited
+ RAJKISHOR SHIVPRATAP SHUKLA,9725307706,396445,Yes Bank Limited
+ RAJKUMAR HARSHADBHAI,9099497526,396415,India Post Payments Bank Limited
+ RAJNIKANT M,9428162173,396560,India Post Payments Bank Limited
+ RAJNIKANT PATEL,6353921623,396560,IDFC First  Bank Ltd
+ RAJPUT JAYPAL KAMALSINGH,9428243219,396580,Paytm Payments Bank Limited
+ RAJPUT SANTOSH RAJAN,9054030819,396445,Fino Payments Bank Ltd.
+ RAJPUT VIRENDRA JASPALSINGH,9904224225,396445,Fino Payments Bank Ltd.
+ RAJUBHAI MAGANBHAI RATHOD,8238983245,396415,Bank of Baroda
+ RAJUBHAI S,9428381653,396580,India Post Payments Bank Limited
+ RAKESH BHADRAKUMAR ZANZIBARWALA,9825264204,396445,Paytm Payments Bank Limited
+ RAKESH M,9427344062,396427,India Post Payments Bank Limited
+ RAKESH SOMABHAI PATEL,9638993823,396445,Fino Payments Bank Ltd.
+ RAKESHKUMAR PRAVINCHANDRA SHINDE,9998318914,396445,AXIS Bank Ltd.
+ RAMABHAI F,6353633952,396325,India Post Payments Bank Limited
+ RAMANBHAI G,9429378401,396560,India Post Payments Bank Limited
+ RAMANBHAI J,8511657176,396325,India Post Payments Bank Limited
+ RAMESHBHAI,9428759030,396445,India Post Payments Bank Limited
+ RAMESHBHAI B,9824303716,396321,India Post Payments Bank Limited
+ RAMESHBHAI D,9924340450,396540,India Post Payments Bank Limited
+ RAMESHBHAI G,8511790421,396436,India Post Payments Bank Limited
+ RAMESHBHAI N,9998320486,396310,India Post Payments Bank Limited
+ RAMESHBHAI R,6352056478,396540,India Post Payments Bank Limited
+ RAMESHBHAI U,9265242951,396469,India Post Payments Bank Limited
+ RAMESHCHANDRA  PATEL,9228884275,396521,Bank of Baroda
+ RAMUBHAI D,9328583289,396590,India Post Payments Bank Limited
+ RAMUBHAI S,8347024259,396560,India Post Payments Bank Limited
+ RANJITBHAI,9873274254,396427,India Post Payments Bank Limited
+ RANJITBHAI D,8780895601,396472,India Post Payments Bank Limited
+ RASDEEALI KADARALI SAEYD,8128177541,387365,Airtel Payments Bank Limited
+ RASID HUSAIN ABID HUSAIN KHAN,9725816786,396360,Fino Payments Bank Ltd.
+ RASIKBHAI S,9979630673,396580,India Post Payments Bank Limited
+ RATILAL K,9712307205,396560,India Post Payments Bank Limited
+ RAUT KAMLESHBHAI LAHNUBHAI,7567402225,396051,Yes Bank Limited
+ RAVI C KOTHARI,8000007015,396445,Paytm Payments Bank Limited
+ RAVIDAS  RATHVA,9023367713,391152,Bank of Baroda
+ RAVIKUMAR GIRISHBHAI,9662880435,396560,India Post Payments Bank Limited
+ RAVIKUMAR KOTHARI,7226897836,396445,Airtel Payments Bank Limited
+ RAVINDRABHAI LALJIBHAI,9904579433,396060,India Post Payments Bank Limited
+ RAVINDRAKUMAR KHANDUBHAI MAHLA,9427750709,396060,State Bank of India
+ RAVJIBHAI M,9687088443,396570,India Post Payments Bank Limited
+ REENA  PATEL,7069346024,396445,Bank of Baroda
+ REENABEN RAJESHKUMAR SHARMA,8849149351,396450,Fino Payments Bank Ltd.
+ REKHABEN  PATEL,9726160110,396040,Bank of Baroda
+ REKHABEN J,7600612878,396436,India Post Payments Bank Limited
+ REKHABEN N,9099572880,396310,India Post Payments Bank Limited
+ RELAXMEDICALS,9099045600,396321,Kotak Mahindra Bank Limited
+ RINABAHEN M,9726698263,396433,India Post Payments Bank Limited
+ RINABEN  GARASIYA,8849375248,396580,Bank of Baroda
+ RINALBEN PRAVINBHAI  PATEL,9825939113,396445,Bank of Baroda
+ RITESHKUMAR PATEL,9978215017,396570,IDFC First  Bank Ltd
+ RIYA MINESHKUMAR,9426286128,396580,India Post Payments Bank Limited
+ ROHIT  PATEL,9714440391,396560,Bank of Baroda
+ ROHITBHAI CHHANABHAI VAGHERA,9979256930,396060,Yes Bank Limited
+ RONAK RAJESHBHAI,8780501846,396560,India Post Payments Bank Limited
+ RONIS PRAKASHCHANDRA JAIN,8866441087,396521,Fino Payments Bank Ltd.
+ ROSHANI BIPINCHANDRA,8347820024,396060,India Post Payments Bank Limited
+ ROSHNIBEN  TANDEL,7698365885,396110,Bank of Baroda
+ RUCHA DAYALBHA,9664608841,396472,India Post Payments Bank Limited
+ RUCHITA MILANKUMAR,9725874982,396436,India Post Payments Bank Limited
+ RUPABEN S,9228178692,396521,India Post Payments Bank Limited
+ SABIRHUSAIN  SHAIKH,7016320593,396445,Bank of Baroda
+ SABNABEN  BHAGARIYA,9727450679,396585,Bank of Baroda
+ SABYASACHI DEY,8945012395,396450,Yes Bank Limited
+ SADDAMSHAH SATTARSHAH FAKIR,9722888253,396521,Fino Payments Bank Ltd.
+ SADHANABEN  PATEL,9898225592,396590,Bank of Baroda
+ SAGAR  ..,9811177901,121001,Fino Payments Bank Ltd.
+ SAGAR ASHOKKUMAR DESAI,9998013470,396409,Fino Payments Bank Ltd.
+ SAGARKUMAR  PARMAR,7486919145,396580,Bank of Baroda
+ SAHIL SANMOHOAMD PATHAN,8866789897,396321,Fino Payments Bank Ltd.
+ SAHILKUMAR RAKESHBHAI DHIMMAR,7203981491,396445,Paytm Payments Bank Limited
+ SAJID HUSAIN ABID HUSAIN KHAN,8128960786,396321,Fino Payments Bank Ltd.
+ SAJIDHUSEIN ISMAIL VASANWALA,9737844918,396321,Fino Payments Bank Ltd.
+ SAJNABEN NAGINBHAI KURKUTIYA,9510353863,396580,Fino Payments Bank Ltd.
+ SALIMBHAI A,9904628289,396409,India Post Payments Bank Limited
+ SALIMBHAI K,9727975515,396436,India Post Payments Bank Limited
+ SALKAR SATISHBHAI MOTIRAMBHAI,8155853326,396580,Yes Bank Limited
+ SAMIR NIYAZ SIDDIQUI,7984712597,396325,Fino Payments Bank Ltd.
+ SAMIRKUMAR CHAUHAN,9099983326,394101,Bank of India
+ SAMPATBHAI VINODBHAI,9725897152,396406,India Post Payments Bank Limited
+ SANDEEPKUMAR  PATEL,9974842628,396561,Bank of Baroda
+ SANDIP K,8866735079,396040,India Post Payments Bank Limited
+ SANDIPBHAI RAMUBHAI MAHALA,9712590375,396051,Yes Bank Limited
+ SANDIPKUMAR NARESHBHAI SINDHA,6351410725,396051,Yes Bank Limited
+ SANDIPKUMAR SHAH,9427153532,396580,State Bank of India
+ SANGITABEN  SOLANKI,7874376164,396469,Bank of Baroda
+ SANGITABEN BUDHIABHAI PATEL,9974138622,396580,State Bank of India
+ SANGITABEN GANESHBHAI GAYKAR,9374511876,396445,Fino Payments Bank Ltd.
+ SANGITABEN P,9925155921,396321,India Post Payments Bank Limited
+ SANGITABEN SOLANKI,9974533177,396521,Airtel Payments Bank Limited
+ SANIKUMAR PRAKASHCHANDRA,9106781208,396350,India Post Payments Bank Limited
+ SANJAY  MISTRY,8469920054,396427,Bank of Baroda
+ SANJAY  PATEL,9925997511,396560,Bank of Baroda
+ SANJAY  RATHAVA,6355729012,391152,Bank of Baroda
+ SANJAY SAMATBHAI GADHAVI,9904595655,396321,Fino Payments Bank Ltd.
+ SANJAYBHAI BHANJIBHAI MAHIDA,8460328461,396445,Paytm Payments Bank Limited
+ SANJAYBHAI DHANSUKHBHAI PATEL,9427466927,396590,Fino Payments Bank Ltd.
+ SANJAYKUMAR,8758326806,391110,India Post Payments Bank Limited
+ SANJAYKUMAR BACHUBHAI PADVI,7046464409,396580,Yes Bank Limited
+ SANKET CHANDUBHAI,8487015284,396590,India Post Payments Bank Limited
+ SANNYKUMAR K,9426607199,396521,India Post Payments Bank Limited
+ SANTOSH KUMAWAT,9099035772,396060,Yes Bank Limited
+ SANTOSHBHAI MADHUKARRAV PAREKH,7016610421,396321,Fino Payments Bank Ltd.
+ SANTU,9428380134,396445,Kotak Mahindra Bank Limited
+ SAROJA  DEVI,9517539794,396321,Fino Payments Bank Ltd.
+ SAROJBEN  PATEL,8140688161,396521,Bank of Baroda
+ SATISHBHAI,9879634055,396427,India Post Payments Bank Limited
+ SATISHBHAI CHHOTUBHAI PATEL,9727257940,396560,Bank of Baroda
+ SATISHBHAI S,9825542935,396310,India Post Payments Bank Limited
+ SATVIK ARVINDBHAI,6351494347,396560,India Post Payments Bank Limited
+ SAVITA B,9725678460,396406,India Post Payments Bank Limited
+ SAVITABEN J,9409977292,394352,India Post Payments Bank Limited
+ SAVITABEN R,9408957129,396060,India Post Payments Bank Limited
+ SEEMA JAGDISH  ASRANI,8160003990,396445,Bank of Baroda
+ SEJAL TUSHAR PATEL,9714458050,396424,Fino Payments Bank Ltd.
+ SEJALBEN  AHIR,9737715968,396521,Bank of Baroda
+ SEJALBEN BHARATBHAI,7990182181,396472,India Post Payments Bank Limited
+ SHAFIKBHAI KADIVAL,9727598238,396380,Airtel Payments Bank Limited
+ SHAH KHUSHBU OMPRAKASH,9825182322,396521,Fino Payments Bank Ltd.
+ SHAHID,9429569714,396445,India Post Payments Bank Limited
+ SHAHRUKKHAN NAZIRKHAN SHEKH,7818007080,396445,Paytm Payments Bank Limited
+ SHAHRUKKHAN NAZIRKHAN SHEKH,6353051313,396445,Yes Bank Limited
+ SHAIKH JUNED SHABBIR,9725409557,396403,Yes Bank Limited
+ SHAILESH K,9574017992,396560,India Post Payments Bank Limited
+ SHAILESH NISHAD,9727524682,396445,Yes Bank Limited
+ SHAILESHBHAI  PATEL,9712540012,396040,Bank of Baroda
+ SHAILESHBHAI GALUBHAI PADHER,9558761907,396585,Bank of Baroda
+ SHAILESHBHAI ISHAVARBHHAI PATEL,8155870849,396580,Bank of Baroda
+ SHAILESHBHAI J,9898662274,396310,India Post Payments Bank Limited
+ SHAILESHKUMAR BABUBHAI PATEL,9904096896,396521,Fino Payments Bank Ltd.
+ SHAILESHKUMAR HARIBHAI LAD,9429058494,396060,Fino Payments Bank Ltd.
+ SHAKUNTALABEN  SUNILBHAI PATEL,9328801346,396560,Bank of Baroda
+ SHAKUNTALABEN H,9979353667,382445,India Post Payments Bank Limited
+ SHANKARBHAI,9913898433,396445,India Post Payments Bank Limited
+ SHANKARBHAI D,9558068420,396580,India Post Payments Bank Limited
+ SHANKARBHAI L,9687805339,396580,India Post Payments Bank Limited
+ SHANKARBHAI M,9714150526,396521,India Post Payments Bank Limited
+ SHANKARBHAI R,9998756354,396360,India Post Payments Bank Limited
+ SHANTILAL KUMAWAT,9558601636,396427,Airtel Payments Bank Limited
+ SHANTILAL MOHANLAL KUMAWAT,8758858695,396427,Fino Payments Bank Ltd.
+ SHANTILAL R,9924904490,396424,India Post Payments Bank Limited
+ SHANTUBHAI R,9484409324,396580,India Post Payments Bank Limited
+ SHARDABHAI M,9537610467,396560,India Post Payments Bank Limited
+ SHARMA VIKAS KAMLESHBHAI,9974750475,396321,Paytm Payments Bank Limited
+ SHASHIKANT B,8758346157,396560,India Post Payments Bank Limited
+ SHASHIKANT G PATEL,9998439601,396445,HDFC Bank Ltd.
+ SHAYLESH L,7874120533,396521,India Post Payments Bank Limited
+ SHEFALI P,8141816365,396580,India Post Payments Bank Limited
+ SHESHMAL KUMAWAT,9638061837,396060,Yes Bank Limited
+ SHILABEN BALVANTBHAI,9558190984,396433,India Post Payments Bank Limited
+ SHILABEN RAJNIKANT,9723067942,396560,India Post Payments Bank Limited
+ SHILPABAHEN B,9714083476,389146,India Post Payments Bank Limited
+ SHITAL,7043014649,396436,Yes Bank Limited
+ SHITAL M,7226967445,396445,India Post Payments Bank Limited
+ SHITALBEN DINUBHAI,9924897924,396475,India Post Payments Bank Limited
+ SHITALBEN R,9662133470,396540,India Post Payments Bank Limited
+ SHIVANHGKUMAR BHALABHAI,7984379065,396310,India Post Payments Bank Limited
+ SHIVANI,9667393478,396427,India Post Payments Bank Limited
+ SHIVANI  PATEL,9925715513,396310,Bank of Baroda
+ SHIVANI RASIKBHAI,9104718477,396427,India Post Payments Bank Limited
+ SHIVPATIDEVI,9898635046,396445,Airtel Payments Bank Limited
+ SHOBHNABEN R,6352060629,396475,India Post Payments Bank Limited
+ SHRAWAN SHARMA,9998158098,394510,Airtel Payments Bank Limited
+ SHREE BEDMAL DUDH UTPADAK SAHKARI MANDALI LI.,9099132936,396580,The Federal Bank Ltd.
+ SHREYA MANUBHAI,9624683671,396380,India Post Payments Bank Limited
+ SHRUTI KIRITBHAI,9265159107,396450,India Post Payments Bank Limited
+ SHUBHANGI VISHVESHVARKUMAR,9925812558,396450,India Post Payments Bank Limited
+ SHYAMLAL KANIRAM KUMAWAT,7359762344,396040,Yes Bank Limited
+ SINGAD DUDH UTPADAK SAHAKARI MANDALI LIMITED,9428154010,396321,The Federal Bank Ltd.
+ SITA RAM KUMAWAT,6351685402,396040,Yes Bank Limited
+ SMIT HASMUKHLAL,8401361343,396310,India Post Payments Bank Limited
+ SMIT MANISH YADAV,7201818182,396445,Fino Payments Bank Ltd.
+ SMITABEN  CHAUHAN,8980291368,396469,Bank of Baroda
+ SNEHA KALPESH BHATEVARA,8735868606,396580,Fino Payments Bank Ltd.
+ SNEHA KALPESH BHATEVRA,9724537878,396580,Airtel Payments Bank Limited
+ SNEHA M,7600058316,396460,India Post Payments Bank Limited
+ SNEHA RATILAL,9537447737,396040,India Post Payments Bank Limited
+ SNEHABEN  PATEL,9510803753,396530,Bank of Baroda
+ SNEHAKUMARI ISHWARBHAI,9904050563,396060,India Post Payments Bank Limited
+ SNEHALBEN MITESHBHAI PATEL,9726188079,396560,Punjab National Bank
+ SNEHALKUMAR DIPAKBHAI PATEL,9979439615,396040,Yes Bank Limited
+ SOHAN LAL,8140913890,396580,Airtel Payments Bank Limited
+ SOLANKI PRAKASH KALIDASH,9879813183,396436,Fino Payments Bank Ltd.
+ SONALBEN PRAKASHBHAI  PATEL,9099117667,396436,Bank of Baroda
+ SONALBEN R,8511453111,396445,India Post Payments Bank Limited
+ SOYEB MOHAMMADBHAI JINANI,6351390547,396445,Yes Bank Limited
+ SREE MAHILAO SANCHALIT CHIKTIYA DUDH UTPADAK SAHKARI MANDALI LIMITED,9722111139,396580,The Federal Bank Ltd.
+ SUCHETAKUMARI R,9726016688,396310,India Post Payments Bank Limited
+ SUJAL BALVANTRAI,9712483808,396310,India Post Payments Bank Limited
+ SUMAN,8797415396,396475,India Post Payments Bank Limited
+ SUMANBHAI,7600241152,396445,India Post Payments Bank Limited
+ SUMANBHAI M,9998591757,396590,India Post Payments Bank Limited
+ SUMITRABEN A,8469280390,396436,India Post Payments Bank Limited
+ SUNIL  NAIK,9427792708,396350,Bank of Baroda
+ SUNIL K JUMANI,9998101224,396445,Paytm Payments Bank Limited
+ SUNIL KUMAR,7878265309,396445,Airtel Payments Bank Limited
+ SUNIL KUMAR KISHOR BHAI PATEL,9998668677,396445,Paytm Payments Bank Limited
+ SUNIL RAGHUNATH PATIL,9824189048,396450,HDFC Bank Ltd.
+ SUNILBHAI  GAIKWAD,9925414030,396585,Bank of Baroda
+ SUNILBHAI NANUMBHAI GANGODA,7359944290,394730,Yes Bank Limited
+ SUNILBHAI PARSOTBHAI PATEL,9426609915,396580,Yes Bank Limited
+ SUNILBHAI SHANKARBHAI KHURKUTIYA,6355926778,394730,Yes Bank Limited
+ SUNILBHAI SOMLUBHAI BHOYA,9909162708,396580,Bank of Baroda
+ SUNILKUMAR,7359606821,396040,India Post Payments Bank Limited
+ SUNILKUMAR JASHVANSINH,8200951602,396325,India Post Payments Bank Limited
+ SUNIT AMRUTBHAI PATEL,9727335047,396040,Yes Bank Limited
+ SUNITABEN M,9662421765,396560,India Post Payments Bank Limited
+ SUNITADEVI ARUNKUMAR MISHRA,9913169267,396370,Fino Payments Bank Ltd.
+ SURAJBHAI CHHOTUBHAI VALVI,8758007412,396060,India Post Payments Bank Limited
+ SURAJKUMAR HARESHBHAI,8128730395,396466,India Post Payments Bank Limited
+ SUREKHA AHER,9898294873,396445,Bank of India
+ SURESH C,9913899073,396350,India Post Payments Bank Limited
+ SURESH G,7303927763,396463,India Post Payments Bank Limited
+ SURESHABHAI J,9558649472,396406,India Post Payments Bank Limited
+ SURESHBHAI,9924579395,396445,Paytm Payments Bank Limited
+ SURESHBHAI B,9898974840,396427,India Post Payments Bank Limited
+ SURESHBHAI C,9586687913,396560,India Post Payments Bank Limited
+ SURESHBHAI HARILAL,8160481433,396590,India Post Payments Bank Limited
+ SURESHBHAI J,9904289782,396310,India Post Payments Bank Limited
+ SURESHBHAI M,9726169001,396040,India Post Payments Bank Limited
+ SURESHBHAI N,9898873641,396430,India Post Payments Bank Limited
+ SURESHBHAI S,9913022605,396360,India Post Payments Bank Limited
+ SURESHCHANDRA B,7567931760,396350,India Post Payments Bank Limited
+ SWATI SUNILBHAI PATEL,7096529943,396463,Central Bank of India
+ TAILOR   DIPESHKUMAR,9825262745,396475,Yes Bank Limited
+ TAKSHATBHAI RAMESHBHAI PATEL,9737522913,396580,Yes Bank Limited
+ TARALKUMARI JAYESHBHAI PATEL,9825704181,396325,Fino Payments Bank Ltd.
+ TARIKABEN  GAVLI,9687824486,396585,Bank of Baroda
+ TARUNBHAI DHIRUBHAI GANVIT,9913559811,396580,Yes Bank Limited
+ TEESHA  BAROT,8980706512,396406,Bank of Baroda
+ TEJALBEN MUKESHBHAI,7490922269,396580,India Post Payments Bank Limited
+ TEJASH  PATEL,7046236677,396570,Bank of Baroda
+ TEJASH RAVJIBHAI POKAR,9428163758,396424,Yes Bank Limited
+ TEJASHKUMAR HASMUKHBHAI RANA,9974273405,396445,Fino Payments Bank Ltd.
+ TEJASKUMAR BHUPATSINH,7043061340,396540,India Post Payments Bank Limited
+ TEJASKUMAR HASMUKHLAL BHAVSAR,9824487804,396475,Fino Payments Bank Ltd.
+ TEJASKUMAR KAUSHIKBHAI GARASIYA,8980272768,396060,Union Bank of India
+ TEJASKUMAR SURESHBHAI PRAJAPATI,8000960051,396424,Yes Bank Limited
+ TEJASVINIBEN JAGDISHBHAI,8511778390,396560,India Post Payments Bank Limited
+ THAKORBHAI,9909530860,396445,India Post Payments Bank Limited
+ THAKORBHAI B,9328222907,396460,India Post Payments Bank Limited
+ THAKORBHAI G,8320890507,396521,India Post Payments Bank Limited
+ THAKORBHAI K,9898582589,396590,India Post Payments Bank Limited
+ THAKORBHAI M,9723386104,396310,India Post Payments Bank Limited
+ THE BORIACHH VIBHAG DUDH UTPADAK SAHAKARI MANDLI LIMITED,9512571980,396580,The Federal Bank Ltd.
+ THE GHODMAL D.U.S.M.L,9687016216,396580,The Federal Bank Ltd.
+ TIMIRCHAND SURYAKANT,9016232273,396580,India Post Payments Bank Limited
+ TINESHBHAI KALYANBHAI NAYKA,8155855130,396466,Yes Bank Limited
+ TRUHIL R,8200692708,396445,India Post Payments Bank Limited
+ TUKARAM  KANKATE,9033665816,396455,Bank of Baroda
+ TUKARAM MADHUKAR KANKATE,9601131943,396450,Fino Payments Bank Ltd.
+ TUSHAR ISHVAR BACHCHHAV,9586581685,396475,AXIS Bank Ltd.
+ TUSHAR R,7405277708,396439,India Post Payments Bank Limited
+ TUSHARKUMAR J,6355105574,396560,India Post Payments Bank Limited
+ TWINKLE BHARATSINH,8347656313,396580,India Post Payments Bank Limited
+ UMANG ARVIND,7874127411,396560,India Post Payments Bank Limited
+ UMARFARUK MAHAMADNAIM MALEK,9313280340,396475,Yes Bank Limited
+ UMESH  CHAVDHRI,9638791610,396580,Bank of Baroda
+ UMESHBHAI CHHABILBHAI GANVIT,9638886828,396060,Yes Bank Limited
+ UMESHKUMAR MERVANBHAI GANVIT,7283833977,396580,Punjab National Bank
+ UNNATI,9925021208,396445,India Post Payments Bank Limited
+ URVASHIBEN  PATEL,8000087677,396321,Bank of Baroda
+ URVASHIBEN G,7046474836,396463,India Post Payments Bank Limited
+ VAHIDABEN,6354685255,396427,India Post Payments Bank Limited
+ VAIBHAV K,7698632694,396403,India Post Payments Bank Limited
+ VAISHALIBEN  VIJAYBHAI PATEL,8238738220,396570,Bank of Baroda
+ VAISHALIBEN D,7046704229,396580,India Post Payments Bank Limited
+ VAISHNAV BHARATBHAI RAJUBHAI,8866778504,396445,Paytm Payments Bank Limited
+ VAJYABEN B,9725683414,396521,India Post Payments Bank Limited
+ VALLABHBHAI C,9825458280,396560,India Post Payments Bank Limited
+ VALLBHBHAI K,9925566427,396540,India Post Payments Bank Limited
+ VANITABEN C,9687011872,396310,India Post Payments Bank Limited
+ VARDHANKUMAR DHARMENDRABHAI,8140371414,396406,India Post Payments Bank Limited
+ VARSHABEN  SHASHIKANT PATIL,9924462623,396445,Bank of Baroda
+ VASANBHAI M,9727462332,396580,India Post Payments Bank Limited
+ VASANTBHAI C,9427868902,396445,India Post Payments Bank Limited
+ VASANTBHAI KESHVJI BUSHA,9427186713,396560,State Bank of India
+ VASANTIBEN M,9879416846,396310,India Post Payments Bank Limited
+ VASNTIBEN  PATEL,9601590901,396521,Bank of Baroda
+ VATSALSINH NARENDRASINH CHAUHAN,9974122928,396570,Fino Payments Bank Ltd.
+ VEHNARAM  HARJIRAM,7340132544,396521,Fino Payments Bank Ltd.
+ VERNIPHARMACY,9727505121,396445,Kotak Mahindra Bank Limited
+ VIJAYBHAI BHOYA,9913876307,396051,Yes Bank Limited
+ VIJAYBHAI RAJUBHAI  HALPATI,6356401702,396427,Bank of Baroda
+ VIJAYBHAI RASIKBHAI PADHER,9727450520,396060,Fino Payments Bank Ltd.
+ VIJAYKUMAR RAMESHCHANDRA GANDHI,7069812207,396321,Fino Payments Bank Ltd.
+ VIJAYSING THANSINGGIRASE,9898072706,396450,Bank of India
+ VIKASKUMAR BAIJNATHBHAI YADAV,9725107197,396321,Fino Payments Bank Ltd.
+ VIKASKUMAR RAMESHCHANDRA TIWARI,7016114575,396321,Fino Payments Bank Ltd.
+ VILASHBHAI SHIVRAMBHAI GAVIT,7096384582,394730,Yes Bank Limited
+ VIMAL B,9879368533,396436,India Post Payments Bank Limited
+ VIMAL RAMUBHAI HALPATI,9714629501,396521,Paytm Payments Bank Limited
+ VIMALKUMAR JAGDISHCHANDRA GANDHI,7405511660,396445,Yes Bank Limited
+ VIMALKUMAR VASANTBHAI PATEL,8000160044,396321,AXIS Bank Ltd.
+ VIMI PANKAJBHAI,9913205254,396040,India Post Payments Bank Limited
+ VINAYSINGH JAYSIH RAJAPUROHIT,9974544494,396580,Fino Payments Bank Ltd.
+ VINOD DHIRUBHAI PATEL,9638353035,396380,Fino Payments Bank Ltd.
+ VINOD KUMAWAT,9783985248,396521,Airtel Payments Bank Limited
+ VINODBHAI M,7600811106,396570,India Post Payments Bank Limited
+ VIPULBHAI RAMANBHAI PATEL,9727609042,396580,Fino Payments Bank Ltd.
+ VIPULKUMAR BHAGUBHAI PATEL,8866402887,396040,Fino Payments Bank Ltd.
+ VIPULKUMAR R,8469674791,396560,India Post Payments Bank Limited
+ VIPULMUSICALNX,9825111345,396445,Kotak Mahindra Bank Limited
+ VIRAL  PATEL,9723572518,396412,Bank of Baroda
+ VIRALBHAI ISHVARBHAIPATEL,8140892841,396540,Bank of India
+ VIRALBHAI VALLABHBHAI PATEL,9512560281,396060,Yes Bank Limited
+ VIRALKUMAR CHANDUBHAI GANVIT,8469677962,396051,Yes Bank Limited
+ VIRALKUMAR LALJIBHAI PATEL,9924836423,396590,Fino Payments Bank Ltd.
+ VIRALKUMAR S,9825452996,396427,India Post Payments Bank Limited
+ VIRAPH GUSTADJI PATEL,9898803716,396445,Airtel Payments Bank Limited
+ VIRENBHAI MOHANBHAI,7698432024,396436,India Post Payments Bank Limited
+ VIRENDRAKUMAR D,9904664094,396436,India Post Payments Bank Limited
+ VISHAL BABUBHAI,9099880439,396436,India Post Payments Bank Limited
+ VISHAL PRAKASH MAHALE,9146672816,396580,Yes Bank Limited
+ VISHALKUMAR CHHIBUBHAI PATEL,7600645172,396310,Fino Payments Bank Ltd.
+ VISHALKUMAR KANTILAL  PATEL,8780462120,396580,Bank of Baroda
+ VISHALKUMAR MOTIRAMBHAI DHOOM,9737601093,396051,Yes Bank Limited
+ VISHALKUMAR SHANKARBHAI,9924835852,396560,India Post Payments Bank Limited
+ VISHRAMBHAI B,9586863908,396445,India Post Payments Bank Limited
+ WASIM KHAN,8200982292,396445,India Post Payments Bank Limited
+ YADAV JITENDRA RAMVILAS,7434945319,396436,Yes Bank Limited
+ YADAV RAMAVATAR SANTLAL,8460176846,394160,Yes Bank Limited
+ YAMINI H,9723546856,396430,India Post Payments Bank Limited
+ YASHESHKUMAR  RATHOD,9737715803,396521,Bank of Baroda
+ YASHVANTBHAI PANDUBHAI NIKULE,9978206040,394730,Yes Bank Limited
+ YASMITABEN N,7600015211,396521,India Post Payments Bank Limited
+ YATINBHAI SITARAMBHAIBAGUL,7874237646,394710,AXIS Bank Ltd.
+ YOGENDRA SURESHCHANDRA SHARMA,9664979322,396445,Yes Bank Limited
+ YOGESH  MAHLA,9016667472,396580,Bank of Baroda
+ YOGESH  PATEL,9998707723,396521,Bank of Baroda
+ YOGESHBHAI  GANVIT,8238177458,396585,Bank of Baroda
+ YOGESHBHAI BHAGVANBHAI NAI,8160911628,396445,Fino Payments Bank Ltd.
+ YOGESHBHAI CHANDUBHAI PATEL,9662312255,396540,Fino Payments Bank Ltd.
+ YOGESHBHAI CHAPANERI,9574050550,396445,Paytm Payments Bank Limited
+ YOGESHBHAI DHIRUBHAI PATEL,9512868541,396040,Suryoday Small Finance Bank Limited
+ YOGESHBHAI NALINBHAI BHOYA,9586821586,396580,Yes Bank Limited
+ YOGESHKUMAR PRAVINKUMAR TIVARI,9998797157,396380,Yes Bank Limited
+ YOGESHKUMAR SOMLABHAI THORAT,6359688681,396580,Fino Payments Bank Ltd.
+ YOGESHVARI M,9586743762,396445,India Post Payments Bank Limited
+ YUSUFBHAI,9898507226,396445,India Post Payments Bank Limited
+ ZAHID SHAIKH,9974335574,396445,Yes Bank Limited
+ ZINABHAI G,9825594952,396060,India Post Payments Bank Limited
