bc_name,mobile_no,pincode,bank_name
+ A A KHUNTI,9979679069,380001,India Post Payments Bank Limited
+ A B SINDHAL,8238683232,360550,India Post Payments Bank Limited
+ A D SHINGRAKHIYA,9979552202,360590,India Post Payments Bank Limited
+ A J BHARAI,9374946609,362650,India Post Payments Bank Limited
+ A J LAKHANI,9512335330,394650,India Post Payments Bank Limited
+ A K PANDYA,9714899360,362625,India Post Payments Bank Limited
+ A K PURI,9979158654,362230,India Post Payments Bank Limited
+ A L SONRAT,7303306148,360579,India Post Payments Bank Limited
+ A P BARAIYA,9925260132,362650,India Post Payments Bank Limited
+ A R PARMAR,6359891538,360575,India Post Payments Bank Limited
+ A S MEGHNATHI,9824594175,362650,India Post Payments Bank Limited
+ A T GADHVANA,9825996367,360576,India Post Payments Bank Limited
+ A.J.MARU,9978036829,362620,India Post Payments Bank Limited
+ ABDUR RAHAB SHAIKH,9998252943,360575,Airtel Payments Bank Limited
+ ABHIMANYU RUDABHAI DAKI,9974995263,360575,Yes Bank Limited
+ ABHISHEK MAHESH KANOJIYA,9924904949,362650,Fino Payments Bank Ltd.
+ AJAY MERU BHUTIYA,9537727606,360576,Yes Bank Limited
+ AJAY RAMA MAKWANA,9081010699,360578,India Post Payments Bank Limited
+ AJAYBHAI ARBHAMBHAI MODEDARA,9726784161,362650,Fino Payments Bank Ltd.
+ AJAYBHAI RAJABHAI KODIYATAR,7016247751,360576,India Post Payments Bank Limited
+ AJIT RANMAL VADHER,8866405816,362230,AXIS Bank Ltd.
+ AKHIL,9427240335,360579,India Post Payments Bank Limited
+ ALPESH DINESH MASANI,9726936713,360575,Fino Payments Bank Ltd.
+ AMIT  TAKWANI,7600392203,360575,Airtel Payments Bank Limited
+ ANIL,9974376629,360575,Airtel Payments Bank Limited
+ ANJALIBEN,9313356479,360579,India Post Payments Bank Limited
+ ANSARI  HAIDARALI,7043591004,360575,Airtel Payments Bank Limited
+ ANSARI  KHURSHID,9998716546,360575,Airtel Payments Bank Limited
+ ANSARI  SALIM,9662060364,360575,Airtel Payments Bank Limited
+ APARNATHI BHIKHUGAR,7777999422,360575,Airtel Payments Bank Limited
+ APARNATHI KISHORKUMAR RAMESHGIRI,9426409496,362650,India Post Payments Bank Limited
+ APARNATHI MIRAJGIRI DINESHGIRI,8733818155,360575,Fino Payments Bank Ltd.
+ ARJAN ODEDRA,9099223156,360590,AXIS Bank Ltd.
+ ARTI ANILKUMAR JOSHI,9173218538,360575,Airtel Payments Bank Limited
+ ASGARALI RAJABALI ZAVERI,9998167186,362650,Fino Payments Bank Ltd.
+ ASHVIN KARA KADEGHIA,9723955478,362230,HDFC Bank Ltd.
+ ATAULLA  MALLUR,9998444143,360590,Airtel Payments Bank Limited
+ AVESH HAMDANI,9998777143,360575,Airtel Payments Bank Limited
+ AZAD SATYAPAL,9468002227,360590,India Post Payments Bank Limited
+ B A BHADARKA,9974414467,362650,India Post Payments Bank Limited
+ B D APARNATHI,9726114456,360570,India Post Payments Bank Limited
+ B G THANKI,9099141477,360579,India Post Payments Bank Limited
+ B H CHAVDA,9924850286,360590,India Post Payments Bank Limited
+ B K LIMBOLA,9099651509,360545,India Post Payments Bank Limited
+ B K SANHIYA,9727578731,360590,India Post Payments Bank Limited
+ B M LADVA,8905305256,360575,India Post Payments Bank Limited
+ B P GAREJA,9898907448,391135,India Post Payments Bank Limited
+ B R JOSHI,9726438901,360550,India Post Payments Bank Limited
+ B S MARU,9913968869,383340,India Post Payments Bank Limited
+ B S MODHVADIYA,9925871838,360590,India Post Payments Bank Limited
+ BADH RUDABHAI HAMIRBHAI,6354643655,360490,Fino Payments Bank Ltd.
+ BAMANIYA  DARPIT,9016563733,360575,Airtel Payments Bank Limited
+ BAMANIYA HEMANSHU,9054440005,360575,Airtel Payments Bank Limited
+ BAMNIYA  RAVI,9723667072,360575,Airtel Payments Bank Limited
+ BAMNIYA JAGDISHKUMAR,8469002311,360590,India Post Payments Bank Limited
+ BANDHIYA DHAVALKUMAR GOVINDBHAI,7096695508,362650,Fino Payments Bank Ltd.
+ BAPODARA KARAN RAJABHAI,7874950999,362650,Fino Payments Bank Ltd.
+ BARAIYA BHAVANSINH,9104788229,360545,Airtel Payments Bank Limited
+ BARIYA HIRAL DEVANANDBHAI,8980253134,362620,India Post Payments Bank Limited
+ BATU BHAVIN  DHARNATBHAI,9624310148,360570,Bank of Baroda
+ BHADARKA HIREN KHODABHAI,9722674084,360575,India Post Payments Bank Limited
+ BHARAT ANILBHAI  RATHOD,8140650844,360575,Bank of Baroda
+ BHARAT L AMAR,9712750089,362650,State Bank of India
+ BHARDA  KANABHAI,8200774274,362230,Airtel Payments Bank Limited
+ BHARDA MALDE KANA,7405761624,362230,Airtel Payments Bank Limited
+ BHARTBHAI MERAMANBHAI PARMAR,7043640175,362230,HDFC Bank Ltd.
+ BHARVADIYA RAMBHAI,8306504949,362650,Fino Payments Bank Ltd.
+ BHATT JAHANVI,9925405588,360545,India Post Payments Bank Limited
+ BHATT MANTHANKUMAR,9879764470,362230,Fino Payments Bank Ltd.
+ BHAVISHABEN CHHAGANABHAI MODHVADIYA,7383114175,362650,India Post Payments Bank Limited
+ BHOGESARA  VIJAY,9537394905,360590,Fino Payments Bank Ltd.
+ BHUNDIYA LALITBHAI,7046679468,360575,Airtel Payments Bank Limited
+ BHUTIYA  KISHORBHAI,9173487696,360577,Fino Payments Bank Ltd.
+ BORSIA KARA,9909694645,360576,Airtel Payments Bank Limited
+ BRIJESH LALITKUMAR KOTHARI,9173562020,360575,Airtel Payments Bank Limited
+ CHAMDIYA PRAGNESH RAMJIBHAI,9408062550,360575,Fino Payments Bank Ltd.
+ CHANCHIYA RAJSHIBHAI RANABHAI,9714871131,360575,Fino Payments Bank Ltd.
+ CHANDRESH N JOSHI,9925006458,360575,Yes Bank Limited
+ CHAUHAN  MANSUKHBHAI,9898289093,360575,Airtel Payments Bank Limited
+ CHAUHAN UMANG DIPAKBHAI,8128581811,360550,Airtel Payments Bank Limited
+ CHAVDA ANKITBHAI BHIMABHAI,7697667767,360550,Central Bank of India
+ CHAVDA CHETNA MANOHARBHAI,8320131266,362650,Fino Payments Bank Ltd.
+ CHETAN  GOHEL,8128062884,360575,Airtel Payments Bank Limited
+ CHETAN  TERAIYA,9998698282,360575,Bank of Baroda
+ CHITRODA NITINKUMAR MALDEBHAI,8980049633,360590,Fino Payments Bank Ltd.
+ D C DAVE,9879970682,360575,India Post Payments Bank Limited
+ D C MOKARIYA,9909228327,362620,India Post Payments Bank Limited
+ D C SURANI,9998720229,360550,India Post Payments Bank Limited
+ D D PANKHANIA,9925186004,360590,India Post Payments Bank Limited
+ D D THANKI,8980292806,360579,India Post Payments Bank Limited
+ D H JOSHI,7048371694,360575,India Post Payments Bank Limited
+ D M BAPODARA,9879394827,360570,India Post Payments Bank Limited
+ D M KAMARIA,9904886320,362225,India Post Payments Bank Limited
+ D P VEGDA,9723832329,362230,India Post Payments Bank Limited
+ D S MEGHNATHI,9737524621,360570,India Post Payments Bank Limited
+ D T GAUSWAMI,9099347434,360579,India Post Payments Bank Limited
+ DAVE DEVEN VITHALBHAI,9898190680,360575,AXIS Bank Ltd.
+ DEVABHAI  MODHVADIYA,9727378484,360530,Yes Bank Limited
+ DEVANGNAGJIBHAIBHATTI,9574529067,360575,Yes Bank Limited
+ DEVSHIBHAI  SISODIYA,8141700465,360578,Fino Payments Bank Ltd.
+ DHARMENDRA M  JOSHI,9824010609,360575,Bank of Baroda
+ DHAVAL TRIKAMBHAI JOSHI,9974830461,360575,Fino Payments Bank Ltd.
+ DHIRENKUMAR  SANATHRA,8128888807,360575,Bank of Baroda
+ DILIP GOGANBHAI CHUNDAVADARA,8460356728,360575,Fino Payments Bank Ltd.
+ DILIP PRABHUDAS  KAPDI,8128427371,360570,Bank of Baroda
+ DINANI ABDULKADAR MUHAMADSALIM,9374721193,360575,Fino Payments Bank Ltd.
+ DINESH UMASHANKAR JOSHI,9925511893,362620,India Post Payments Bank Limited
+ DIPAKBHAI DEVSHI KANET,7016398034,360575,AXIS Bank Ltd.
+ DIVYANG,9327102275,360590,India Post Payments Bank Limited
+ DIVYESHKUMAR SANJAYKUMAR RATHOD,7984958492,360570,India Post Payments Bank Limited
+ DODIYA ASHOK VIJAYBHAI,9106078636,362650,Yes Bank Limited
+ DUVA AMIT KHIMANANDBHAI,9898367915,360590,India Post Payments Bank Limited
+ FAVOURITESTORES,9638467885,360575,Kotak Mahindra Bank Limited
+ G J CHAVDA,9909579256,362650,India Post Payments Bank Limited
+ G N AGRAVAT,9978357740,360579,India Post Payments Bank Limited
+ GADHAVANA DUSHYANT VASHRAMBHAI,8511969704,360576,India Post Payments Bank Limited
+ GANGABHAI  BHOGESARA,9106822701,360575,Fino Payments Bank Ltd.
+ GANGVANI  GORDHANDAS,7227888129,360575,Airtel Payments Bank Limited
+ GIRJASHANKAR  JOSHI,9913027208,360570,Bank of Baroda
+ GOJIYA SUNIL PARBATBHAI,9601467220,360510,India Post Payments Bank Limited
+ GONDALIYA VENIDAS,9904303264,360570,India Post Payments Bank Limited
+ GOPAL LAKHANI,9909818968,360550,State Bank of India
+ GORASERA  NEBHABHAI,9925287500,362650,Fino Payments Bank Ltd.
+ GORASIA  HITESHBHAI,8511383850,360575,Airtel Payments Bank Limited
+ GOSLIYA  KAMAL,9898622864,360575,Fino Payments Bank Ltd.
+ GOSWAMI  DIPEN,9979677514,360575,Airtel Payments Bank Limited
+ GOSWAMI CHETANABEN MANISHPURI,9870033978,360575,Fino Payments Bank Ltd.
+ GUJARATI ARVIND GOVIND,8200282957,360560,Fino Payments Bank Ltd.
+ GUJARATI RAJESH RAMJI,9328290555,360575,Yes Bank Limited
+ GURGATIA KOMALBEN KAMLESHBHAI,9023239168,360550,Fino Payments Bank Ltd.
+ H A ODEDARA,8000988313,360575,India Post Payments Bank Limited
+ H B ODEDRA,9909313357,360575,India Post Payments Bank Limited
+ H J MAKWANA,9428622735,360575,India Post Payments Bank Limited
+ H N PANDYA,9428240884,362650,India Post Payments Bank Limited
+ H N VARU,9712346202,362650,India Post Payments Bank Limited
+ HALAIPOTRA  MOHAMAD,8141890552,360575,Airtel Payments Bank Limited
+ HARISH VASARAM PIPROTAR,9979586494,360560,Fino Payments Bank Ltd.
+ HARISHBHAI JAMNADAS  THAKRAR,9725522680,360577,Bank of Baroda
+ HARSHADKUMAR NARENDRA AGRAWAT,9725952942,362650,State Bank of India
+ HATHALIYA ALTAF RAHIM,9106635137,360590,Fino Payments Bank Ltd.
+ HIREN  PANJARI,9998138217,360575,Airtel Payments Bank Limited
+ HITESH,9913899269,362650,India Post Payments Bank Limited
+ HITESH MODHAWADIYA,8000222437,360590,Airtel Payments Bank Limited
+ IMRAN  PANJA,9687521515,360575,Bank of Baroda
+ IRFAN ODEDRA,6353092622,360575,Airtel Payments Bank Limited
+ ISBANI AKBAR,8347207866,362230,Yes Bank Limited
+ J D MADHUCHAND,9825718117,360577,India Post Payments Bank Limited
+ J H AGRAVAT,9879970838,360579,India Post Payments Bank Limited
+ J H PANDYA,9428249867,360550,India Post Payments Bank Limited
+ J I MEGHNATHI,9909070652,360575,India Post Payments Bank Limited
+ J J ODEDRA,9825941839,360570,India Post Payments Bank Limited
+ J L GODHANIYA,8758352173,360590,India Post Payments Bank Limited
+ J R JOSHI,9376601993,360575,India Post Payments Bank Limited
+ J T ODEDARA,9426132970,362620,India Post Payments Bank Limited
+ JAGAM YASH,7272968686,360575,Airtel Payments Bank Limited
+ JAGMALBHAI JIVABHAI BHARVADIYA,9016657093,360550,Central Bank of India
+ JAGRUTIBEN  BHUTIYA,9824919148,360570,Bank of Baroda
+ JASHUBEN BHIMABHAI ODEDARA,9726243999,360550,Fino Payments Bank Ltd.
+ JATEENBHAI  KISHORBHAI RAYVADERA,8980199997,360575,Bank of Baroda
+ JAVED GULAM KURESHI,8200792833,360575,Yes Bank Limited
+ JAYANT KALYANDAS MADLANI,7096956682,360575,Airtel Payments Bank Limited
+ JAYESH  ODEDRA,9925432238,360575,Bank of Baroda
+ JITENDRA BHUVA,9725812574,362230,AXIS Bank Ltd.
+ JIVA KHIMA ODEDARA,9979385410,362650,Fino Payments Bank Ltd.
+ JOSHI  HARISHANKER,9510056556,360575,Airtel Payments Bank Limited
+ JOSHI CHETANKUMAR HARISHKUMAR,9924915532,360578,Airtel Payments Bank Limited
+ JOSHI DIVYESH,7069397367,360590,Airtel Payments Bank Limited
+ JOSHI JATIN MAHESH,9376211173,360575,Yes Bank Limited
+ JOSHI KISHAN UMANGBHAI,8320424132,360575,Yes Bank Limited
+ JOSHI MAULIK AMITBHAI,7096007775,360590,Fino Payments Bank Ltd.
+ JUNGI DIVYESH,8000028383,360575,Airtel Payments Bank Limited
+ K A KESHWALA,9904801262,360575,India Post Payments Bank Limited
+ K A RANIYA,9879841073,360570,India Post Payments Bank Limited
+ K A RATHOD,9429775361,360576,India Post Payments Bank Limited
+ K D DAVE,9537252967,360575,India Post Payments Bank Limited
+ K I MAHETA,9978186360,362650,India Post Payments Bank Limited
+ K J VALA,9824830485,360575,India Post Payments Bank Limited
+ K K BALVA,9904814865,360570,India Post Payments Bank Limited
+ K M BHATTI,9537724220,360550,India Post Payments Bank Limited
+ K M BODAR,8780079406,362650,India Post Payments Bank Limited
+ K M DAL,7984313481,360545,India Post Payments Bank Limited
+ K R ODEDARA,9727209382,362620,India Post Payments Bank Limited
+ K V LASHKARI,9586664866,362650,India Post Payments Bank Limited
+ K V VAGHELA,9427739691,362650,India Post Payments Bank Limited
+ K. O. JOTVA,9978092377,362620,India Post Payments Bank Limited
+ KAJAL,9726791681,360575,India Post Payments Bank Limited
+ KAJAL SURESHBHAI MAKAVANA,8849715434,360576,India Post Payments Bank Limited
+ KALPESHBHAI P JOSHI,9909814250,360575,Paytm Payments Bank Limited
+ KAMLESH  VARJANGBHAI GAL,9537066368,360570,Bank of Baroda
+ KAMLESH CHHOTALAL THANKI,9825371116,360575,Fino Payments Bank Ltd.
+ KAMLESH THANKI,8128605116,360575,Airtel Payments Bank Limited
+ KANAGAD  VIMALKUMAR,9574368199,360570,Fino Payments Bank Ltd.
+ KANANI  RAJESH,8780803040,360575,Airtel Payments Bank Limited
+ KARA GOGAN KHER,9727197461,362230,Central Bank of India
+ KARAMTA KALU BHAGVAN,8866697550,360576,Fino Payments Bank Ltd.
+ KARAVADARA  JEETU,8511715173,360590,Airtel Payments Bank Limited
+ KARAVADARA DINESH NAVGHAN,9313626559,360575,Yes Bank Limited
+ KARIA  VINODCHANDRA,9979868258,360575,Fino Payments Bank Ltd.
+ KAROTARA URVISHA AMRUTLAL,9316556841,362620,India Post Payments Bank Limited
+ KARTHIYA  JAYESH,9925256244,360560,Fino Payments Bank Ltd.
+ KESHAVBHAI LAKHMANBHAI MORI,6351022094,362650,Fino Payments Bank Ltd.
+ KESHU  BOKHARIYA,9924099339,360577,Bank of Baroda
+ KESHVALA  PARBATBHAI,9558208960,360579,Airtel Payments Bank Limited
+ KESHVALA DIPESH RAJSHI,9979137324,360575,Yes Bank Limited
+ KESHWALA ARVINDBHAI LILABHAI,9426652011,360550,Fino Payments Bank Ltd.
+ KETAN  HINDOCHA,9898274912,360577,Airtel Payments Bank Limited
+ KETAN HASMUKHBHAI GHEDIYA,9712101200,360575,AXIS Bank Ltd.
+ KETAN SURESHBHAI LAKHANI,9106241888,360545,Fino Payments Bank Ltd.
+ KEYUR BHANUPRATAP JOSHI,9979793158,360575,AXIS Bank Ltd.
+ KHANIYA ARIFBHAI GIGABHAI,6353882101,360550,Fino Payments Bank Ltd.
+ KHAPED PARULBEN RUPSINHBHAI,8200665089,360570,India Post Payments Bank Limited
+ KHER VIKRAMBHAI GOVINDBHAI,9978041317,362230,AXIS Bank Ltd.
+ KHOKHAR VASIM ASIFBHAI,8401995146,362650,Airtel Payments Bank Limited
+ KHRISTARIYA MERKHIBHAI,9974771773,360579,State Bank of India
+ KHUNTI  PRATAP,7600733377,360579,Fino Payments Bank Ltd.
+ KHUNTI KARAN KHIMA,8200855547,360590,Fino Payments Bank Ltd.
+ KHUSHAL SAVALIYA,9909694069,360675,Bank of India
+ KIRANKUMAR,6354074999,360570,India Post Payments Bank Limited
+ KISHAN DILIPBHAI THAKAR,9328091623,360575,India Post Payments Bank Limited
+ KISHAN NILESHBHAI  MODHA,9909087695,360575,Bank of Baroda
+ KISHOR VASRAMBHAI PIPROTAR,9913663000,360560,Fino Payments Bank Ltd.
+ KODIYATAR  DAYA,7016457132,360550,Fino Payments Bank Ltd.
+ KODIYATAR CHANA RUDABHAI,9714197406,360575,Union Bank of India
+ KODIYATAR DHANIBEN,8490925220,360579,India Post Payments Bank Limited
+ KODIYATAR RAJUBHAI,9714650777,362650,Fino Payments Bank Ltd.
+ KODIYATAR SARMANBHAI THEBABHAI,6354482614,360570,Fino Payments Bank Ltd.
+ KORIYA SHARAD HITESHBHAI,9726034468,360575,Fino Payments Bank Ltd.
+ KOTHARI DIVYESH,8401301308,360575,Airtel Payments Bank Limited
+ KRIPLANI  RUPCHAND,7778827907,360575,Airtel Payments Bank Limited
+ KUCHHADIYA  JESABHAI,9558302135,360579,Airtel Payments Bank Limited
+ KUCHHADIYA DHIRUBHAI PARBATBHAI,8511708739,360579,Fino Payments Bank Ltd.
+ KUCHHADIYA RAMBHAI VIRAMBHAI,8140753970,360579,Fino Payments Bank Ltd.
+ L J CHAVDA,7359689949,360550,India Post Payments Bank Limited
+ L P KODIYATAR,9998382212,360570,India Post Payments Bank Limited
+ L V KESHVALA,6351039339,360576,India Post Payments Bank Limited
+ LADVA  KISHAN,7778832129,360575,Airtel Payments Bank Limited
+ LAKHAMANBHAI NAGABHAI BERA,8140595120,360530,Yes Bank Limited
+ LAKHMAN  KHUNTI,9879957584,362623,Bank of Baroda
+ LAKHMANBHAI M DASA,9727669890,362230,State Bank of India
+ LALPURIYA ISMAIL,9974823328,360575,Airtel Payments Bank Limited
+ LAXMIBEN K,9979967910,360579,India Post Payments Bank Limited
+ LODHARI PRAVIN NARAN,9904455489,360575,Yes Bank Limited
+ LUKKA BHARATBHAI,7778822133,360575,Airtel Payments Bank Limited
+ LUKKA BHARATBHAI,9725838393,360575,Airtel Payments Bank Limited
+ LUKKA PRAKASHBHAI,9099682680,360575,Airtel Payments Bank Limited
+ M A RAJYAGURU,6352534007,360545,India Post Payments Bank Limited
+ M B BHUTIA,9879970860,360576,India Post Payments Bank Limited
+ M B THANKI,9879392392,362650,India Post Payments Bank Limited
+ M H BARAIYA,9724597484,362620,India Post Payments Bank Limited
+ M H THANKI,8347467139,360550,India Post Payments Bank Limited
+ M M MAKWANA,9586247524,360575,India Post Payments Bank Limited
+ M M PARMAR,8447462099,362230,India Post Payments Bank Limited
+ M N JOSHI,9427929976,360576,India Post Payments Bank Limited
+ M N PANDIT,9537817588,360579,India Post Payments Bank Limited
+ M N PARMAR,9825233573,362650,India Post Payments Bank Limited
+ M P SADIA,9687945826,360579,India Post Payments Bank Limited
+ M P VEGDA,8469816821,362620,India Post Payments Bank Limited
+ MADHVI H PUROHIT,9512379480,360550,India Post Payments Bank Limited
+ MADHVIBEN AMITBHAI PAIDA,9998522525,360575,Fino Payments Bank Ltd.
+ MAHESHBHAI HATHI,9913888362,360575,Yes Bank Limited
+ MAHETA NARENDRA PARMANANDABHAI,9974192832,360579,Yes Bank Limited
+ MAHETA URAVASHI MAHENDRA,9904800687,360575,Fino Payments Bank Ltd.
+ MAKVANA  ANIL,9067693405,360590,Fino Payments Bank Ltd.
+ MAKVANA LAKHABHAI LAKHMAN,9725586161,360578,Fino Payments Bank Ltd.
+ MAKVANA NARANBHAI,7016302556,362230,Yes Bank Limited
+ MAKWANA  DEVJIBHAI,7069336125,360575,Airtel Payments Bank Limited
+ MALANG  KASAMBHAI,9998902825,360575,Airtel Payments Bank Limited
+ MALANG SHABBIR HUSEN,9727478698,360575,Airtel Payments Bank Limited
+ MALDE RAMBHAI  DASA,8849386757,362650,Bank of Baroda
+ MALDE RAMBHAI DASA,9998777697,362650,State Bank of India
+ MALEK HAMIDA SHABBIR,9898878992,360575,Airtel Payments Bank Limited
+ MAMTABEN,8141603103,360570,India Post Payments Bank Limited
+ MANDLIYA  AMUBHAI,7041317217,360575,Airtel Payments Bank Limited
+ MANISH VANDARIA,9998352027,360575,Paytm Payments Bank Limited
+ MANISH VIJAYBHAI KRUSHNAVADA,8141438277,360575,Fino Payments Bank Ltd.
+ MANSUKHLAL VYAS,9662222236,360578,Bank of India
+ MAULIK,9408372915,362650,India Post Payments Bank Limited
+ MAULIK DINESHBHAI RAICHURA,9925887689,360575,AXIS Bank Ltd.
+ MAYANK,6355266907,360575,India Post Payments Bank Limited
+ MEDI SUDARSAN RAO,8128056220,360590,Airtel Payments Bank Limited
+ MEGHANATHI AMITGIRI BHOVANGIRI,9773492526,360550,Fino Payments Bank Ltd.
+ MEGHANATHI SANDIP JASMATGIRI,9727379807,360570,Fino Payments Bank Ltd.
+ MEGHNATHI BHUPATGIRI HEMATGIRI,7801801180,362240,India Post Payments Bank Limited
+ MEGHNATHI MILANGIRI ASHVINGIRI,9723414164,360578,Fino Payments Bank Ltd.
+ MEHUL KIRITBHAI MANSETAN001,7600324583,360575,Central Bank of India
+ MEHULKUMAR DEVRAM SOLANKI,9722964641,360577,Fino Payments Bank Ltd.
+ MEHULKUMAR DEVRAM SOLANKI,9726750902,360575,AXIS Bank Ltd.
+ MILAN  AGRAWAT,9724123954,362650,Bank of Baroda
+ MILAN ANIL MAJITHIYA,7777981991,360575,Fino Payments Bank Ltd.
+ MILAP KISHORBHAI  JOSHI,7698473303,360575,Bank of Baroda
+ MIRAJ ASHOK JUNGI,7984817060,360575,Fino Payments Bank Ltd.
+ MITAN KARUBHAI RATHOD,9909929896,360575,Bank of Maharashtra
+ MODHA ARJAN MALDEBHAI,8200420104,362620,State Bank of India
+ MODHA JAGRUTI MERAMAN,6353719046,360576,India Post Payments Bank Limited
+ MODHA RAMESHKUMAR VALLABHDAS,9825105410,360575,AXIS Bank Ltd.
+ MODHAVADIYA NIRUBEN SAMAT,8200581642,360590,Fino Payments Bank Ltd.
+ MODHVADIYA AVDA KESHAV,9638829129,360579,Fino Payments Bank Ltd.
+ MODHVADIYA KRISHNA CHAGNBHAI,7572865757,360570,India Post Payments Bank Limited
+ MODHWADIYA BHARAT AVDA,9033329129,360579,Fino Payments Bank Ltd.
+ MOHAMMAD SAJID ABDUL SATAR MOLVI,7698913670,360575,Fino Payments Bank Ltd.
+ MOHAMMADTAIYAB GULAMMOHAMMADGIGANI,7096404723,360575,India Post Payments Bank Limited
+ MOKARIYA MANOJ JETHABHAI,7600290205,362230,Yes Bank Limited
+ MOKARIYA RAVIKUMAR MASHRIBHAI,9327352841,362230,Yes Bank Limited
+ MOKARIYA VINABEN SUMITBHAI,7016579083,362230,Yes Bank Limited
+ MONANI  LUCKYBHAI,9974027147,360550,Fino Payments Bank Ltd.
+ MONANI MADHAVDAS,9998872530,360550,Airtel Payments Bank Limited
+ MONANI NIMESHBHAI ANILBHAI,9879166566,360575,Yes Bank Limited
+ MORI DAYA NARAN,9879656852,360579,Fino Payments Bank Ltd.
+ MORI DAYABHAI GALABHAI,6353929740,360570,Fino Payments Bank Ltd.
+ MORI DIVYA,8511036821,360579,India Post Payments Bank Limited
+ MORI SANGABHAI JIVABHAI,7984809698,360570,Fino Payments Bank Ltd.
+ MORI SANJAY BHIMABHAI,9265527854,362620,India Post Payments Bank Limited
+ MORI UKABHAI VASTABHAI,8780128121,360570,Yes Bank Limited
+ MUCHHAL JAYSHREE PUNJABHAI,9023626386,360545,India Post Payments Bank Limited
+ MUDIT RAJNIKANT  MOTIVARAS,9727428807,360575,Bank of Baroda
+ MULLA  YAKUBMIYA,9662926143,360550,Airtel Payments Bank Limited
+ MURUBHA  BHATHAD,9714371867,360579,Bank of Baroda
+ N B PUROHIT,9898137078,360570,India Post Payments Bank Limited
+ N D JOSHI,9879735706,362650,India Post Payments Bank Limited
+ N N DAVE,7878373747,360575,India Post Payments Bank Limited
+ N O AMLANI,9737831926,360570,India Post Payments Bank Limited
+ N R AGATH,9726439806,360577,India Post Payments Bank Limited
+ N R MODHVADIA,6354182265,360590,India Post Payments Bank Limited
+ N S VASAR,9737017044,360570,India Post Payments Bank Limited
+ N V CHAVDA,9974603706,362620,India Post Payments Bank Limited
+ N V KARAVDRA,9913888360,362230,India Post Payments Bank Limited
+ NADIM MANDHRA,8200642016,360575,Airtel Payments Bank Limited
+ NAGAJAN  ODEDRA,9979677409,360579,Bank of Baroda
+ NAMRATA UTSAV THAKRAR,9978659418,360575,State Bank of India
+ NANERA  VIRABHAI,9974623289,360550,Airtel Payments Bank Limited
+ NATHABHAI ARBHAM ODEDARA,9724776730,360590,Fino Payments Bank Ltd.
+ NATHVANI  VAIBHAV,9913822017,360575,Fino Payments Bank Ltd.
+ NAYAN B ODEDRA,7228852972,360579,Fino Payments Bank Ltd.
+ NEBHABHAI DEVABHAI PARMAR,8866475796,360575,Yes Bank Limited
+ NIGAMNA MAHAMMADSUFIYAN RAHIM,8200120187,360575,Fino Payments Bank Ltd.
+ NILESH,9099994455,360575,Kotak Mahindra Bank Limited
+ NIMAVAT MAYURKUMAR ATMARAM,9925798628,362650,Fino Payments Bank Ltd.
+ NIRAV BHARATBHAI DATTANI,9428712398,360575,Union Bank of India
+ NISHA VAJA,8980015198,362620,India Post Payments Bank Limited
+ NITABEN MITESHBHAI PABARI,7621901002,360575,Yes Bank Limited
+ ODEDARA  KAJAL,9537897007,360575,Fino Payments Bank Ltd.
+ ODEDARA  KIRTIBEN,9712468867,360550,Fino Payments Bank Ltd.
+ ODEDARA  RANJITBHAI,7778889895,362620,Airtel Payments Bank Limited
+ ODEDARA ANANDKUMAR PARBAT,9408479748,362650,Fino Payments Bank Ltd.
+ ODEDARA ASHOKBHAI DEVABHAI,9913390027,362650,Fino Payments Bank Ltd.
+ ODEDARA MANJUBEN,9662887333,360570,Airtel Payments Bank Limited
+ ODEDARA MIRAJ ARJAN,9265125645,360579,Fino Payments Bank Ltd.
+ ODEDARA NILESHBHAI HAJABHAI,8128626477,360570,Yes Bank Limited
+ ODEDARA PRABHAT DUDABHAI,9724587245,362650,State Bank of India
+ ODEDARA RAJ ARBHAM,7041420002,360578,Fino Payments Bank Ltd.
+ ODEDARA RANABHAI JETHABHAI,9998928246,360579,Airtel Payments Bank Limited
+ ODEDRA  ARJANBHAI,9879970995,360560,Airtel Payments Bank Limited
+ ODEDRA  RAJUBHAI,9879583145,360550,Fino Payments Bank Ltd.
+ ODEDRA BHARAT RAMBHAI,8780223481,360576,Yes Bank Limited
+ ODEDRA JAYESH VINODBHAI,8849877782,360575,Fino Payments Bank Ltd.
+ ODEDRA KARSHANBHAI,9898543828,360590,Airtel Payments Bank Limited
+ ODEDRA KETAN BHIKHU,8469000078,360577,Fino Payments Bank Ltd.
+ ODEDRA NEBHABHAI RAMDEBHAI,9879075905,362230,Fino Payments Bank Ltd.
+ OMKAREXPORT,8128131313,360575,Kotak Mahindra Bank Limited
+ P B MAKWANA,7984706016,360576,India Post Payments Bank Limited
+ P D HIRANI,7567695390,360570,India Post Payments Bank Limited
+ P D SONDARVA,9099116647,362650,India Post Payments Bank Limited
+ P G JETHVA,9726436169,360578,India Post Payments Bank Limited
+ P H KODIYATAR,9327433510,360576,India Post Payments Bank Limited
+ P M MEHTA,8238667197,360570,India Post Payments Bank Limited
+ P S GOSAI,9601098947,360576,India Post Payments Bank Limited
+ PANDAVADRA ABHISEK ARVIND,7043045095,360575,Fino Payments Bank Ltd.
+ PANDYA CHETAN MUKUD,7303306123,360570,India Post Payments Bank Limited
+ PANJA SOYAB KARIMBHAI,9727371575,360578,Fino Payments Bank Ltd.
+ PARAS ARAJANBHAI  VADHIYA,9879721084,360570,Bank of Baroda
+ PARESH  JOSHI,7878656556,360575,Airtel Payments Bank Limited
+ PARMAR,7016692743,361320,India Post Payments Bank Limited
+ PARMAR BAVABHAI,8140033057,360022,Airtel Payments Bank Limited
+ PARMAR GAUTAMKUMAR MASRIBHAI,7069833131,362650,India Post Payments Bank Limited
+ PARMAR NIKHIL MANSUKHBHAI,9054675050,362650,Airtel Payments Bank Limited
+ PARMAR NILESH,9924411119,362230,Fino Payments Bank Ltd.
+ PARMAR RAMBHAI,9979221199,362620,Fino Payments Bank Ltd.
+ PARMAR SANDIP RAMJI,9913811744,360575,Yes Bank Limited
+ PARMAR SARMANBHAI,9904158505,362650,Airtel Payments Bank Limited
+ PARMAR SUNIL BALUBHAI,9016369587,360576,India Post Payments Bank Limited
+ PARMAR VIJAY,8980493969,360575,Airtel Payments Bank Limited
+ PARTH  CHUDASAMA,7405552155,362650,Bank of Baroda
+ PATHAN  ANVAR,8128581199,360550,Airtel Payments Bank Limited
+ PITHADIYA GAUTAM ASHOKBHAI,9157610150,360550,India Post Payments Bank Limited
+ POKAR CHIRAG MANJIBHAI,7990283505,360045,India Post Payments Bank Limited
+ POPAT GEETA HASAMUKHBHAI,9316954379,360490,Union Bank of India
+ PRABHUDAS  KAPDI,9558083682,360570,Bank of Baroda
+ PRAFULBHAI  TRIVE,9724108352,360575,Bank of Baroda
+ PRAKASH B GODHANIYA,7778000872,360550,State Bank of India
+ PRASHANT  BAPODARA,9998139047,360575,Airtel Payments Bank Limited
+ PRASHANT SHANTILAL BAPODARA,9033168952,360575,Fino Payments Bank Ltd.
+ PRATAPBHAI SHAMALA KADCHHA,9924559505,362230,Central Bank of India
+ PRITESHKUMAR,9687443368,360576,India Post Payments Bank Limited
+ PUNITKUMAR ASHOKBHAI TAJAPARA,8508788888,360530,Yes Bank Limited
+ PUROHIT  RAJESHBHAI,9662804263,360550,Airtel Payments Bank Limited
+ R B MOKARIA,8141092130,360576,India Post Payments Bank Limited
+ R D DUDHREJIYA,9974381556,360590,India Post Payments Bank Limited
+ R G APARNATHI,9925424150,362650,India Post Payments Bank Limited
+ R H THAKRAR,9724653460,360579,India Post Payments Bank Limited
+ R I KHEDARA,7303306127,360579,India Post Payments Bank Limited
+ R M CHHELANA,9925637658,360579,India Post Payments Bank Limited
+ R M KARAVADRA,8160747789,360590,India Post Payments Bank Limited
+ R M THANKI,7303306137,360590,India Post Payments Bank Limited
+ R N GARCHAR,6359641852,360575,India Post Payments Bank Limited
+ R P PARMAR,9898353896,360575,India Post Payments Bank Limited
+ R R NAGAR,9909394575,362620,India Post Payments Bank Limited
+ R R ODEDARA,9016617532,360590,India Post Payments Bank Limited
+ R R ODEDRA,7622880488,360579,India Post Payments Bank Limited
+ R S SHINGRAKHIA,9558215248,360579,India Post Payments Bank Limited
+ R V KARGATIA,8200266631,362230,India Post Payments Bank Limited
+ RADIYA DHAVAL HARSUKHLAL,9825285914,360545,Fino Payments Bank Ltd.
+ RAJA PARESH VIJESH,9737516208,360575,Airtel Payments Bank Limited
+ RAJENDRA HARIBHAI JOSHI,9904347327,362230,India Post Payments Bank Limited
+ RAJESH  AHUJA,9898495009,360575,Airtel Payments Bank Limited
+ RAJESH J CHANDWANI,9879009178,360550,Fino Payments Bank Ltd.
+ RAJESH KALABHAI RATHOD,9408665086,362650,State Bank of India
+ RAJESHBHAI  DHARASANDA,8140509686,362623,Bank of Baroda
+ RAJESHKUMAR JIVABHAI ODEDARA,9879465829,362230,Central Bank of India
+ RAJVI PRAKASH PANDIT,8849681756,360579,India Post Payments Bank Limited
+ RAJYAGURU PARESHBHAI P,9099221666,360575,Airtel Payments Bank Limited
+ RAKESH RAMJIBHAI CHAUHAN,9979247648,360578,State Bank of India
+ RAM KARA  GODHANIYA,9724384518,360579,Bank of Baroda
+ RAMDE LAKHMAN BELA,8238324540,360570,Fino Payments Bank Ltd.
+ RAMDE LAKHMANBHAI  BELA,7359486553,360570,Bank of Baroda
+ RAMESH  TUKADIYA,9726437756,360577,Bank of Baroda
+ RAMESH KESHABHAI  SOLANKI,8000908696,360545,Bank of Baroda
+ RAMESHCHANDRA,9909688857,360510,India Post Payments Bank Limited
+ RAMESHKUMAR  MODHA,9925667575,360575,Bank of Baroda
+ RAMKABIR  SAGAR,9099660666,360590,Fino Payments Bank Ltd.
+ RANAVAYA DEVA ARBHAMBHAI,9924603771,360579,Yes Bank Limited
+ RANAVAYA MANJUBEN HARDAS,8980292992,362650,Airtel Payments Bank Limited
+ RANMAL DEVA BHUTIYA,9979566096,360490,Fino Payments Bank Ltd.
+ RASIKKUMAR MAGANBHAI NIMAVAT,9925736388,360550,Yes Bank Limited
+ RATHOD RAJUBHAI DEVABHAI,9727251143,360590,Fino Payments Bank Ltd.
+ RATHWA NILESHKUMAR,8758282869,362650,India Post Payments Bank Limited
+ RAVINDRA SHARMA,9429356459,360575,India Post Payments Bank Limited
+ RAYCHURA JAYDEEP,8080800089,362650,Airtel Payments Bank Limited
+ RIDDHI GOSWAMI,9712248777,360575,AXIS Bank Ltd.
+ RIDDHIKABEN  BHADRECHA,9327279227,360575,Airtel Payments Bank Limited
+ RSKHAMANI BEN,9898494427,360575,Airtel Payments Bank Limited
+ S B BHALARA,9574384283,360575,India Post Payments Bank Limited
+ S D CHAUHAN,9714017451,360570,India Post Payments Bank Limited
+ S G BABAR,6354695460,360579,India Post Payments Bank Limited
+ S G ODEDRA,9913109168,362620,India Post Payments Bank Limited
+ S H CHAVDA,7567189919,360590,India Post Payments Bank Limited
+ S J BABAR,9909740178,360579,India Post Payments Bank Limited
+ S K BHATU,8178330812,360570,India Post Payments Bank Limited
+ S S ODEDRA,9586626966,362650,India Post Payments Bank Limited
+ S V THANKI,9978204074,360590,India Post Payments Bank Limited
+ SACHIN CHANDRAKANT JOSHI,9909389826,360575,State Bank of India
+ SACHIN PARIYA,9925698834,362230,India Post Payments Bank Limited
+ SADIYA NANJIBHAI,9998086009,360550,Airtel Payments Bank Limited
+ SADIYA RANJAN,9328919316,360575,India Post Payments Bank Limited
+ SANATHARA VIJAYKUMAR KANTILAL,9426424256,360578,Paytm Payments Bank Limited
+ SANDEEP  KAUR,7652903883,360575,Bank of Baroda
+ SANJAY  THAKRAR,9924418506,360575,Bank of Baroda
+ SANJAY MAKANLAL VYAS,9104014150,360575,Airtel Payments Bank Limited
+ SANJAYBHAI BACHUBHAI SHRIMALI,9879179432,360575,Fino Payments Bank Ltd.
+ SANTHRA DEVANG,9664958907,360575,Airtel Payments Bank Limited
+ SEEMA DILIPGAR,7778978241,360578,India Post Payments Bank Limited
+ SETA SHAHNAWAZ,9773456526,360575,Airtel Payments Bank Limited
+ SHERAJI RAMESHBHAI,9825388081,360575,Airtel Payments Bank Limited
+ SHILU  ASHISH,7405858625,360575,Fino Payments Bank Ltd.
+ SHINGRAKHIYA PRADIP,8128113617,360590,Airtel Payments Bank Limited
+ SHIR HARDIP SAMANTBHAI,9625006531,360579,India Post Payments Bank Limited
+ SHREE KAVLAKA DOODH UTPADAK SAHKARI MANDALI LIMITED,8200024229,362620,The Federal Bank Ltd.
+ SISOTIYA BHARATBHAI,9601006366,360570,Fino Payments Bank Ltd.
+ SNEHA  BAMANIY,9408718737,360575,Fino Payments Bank Ltd.
+ SOLANKI  MADHVI,9327569090,360575,Airtel Payments Bank Limited
+ SOLANKI KANABHAI MASARIBHAI,9737071912,362650,Yes Bank Limited
+ SOMANI  GIRISHBHAI,9898397686,360575,Airtel Payments Bank Limited
+ SONIGRA YASH SUJITBHAI,8758967059,360575,Airtel Payments Bank Limited
+ SONRAT  SANJAY,7228058029,360575,Airtel Payments Bank Limited
+ SUBHESH  SOLANKI,9429434032,362623,Bank of Baroda
+ SUJIT  ROY,8128181783,360575,Airtel Payments Bank Limited
+ SUMEET HINDOCHA,9724777716,360575,Paytm Payments Bank Limited
+ SUMIT K HINDOCHA,7043091101,360575,Airtel Payments Bank Limited
+ SUMITKUMAR MOKRIYA,8866415462,362230,State Bank of India
+ SUNEEL MEKALA,8501087778,360575,AXIS Bank Ltd.
+ SUNNY C SAMANI,9913905140,360575,Yes Bank Limited
+ SURESH KHIMA CHAVDA,9727734747,360575,AXIS Bank Ltd.
+ T J BHATT,9712868097,362650,India Post Payments Bank Limited
+ T K VEGDA,9925531583,360576,India Post Payments Bank Limited
+ TAJAPARA PUNITKUMAR ASHOKBHAI,9998150202,360530,Yes Bank Limited
+ TANNA NAYAN NATVARLAL,8487808050,360575,Airtel Payments Bank Limited
+ TAUSHIF LALPURIYA,8734051786,360575,Airtel Payments Bank Limited
+ THANKI  JAY,8200571116,360575,Fino Payments Bank Ltd.
+ THANKI  NITESH,9106293600,360579,Fino Payments Bank Ltd.
+ TIKMANI MONIKA GIRISHKUMAR,8671894284,360579,India Post Payments Bank Limited
+ TODARMAL UMESH MULJI,9913867744,360575,Yes Bank Limited
+ TUSHAR THAKRAR,9913888355,362230,Airtel Payments Bank Limited
+ TUSHARBHAI DHANSUKHBHAI PANDYA,9714434701,360550,Yes Bank Limited
+ UDAY DEVENDRABHAI,8128196821,360590,India Post Payments Bank Limited
+ V A KASUNDRA,9924670548,362650,India Post Payments Bank Limited
+ V A RATHOD,9574774211,360575,India Post Payments Bank Limited
+ V B ODEDARA,7990433481,362620,India Post Payments Bank Limited
+ V D GOSWAMI,9879323990,360579,India Post Payments Bank Limited
+ V J JOSHI,8980899185,360590,India Post Payments Bank Limited
+ V J VALVI,9687268217,360575,India Post Payments Bank Limited
+ V K  KAPDI,9998669956,360590,India Post Payments Bank Limited
+ V K LODHIA,9408728962,360550,India Post Payments Bank Limited
+ V M KARANGIYA,9662155303,362650,India Post Payments Bank Limited
+ V M VARU,9726515784,362650,India Post Payments Bank Limited
+ V N KADEGIA,9879024511,362650,India Post Payments Bank Limited
+ VADERA  KEVAL,7990881855,360575,Fino Payments Bank Ltd.
+ VADERA  KEVAL,9428626813,360575,Airtel Payments Bank Limited
+ VADHER DIVYESHKUMAR RAJESHBHAI,7046130083,362650,Fino Payments Bank Ltd.
+ VADHIYA MULUBHAI RAJASHIBHAI,8511403306,362620,Yes Bank Limited
+ VAGHELA RAJESHBHAI,8200075663,360575,Indian Overseas Bank
+ VAGHELA RITA ARAVINDBHAI,9328303332,360575,Yes Bank Limited
+ VAJA NILESH,9574947985,360575,Yes Bank Limited
+ VALA RAMBHAI,7043131341,362230,Airtel Payments Bank Limited
+ VALIBEN,8980673822,360576,India Post Payments Bank Limited
+ VANDARIYA  RAJESHBHAI,9067926099,360575,Fino Payments Bank Ltd.
+ VANDRA  SAVJIBHAI,9033669822,360575,Airtel Payments Bank Limited
+ VANRAVAN HARIBHAI NIMAVAT,9638381441,360550,Yes Bank Limited
+ VARU VIRAMBHAI VAJASIBHAI,9737781777,362650,Fino Payments Bank Ltd.
+ VIJAYBHAI PUROHIT,9824697995,396321,India Post Payments Bank Limited
+ VIJUNDA KAILASH MOHAN,9723872355,382430,India Post Payments Bank Limited
+ VIMAL DHIRUBHAI ODEDRA,9879033310,360575,Fino Payments Bank Ltd.
+ VIPUL SURESH KOTECHA,9510494523,360575,Fino Payments Bank Ltd.
+ VIRAL JAGMALBHAI BHARVADIYA,9409701134,360550,Central Bank of India
+ VIRAM  ODEDARA,9879717593,362623,Bank of Baroda
+ VIRANI MOHAMMAD HANIF AJIZ,9173503786,360575,Yes Bank Limited
+ VISANA BHARAT BABUBHAI,9978000901,360590,AXIS Bank Ltd.
+ VISHAL,9714326897,362650,India Post Payments Bank Limited
+ VISHAL SHAILESH BHUTIYA,9737671684,360575,Punjab National Bank
+ VIVEK  KUMAR,9033191159,360578,Airtel Payments Bank Limited
+ VYAS SIDDHARTH BHARDWAJ,9978001716,360575,Fino Payments Bank Ltd.
+ Y D PATHAN,9723735972,360550,India Post Payments Bank Limited
+ YAGNESH VIJAYBHAI SONERI,9265337634,360575,Yes Bank Limited
+ YASH JAYESHBHAI DATTANI,8866773397,360575,Airtel Payments Bank Limited
+ Z M MALEK,8758155365,360550,India Post Payments Bank Limited
+ ZALA VAISHALI RAJABHAI,8347359704,360570,India Post Payments Bank Limited
