bc_name,mobile_no,pincode,bank_name
+ A B,9638316692,394670,India Post Payments Bank Limited
+ A D,7567432580,394680,India Post Payments Bank Limited
+ A D,8980379148,394375,India Post Payments Bank Limited
+ A G,9913207788,394640,India Post Payments Bank Limited
+ A J,9099110669,394670,India Post Payments Bank Limited
+ A R,9726345310,394670,India Post Payments Bank Limited
+ A S,9724407513,394630,India Post Payments Bank Limited
+ AAMIRKHAN F PATHAN,8000980030,394670,State Bank of India
+ AARTIBEN BHAGWANDAS,9737454112,394601,India Post Payments Bank Limited
+ ABHISHEK,9429227028,363435,India Post Payments Bank Limited
+ ADITYA RADHESHYAM,8920576142,394380,India Post Payments Bank Limited
+ AGNESHBHAI MOTIRAMBHAI PADVI,8469003541,394730,Yes Bank Limited
+ AGRAWAL HARISHCHANDRA,8866214091,394680,Airtel Payments Bank Limited
+ AGRAWAL SUMEET RAMKARAN,9825130700,394670,Fino Payments Bank Ltd.
+ AJAY D,9727525444,394652,India Post Payments Bank Limited
+ AJAYBHAI  GAMIT,7990396645,394670,Bank of Baroda
+ AJAYBHAI DULJIBHAI VASAVA,9979551372,394375,State Bank of India
+ AJAYBHAI S,8160278486,394601,India Post Payments Bank Limited
+ AKANATH  THAKARE,9327722972,394370,Bank of Baroda
+ AKASHKUMAR R,8588833738,394635,India Post Payments Bank Limited
+ AKSHAYBHAI  GAMIT,9925939165,394650,Bank of Baroda
+ AKSHAYKUMAR  VALVI,9825196167,394370,Bank of Baroda
+ ALKESHBHAI  THAKARE,9624453396,394370,Bank of Baroda
+ ALKESHKUMAR RAMESHBHAI GAMIT,9913592148,394650,Fino Payments Bank Ltd.
+ AMIT KUMAR,8709131660,394601,AXIS Bank Ltd.
+ AMITABEN AJITBHAI,9537910036,394601,India Post Payments Bank Limited
+ AMITBHAI ISHWARBHAI KOKANI,8141225538,394635,Fino Payments Bank Ltd.
+ ANANDI YAHOSHUA GAMIT,9913477770,394375,Fino Payments Bank Ltd.
+ ANANDI YAHOSHUA GAMIT,9537077700,394375,AXIS Bank Ltd.
+ ANANDKUMAR RAMANBHAI GAMIT,9429220910,394365,Yes Bank Limited
+ ANILABEN H,6351817008,394340,India Post Payments Bank Limited
+ ANILBHAI DHEDIABHAI,9537210048,394601,India Post Payments Bank Limited
+ ANKITKUMAR K.,9586700560,394380,India Post Payments Bank Limited
+ ANKURKUMAR  CHAUDHARI,9537855390,394630,Bank of Baroda
+ ANKUSH DILIPBHAI CHAUDHARI,9825802222,394670,Fino Payments Bank Ltd.
+ ANKUSHBHAI  CHAUDHRY,7567920580,394650,Bank of Baroda
+ ANSUYA RAKESH CHAUDHARI,9925210725,394650,Fino Payments Bank Ltd.
+ ARIFMOHAMMAD A,8588828368,394640,India Post Payments Bank Limited
+ ARJUNBHAI D,9099102570,394601,India Post Payments Bank Limited
+ ARUNBHAI GANPATBHAI GAMIT,9913280707,394651,AXIS Bank Ltd.
+ ARVINDBHAI,9913592470,394246,India Post Payments Bank Limited
+ ASHABEN   K,7227980774,394650,India Post Payments Bank Limited
+ ASHMABANU FIROZKHAN PATHAN,8866194282,394640,State Bank of India
+ ASHOKBHAI M,7990424671,394690,India Post Payments Bank Limited
+ AVINASHBHAI  VASAVA,8141863368,394380,Bank of Baroda
+ AVINASHKUMAR  CHAUDHARI,9099962409,394635,Bank of Baroda
+ B G,9638757890,394635,India Post Payments Bank Limited
+ B G,9879580142,394630,India Post Payments Bank Limited
+ B J,9265731182,394380,India Post Payments Bank Limited
+ B S,9638761755,394670,India Post Payments Bank Limited
+ BAHVESHBHAI  CHAUDHARI,9925804129,394670,Bank of Baroda
+ BALAVANTBHAI  VASAVA,9725720719,394375,Bank of Baroda
+ BALUBHAI V,9099291755,394640,India Post Payments Bank Limited
+ BAMROTIYA KARSHAN,9429320394,394601,India Post Payments Bank Limited
+ BEG ASIF ABDULMUNAF,9979548039,394670,Fino Payments Bank Ltd.
+ BHAGAVANBHAI,9909682789,394640,India Post Payments Bank Limited
+ BHARATBHAI P,9979920469,394635,India Post Payments Bank Limited
+ BHAVIN  DESAI,7698777944,394630,Bank of Baroda
+ BHIKUBHAI G,9099367108,394650,India Post Payments Bank Limited
+ BHIL PIYUSHBHAI SUNILBHAI,7874327645,394365,Yes Bank Limited
+ BHIL RAMANBHAI CHIMANBHAI,9313029045,394716,Fino Payments Bank Ltd.
+ BHOGE RAVINDRABHAI,6358727242,394650,Airtel Payments Bank Limited
+ BIPINKUMAR HUPABHAI VALVI,8128971282,394380,State Bank of India
+ BONIBHAI  PADVI,7984020870,394370,Bank of Baroda
+ BORDE SANTOSHBHAI MAHRUBHAI,9537704108,394650,RBL Bank Ltd
+ BRIJESHKUMAR NATAVARBHAI,8780541659,363115,India Post Payments Bank Limited
+ C C,9879462555,394670,India Post Payments Bank Limited
+ C R,9016276530,394670,India Post Payments Bank Limited
+ CHAMAR KOMALBEN,8320093459,394370,India Post Payments Bank Limited
+ CHANDANIBEN  VALVI,8160690401,394370,Bank of Baroda
+ CHANDRADIP FAKIRBHAI CHAUDHARI,9879098143,394650,Fino Payments Bank Ltd.
+ CHAUDHARI AJAYKUMAR RAVINDRABHAI,9726340030,394360,Yes Bank Limited
+ CHAUDHARI AVINASHKUMAR BHADRASINH,9313090657,394635,Fino Payments Bank Ltd.
+ CHAUDHARI DEVENDRABHAI ARVINDBHAI,9879193708,394635,Yes Bank Limited
+ CHAUDHARI DIPAKKUMAR DILIPBHAI,9979143673,394360,Yes Bank Limited
+ CHAUDHARI INDUBEN SANJAYBHAI,8469845005,394690,Fino Payments Bank Ltd.
+ CHAUDHARI JAYESHKUMAR DHIRUBHAI,9727524166,394650,AXIS Bank Ltd.
+ CHAUDHARI JAYNESHKUMAR BAHADURBHAI,9586451143,394670,Yes Bank Limited
+ CHAUDHARI JAYSHRIBEN SAGARBHAI,7069123138,394670,Airtel Payments Bank Limited
+ CHAUDHARI JIGNESHKUMAR CHHOTUBHAI,9723177177,394650,Fino Payments Bank Ltd.
+ CHAUDHARI JINALKUMAR SANJIBHAI,8141459459,394630,Yes Bank Limited
+ CHAUDHARI KAVITABEN BABARBHAI,9426812311,394650,Fino Payments Bank Ltd.
+ CHAUDHARI MAYANK MOHANBHAI,9687524885,394690,Yes Bank Limited
+ CHAUDHARI NAVANTIBEN KAMALBHAI,9979280085,394650,Yes Bank Limited
+ CHAUDHARI NILESHKUMAR BALKRISHNA,9825695242,394650,Fino Payments Bank Ltd.
+ CHAUDHARI NISHABEN KALPESHBHAI,9979123849,394651,Fino Payments Bank Ltd.
+ CHAUDHARI PANKAJBHAI LALSINGBHAI,8849621637,394633,Fino Payments Bank Ltd.
+ CHAUDHARI PANKAJBHAI NANABHAI,9638537895,394670,Fino Payments Bank Ltd.
+ CHAUDHARI PRAGNESHKUMAR DANSIGBHAI,9664995588,394633,Fino Payments Bank Ltd.
+ CHAUDHARI PRIYANKABEN HEMANTBHAI,7069937411,394250,Fino Payments Bank Ltd.
+ CHAUDHARIHETALBEN  HIRALAL,8780537420,394690,Bank of Baroda
+ CHAUDHRI JIGNESHKUMAR,8980829644,394630,Yes Bank Limited
+ CHAUDHRI KARUNABENAJAUBHAI,9727834700,394655,Union Bank of India
+ CHAUHAN MAHENDRASINH SUMERSINH,9016090651,394650,Yes Bank Limited
+ CHETANKUMAR I,9058093259,394620,India Post Payments Bank Limited
+ CHHOTUBHAI UMESHBHAI BHAIYA,7567699422,394650,Yes Bank Limited
+ CHIKHALIBHENROT D.U.S.M.L,9586392002,394651,The Federal Bank Ltd.
+ CHIMANBHAI M,9737977307,394635,India Post Payments Bank Limited
+ CHIRAG V,7069473549,394370,India Post Payments Bank Limited
+ CHIRAG YASHWANTRAI MEHTA,7016129406,394670,State Bank of India
+ D D,6359883703,394651,India Post Payments Bank Limited
+ D N,9879283362,394670,India Post Payments Bank Limited
+ D S,6352328138,394370,India Post Payments Bank Limited
+ D V,7567389644,394651,India Post Payments Bank Limited
+ DAMIN S,6354096072,394680,India Post Payments Bank Limited
+ DAMYANTIBEN  GAMIT,6353670075,394650,Bank of Baroda
+ DARBARSING MALKA PAWARA,9723781072,394370,Fino Payments Bank Ltd.
+ DARBARSINGH MALKA  PAWARA,8160603215,394370,Bank of Baroda
+ DARJI DHAVAL,8920569081,394680,India Post Payments Bank Limited
+ DARJI HARSH,9016942952,394630,India Post Payments Bank Limited
+ DAXABEN V,9712153944,394690,India Post Payments Bank Limited
+ DEVNABHAI NAGJIBHAI,9978409694,394651,India Post Payments Bank Limited
+ DEVRE SHANKARBHAI,9724692724,394375,Airtel Payments Bank Limited
+ DEVSINGHBHAI V,9537115517,394651,India Post Payments Bank Limited
+ DHANAJAYBHAI PARSOTBHAI MAHLA,9824280422,394650,Kotak Mahindra Bank Limited
+ DHAREMENDRA R,9099763467,394601,India Post Payments Bank Limited
+ DHARMESH G,9727377391,394601,India Post Payments Bank Limited
+ DHARMESHBHAI D KOKANI,9825403286,394635,State Bank of India
+ DHODIA SMIT RAVIKANTBHAI,8866826033,394650,RBL Bank Ltd
+ DHRUVENKUMAR SHAH,6358726662,394650,Airtel Payments Bank Limited
+ DHRUVKUMAR S KONKANI,9537020579,394640,State Bank of India
+ DHULJIBHAI T,8141365499,394651,India Post Payments Bank Limited
+ DIGVIJAYSIHN,6355158257,394690,India Post Payments Bank Limited
+ DILIPBHAI,9979280201,394651,India Post Payments Bank Limited
+ DINESHNHAI M,9712303409,394340,India Post Payments Bank Limited
+ DIPAK  KONKANI,9725734685,394650,Bank of Baroda
+ DIPAK NARESHBHAI PANDLA,7874492008,394650,State Bank of India
+ DIPAKBHAI MAGANBHAI VALVI,8160074088,394380,Yes Bank Limited
+ DIVYESHKUMAR  CHAUDHARI,7043393543,394635,Bank of Baroda
+ DIVYESHKUMAR CHAUDHARI,7575856818,394630,State Bank of India
+ DURGADAS VISHVAS VALVI,9265743602,394370,Bank of Baroda
+ F H,9638790522,394370,India Post Payments Bank Limited
+ FAGUBHAI M,9586110473,394635,India Post Payments Bank Limited
+ FATEH SINGH,9106953356,394650,India Post Payments Bank Limited
+ G K,9825358297,394380,India Post Payments Bank Limited
+ GAJUBHAI C RATHWA,9099307395,391152,India Post Payments Bank Limited
+ GAMIT  ANJANABEN,8799052143,394633,Bank of Baroda
+ GAMIT  DAYAKUMARI MANEKBHAI,8320275758,394670,Bank of Baroda
+ GAMIT  JAYESHBHAI,6353897893,394716,Fino Payments Bank Ltd.
+ GAMIT  MAMTABEN VINODBHAI,8469632932,394670,AXIS Bank Ltd.
+ GAMIT  VILASHBHAI,9638565291,394670,Bank of Baroda
+ GAMIT AJAYBHAI BIPINBHAI,9016655869,394365,Yes Bank Limited
+ GAMIT AKSHAYBHAI VASANTBHAI,9664723309,394650,Yes Bank Limited
+ GAMIT ALPESHKUMAR NATVARBHAI,7874690210,394630,Fino Payments Bank Ltd.
+ GAMIT AMITBHAI RAVINBHAI,7016730925,394670,Fino Payments Bank Ltd.
+ GAMIT ANILBHAI MIRANJIBHAI,9638889581,394365,Fino Payments Bank Ltd.
+ GAMIT ANISHBHAI KARSANBHAI,7874573763,394651,Yes Bank Limited
+ GAMIT ARJUNBHAI BHUSARIYABHAI,9978489642,394365,Fino Payments Bank Ltd.
+ GAMIT ARVINDBHAI CHAMPAKBHAI,8469625766,394660,Fino Payments Bank Ltd.
+ GAMIT ARVINDBHAI NAVINBHAI,8238769555,394670,Yes Bank Limited
+ GAMIT ARVINDBHAI RANGABHAI,8980395010,394365,Fino Payments Bank Ltd.
+ GAMIT ASHVINKUMAR AMARSINGBHAI,9712882089,394651,Fino Payments Bank Ltd.
+ GAMIT ATIPBHAI THAKORBHAI,7567779876,394670,Yes Bank Limited
+ GAMIT BABUBHAI,7874856164,394670,Airtel Payments Bank Limited
+ GAMIT DANIELBHAI MAGANBHAI,9727519203,394651,Fino Payments Bank Ltd.
+ GAMIT DEVENDRABHAI GOVINDBHAI,9727585849,394650,Fino Payments Bank Ltd.
+ GAMIT DEVIDBHAI GANGAJIBHAI,9913724595,394365,Fino Payments Bank Ltd.
+ GAMIT DIPAKBHAI CHAMPAKBHAI,9727122934,394650,RBL Bank Ltd
+ GAMIT DIPAKKUMAR JAGUBHAI,9978959805,394365,Yes Bank Limited
+ GAMIT DIVYESH CHHANABHAI,9099501057,394365,HDFC Bank Ltd.
+ GAMIT GITABEN NILESHBHAI,9727535476,394365,Fino Payments Bank Ltd.
+ GAMIT HANESHBHAI ANILBHAI,9428696009,394375,Yes Bank Limited
+ GAMIT HARNISHBHAI PILAJIBHAI,9510817817,394365,Fino Payments Bank Ltd.
+ GAMIT HARSHDABEN PILAJIBHAI,7621007905,394365,Fino Payments Bank Ltd.
+ GAMIT HEMLATABEN JAGDISHBHAI,9727880904,394670,Fino Payments Bank Ltd.
+ GAMIT JAGDISHBHAI RUSANBHAI,9016894022,394365,Fino Payments Bank Ltd.
+ GAMIT JAYDEEPBHAI RATILALBHAI,9662258644,394650,Yes Bank Limited
+ GAMIT JIGNESHBHAI JEKISHANBHAI,9574290770,394365,Yes Bank Limited
+ GAMIT JIGNESHBHAI MADHUKARBHAI,9512251185,394375,Fino Payments Bank Ltd.
+ GAMIT JITENDRAKUMAR VAJIYABHAI,9687873616,394650,RBL Bank Ltd
+ GAMIT JOHONS RAVINDRABHAI,9316554277,394670,Yes Bank Limited
+ GAMIT JOLLY ARUNBHAI,6353721593,394670,Yes Bank Limited
+ GAMIT KAPILBHAI GEMABHAI,9978252949,394375,Fino Payments Bank Ltd.
+ GAMIT KIRANKUMAR BHARATBHAI,9687032366,394375,Fino Payments Bank Ltd.
+ GAMIT KIRTIKABEN HANEKKUMAR,9978523862,394650,Fino Payments Bank Ltd.
+ GAMIT LAJARASBHAI SHANKARBHAI,9825958710,394375,HDFC Bank Ltd.
+ GAMIT MANISHBHAI NANUBHAI,7677676476,394650,Paytm Payments Bank Limited
+ GAMIT MARKKUMAR JAYESHBHAI,6352578717,394365,Yes Bank Limited
+ GAMIT MARKKUMAR JAYESHBHAI,7433093192,394365,Fino Payments Bank Ltd.
+ GAMIT MARTHABEN ASHVINBHAI,6352982794,394716,Fino Payments Bank Ltd.
+ GAMIT MARTINBHAI RAMESHBHAI,8200859296,394365,Yes Bank Limited
+ GAMIT MONIKABEN SURJIBHAI,9023221662,394365,Yes Bank Limited
+ GAMIT MUKESHKUMAR GAMANBHAI,9723600524,394670,Yes Bank Limited
+ GAMIT NARESHBHAI KANJIBHAI,8690117790,394365,Fino Payments Bank Ltd.
+ GAMIT NARESHBHAI SURESHBHAI,9979709569,394365,Fino Payments Bank Ltd.
+ GAMIT NILESHBHAI ARJUNBHAI,9978070024,394670,Yes Bank Limited
+ GAMIT NIMISHABEN PUNALAL,9537394214,394660,Fino Payments Bank Ltd.
+ GAMIT NITESHBHAI PARATIYABHAI,9978072976,394365,Yes Bank Limited
+ GAMIT NITINBHAI GULABBHAI,9913373937,394365,HDFC Bank Ltd.
+ GAMIT PANKAJBHAI SONJIBHAI,8128656666,394670,Fino Payments Bank Ltd.
+ GAMIT PAULKUMAR DHIRUBHAI,9925611967,394650,Fino Payments Bank Ltd.
+ GAMIT PINESHBHAI ADISHBHAI,9726568095,394670,Yes Bank Limited
+ GAMIT PINKESHKUMAR VINUBHAI,9913710150,394365,Fino Payments Bank Ltd.
+ GAMIT PRAJVILKUMAR ARJUNBHAI,9687438289,394375,Yes Bank Limited
+ GAMIT PRATIKBHAI,9712015873,394375,India Post Payments Bank Limited
+ GAMIT PRATIKKUMAR RAVJIBHAI,9265254068,394650,Yes Bank Limited
+ GAMIT PRINKALBEN ASHVINBHAI,9909525355,394670,Yes Bank Limited
+ GAMIT PRITESHKUMAR DINESHBHAI,9714554724,394650,Yes Bank Limited
+ GAMIT PRIYANKABEN ANILBHAI,7861008295,394650,Fino Payments Bank Ltd.
+ GAMIT PUSHPABEN PRAVINBHAI,8141003258,394650,Fino Payments Bank Ltd.
+ GAMIT RAHUL PILAJIBHAI,8980277491,394650,Fino Payments Bank Ltd.
+ GAMIT RAHULBHAI RAMESHBHAI,9510417353,394365,Fino Payments Bank Ltd.
+ GAMIT RAJUBHAI VASANTBHAI,9023558170,394670,Fino Payments Bank Ltd.
+ GAMIT RAKESHKUMAR BHILKABHAI,9586421780,394670,Yes Bank Limited
+ GAMIT RAMESHBHAI,6353851691,394716,Fino Payments Bank Ltd.
+ GAMIT RAMESHBHAI CHAGANBHAI,6353803080,394375,Fino Payments Bank Ltd.
+ GAMIT RAVILABEN NILESHBHAI,7575046600,394375,Fino Payments Bank Ltd.
+ GAMIT RAVITABEN KAMLESHBHAI,9574957498,394375,Fino Payments Bank Ltd.
+ GAMIT REENABEN HARESHBHAI,8238661466,394670,Fino Payments Bank Ltd.
+ GAMIT REKHABEN THAKORBHAI,9687051150,394670,Fino Payments Bank Ltd.
+ GAMIT RINKABEN SHAILESHBHAI,7069406210,394365,Yes Bank Limited
+ GAMIT RITESHKUMAR ARJUNBHAI,8758879749,394670,Fino Payments Bank Ltd.
+ GAMIT ROHITBHAI GAMANBHAI,9712015557,394650,RBL Bank Ltd
+ GAMIT ROPESHKUMAR RAMANBHAI,9687120921,394365,HDFC Bank Ltd.
+ GAMIT RUPESHBHAI RAJESHBHAI,8758333021,394365,Yes Bank Limited
+ GAMIT SANDIPBHAI SUKHABHAI,8238162107,394670,AXIS Bank Ltd.
+ GAMIT SEMSANKUMAR NITINBHAI,9313880843,394670,Yes Bank Limited
+ GAMIT SHAILESHKUMAR KANTUBHAI,9664967241,394655,Paytm Payments Bank Limited
+ GAMIT SITABEN SANJAYBHAI,9106145166,394375,Yes Bank Limited
+ GAMIT SMITBHAI CHHITUBHAI,9408298962,394716,Yes Bank Limited
+ GAMIT SUDESHBHAI RAMESHBHAI,7567181763,394365,Fino Payments Bank Ltd.
+ GAMIT SULEMANKUMAR SUMANBHAI,9638661914,394650,Fino Payments Bank Ltd.
+ GAMIT SUNILBHAI BHIMABHAI,9714851722,394670,Yes Bank Limited
+ GAMIT SUNILBHAI JATARIYABHAI,9099609479,394670,Fino Payments Bank Ltd.
+ GAMIT SUNILBHAI LACHHABHAI,9727755080,394655,Fino Payments Bank Ltd.
+ GAMIT SUNILKUMAR NAGINBHAI,7567507474,394365,Fino Payments Bank Ltd.
+ GAMIT SUNITABEN MUNNABHAI,7862019196,394660,Fino Payments Bank Ltd.
+ GAMIT THAKORBHAI VASANTBHAI,6353675488,394670,Fino Payments Bank Ltd.
+ GAMIT UKESHBHAI DILIPBHAI,9537469521,394655,Yes Bank Limited
+ GAMIT UMESHBHAI JITENDRABHAI,9773413535,394650,Yes Bank Limited
+ GAMIT VASANTBHAI MANSINGBHAI,6353589027,394716,Fino Payments Bank Ltd.
+ GAMIT VILASKUMAR RAMESHBHAI,8238943273,394670,Yes Bank Limited
+ GAMIT VIPULBHAI BHAGUBHAI,7778814708,394365,Fino Payments Bank Ltd.
+ GAMIT VIRALBHAI HARESHBHAI,9687377212,394670,Yes Bank Limited
+ GAMIT VISHVJITKUMAR VINODBHAI,6355192782,394655,Yes Bank Limited
+ GAMIT WILSON BHAI PHILIPBHAI,9016002286,394650,AXIS Bank Ltd.
+ GAMIT WILSONBHAI PHILIPBHAI,7874805981,394650,Fino Payments Bank Ltd.
+ GAMIT WILSONBHAI PHILIPBHAI,9601014210,394650,Airtel Payments Bank Limited
+ GAMIT YOGESHBHAI JAGUBHAI,8980279827,394716,Fino Payments Bank Ltd.
+ GAMIT YUSUFKUMAR SHIVAJIBHAI,8000085077,394365,Yes Bank Limited
+ GAMITUMESHKUMAR  CHHANABHAI,9726363894,394670,Bank of Baroda
+ GANDHI ASHITKUMAR BIPINCHANDRA,9825146434,396001,Fino Payments Bank Ltd.
+ GANESH S CHAUDHARI,9687371555,394650,AXIS Bank Ltd.
+ GANESH TRAMBAK KHRNAR,9427152727,394670,State Bank of India
+ GANESHBHAI  PANPATIL,9925929600,394370,Bank of Baroda
+ GANESHBHAI GANJIBHAI VASAVA,8141271881,394670,State Bank of India
+ GANESHBHAI J,9913206629,394630,India Post Payments Bank Limited
+ GANPAT  PARMAR,8128658901,394690,Airtel Payments Bank Limited
+ GANPATBHAI I,6359607168,394651,India Post Payments Bank Limited
+ GANPATBHAI P,9586075413,394635,India Post Payments Bank Limited
+ GAVIT SEEMABEN VILESHBHAI,8160253024,394370,Fino Payments Bank Ltd.
+ GAVIT VILESHBHAI GORAJIBHAI,9824259554,394370,Fino Payments Bank Ltd.
+ GHUSARGAM D.U.S.M.L,6353901279,394716,The Federal Bank Ltd.
+ GITABEN  MASURIYA,9727882292,394640,Bank of Baroda
+ GULALE JIJABEN SATISHBHAI,9574411760,394370,Fino Payments Bank Ltd.
+ H B,9925307561,394650,India Post Payments Bank Limited
+ H C,8980815388,394630,India Post Payments Bank Limited
+ H H,9727152956,394630,India Post Payments Bank Limited
+ H M,7567766272,394380,India Post Payments Bank Limited
+ HANEKKUMAR  GAMIT,7567404256,394670,Bank of Baroda
+ HANNUBHAI  BAHADURBHAI MALLHA,8980676688,394680,Bank of Baroda
+ HARISHABEN  CHAUDHARI,7874163552,394650,Bank of Baroda
+ HARSHALKUMAR  DILIPBHAI,8849627642,394630,Bank of Baroda
+ HARSHITABEN  CHAUDHARI,8238404500,394640,Bank of Baroda
+ HIRAL,9879806797,394651,India Post Payments Bank Limited
+ HIRREY KINJAL  RAJUBHAI,7575094188,394670,Bank of Baroda
+ HITESH PRAKASHKUMAR SHAHANI,9974527486,394670,Airtel Payments Bank Limited
+ HITESHBHAI  LUHAR,8141528006,394670,Bank of Baroda
+ HITESHBHAI R,7201837341,394601,India Post Payments Bank Limited
+ HITESHKUMAR KAMLESHBHAI,9510816118,394601,India Post Payments Bank Limited
+ HUNDANI BHAVESH RAJESHBHAI,9924132660,394670,Yes Bank Limited
+ I D,7096499340,394630,India Post Payments Bank Limited
+ IMANUELBHAI PILAJIBHAI GAMIT,9712256193,394365,HDFC Bank Ltd.
+ ISHWARBHAI SURUPSINGBHAI VASAVA,6354437906,394375,Yes Bank Limited
+ ISSACBHAI ARVINDBHAI,9913395337,394670,India Post Payments Bank Limited
+ J B,8459727040,394380,India Post Payments Bank Limited
+ J B,9687523467,394375,India Post Payments Bank Limited
+ J H,9016863035,394375,India Post Payments Bank Limited
+ J T,9409052264,394670,India Post Payments Bank Limited
+ JAGDEEPSINH,9598345353,394652,India Post Payments Bank Limited
+ JAGDISH  SISODE,9978254245,394670,Bank of Baroda
+ JAGDISHBHAI N,8238850207,394640,India Post Payments Bank Limited
+ JAGTAP ROHAN MAHENDRABHAI,7041106352,394670,Airtel Payments Bank Limited
+ JAGUBHAI KESHABHAI,9727128497,394650,India Post Payments Bank Limited
+ JAISVAL  MANISHABEN,9375411101,394630,Fino Payments Bank Ltd.
+ JAYANTIBHAI H,9909630490,394690,India Post Payments Bank Limited
+ JAYESH  GAMIT,9687472761,394670,Bank of Baroda
+ JAYESHKUMAR DILIPBHAI CHAUDHARI,8141409900,394670,Fino Payments Bank Ltd.
+ JIGNESH R SWAMI,9510007851,394380,State Bank of India
+ JIGNESHBHAI  VASAVA,9512951368,394680,Bank of Baroda
+ JIGNESHKUMAR NARESHBHAI VALVI,9624360595,394380,Bank of Baroda
+ JITENDRABHAI JEHARSINGBHAI PADVI,9727253560,394375,Yes Bank Limited
+ JITUBHAI C,9687855736,394690,India Post Payments Bank Limited
+ JYOTIR PAREKH,9898005924,394540,Airtel Payments Bank Limited
+ K H,9624778448,394630,India Post Payments Bank Limited
+ K R,9909529922,394375,India Post Payments Bank Limited
+ KAILASH  CHAUDHARI,6351659435,394640,Fino Payments Bank Ltd.
+ KAILASH GURJAR,7405939516,394670,Airtel Payments Bank Limited
+ KALPEN GAMIT,7567779995,394670,State Bank of India
+ KALPESHBHAI CHAUDHARI,8469660691,394635,Airtel Payments Bank Limited
+ KAMIYAB THARADARA,8160975826,394650,Airtel Payments Bank Limited
+ KAMLESHKUMAR T,9913720541,394601,India Post Payments Bank Limited
+ KANJIBHAI S,9726209911,394635,India Post Payments Bank Limited
+ KANTILAL MOTIRAM VALVI,9376084937,394380,State Bank of India
+ KANTILAL RATNABHAI,7874859531,394601,India Post Payments Bank Limited
+ KANUSINH D,7874490767,394601,India Post Payments Bank Limited
+ KAPILKUMAR G SAMUDRA,9879516868,394670,State Bank of India
+ KAPURIDEVI,9898873854,394640,Airtel Payments Bank Limited
+ KARTIK A,8200387320,394670,India Post Payments Bank Limited
+ KARUNABEN  GAMIT,8980472053,394650,Bank of Baroda
+ KATHUDI LUSIYABEN RAMESHBHAI,6353788769,394651,Yes Bank Limited
+ KAVITABEN  CHAUDHARY,9979187476,394650,Bank of Baroda
+ KAYASTH AYUSH MANISHBHAI,7573930721,394650,Fino Payments Bank Ltd.
+ KESUR  GAMIT,9925819925,394633,Bank of Baroda
+ KEYUR KUMAR,7016252046,394601,India Post Payments Bank Limited
+ KHATIK CHETANKUMAR TRILOKCHAND,8905493905,394380,Bank of Baroda
+ KHOJA MUNIRHUSEN RAFIQHUSEN,9925664773,394670,Yes Bank Limited
+ KINJALBEN  ARVINDBHAI,7202936040,394375,India Post Payments Bank Limited
+ KIRAN D,8588839842,394630,India Post Payments Bank Limited
+ KIRAN RATANBHAI KAPURE,9601502247,394670,Fino Payments Bank Ltd.
+ KIRANBEN  DESAI,9726640020,394375,Bank of Baroda
+ KIRANSINH N,9327517268,394601,India Post Payments Bank Limited
+ KISHOR  RANE,9998552682,394680,Bank of Baroda
+ KOKANI ROHITBHAI RAJESHBHAI,7859913515,394635,Yes Bank Limited
+ KOKANI SANGITABEN SURESHBHAI,9638762552,394635,Fino Payments Bank Ltd.
+ KOKNI NIRMALBHAI  SOMABHAI,9409586894,394635,Bank of Baroda
+ KOKNI SOMABHAI,6352892984,394655,Airtel Payments Bank Limited
+ KONKANI  DHRUVKUMAR,9054682861,394640,Bank of Baroda
+ KONKANI GAUTAMKUMAR ANIKBHAI,8141214193,394655,Yes Bank Limited
+ KONKANI SHAILESHBHAI,9510796630,394365,RBL Bank Ltd
+ KOTVALIYA KALIMBHAI AJITBHAI,9313898365,394650,RBL Bank Ltd
+ KOTWAL DEVENDRA RATNAKAR,9773126183,394670,Fino Payments Bank Ltd.
+ KRIPA SHANKAR,9727177842,394670,Airtel Payments Bank Limited
+ KRISHNABEN  CHAUDHARI,9687998390,394633,Bank of Baroda
+ KRUSHNABHAI  VALVI,9925977319,394370,Bank of Baroda
+ KULTHE RAKESHKUMAR PRAKASHBHAI,9033918262,394670,HDFC Bank Ltd.
+ KUNDANBHAI  PADVI,6352745303,394370,Bank of Baroda
+ KUSHALKUMAR MUKESHBHAI AGRAWAL,9978110093,394680,Fino Payments Bank Ltd.
+ KUSUMBHAI PRATAPSING,7289808735,394375,India Post Payments Bank Limited
+ L M,9512261861,394670,India Post Payments Bank Limited
+ L R,8128281128,394370,India Post Payments Bank Limited
+ L S,8141253926,394370,India Post Payments Bank Limited
+ L S,8756875688,394630,India Post Payments Bank Limited
+ LAVBHAI GANAPATBHAI,9586754372,394601,India Post Payments Bank Limited
+ LUHAR MAHENDRABHAI CHOTUBHAI,6355947782,394370,Fino Payments Bank Ltd.
+ M A,7990981701,394375,India Post Payments Bank Limited
+ M G,9106327462,394641,India Post Payments Bank Limited
+ M H,9099111453,394375,India Post Payments Bank Limited
+ M R,9106832704,394375,India Post Payments Bank Limited
+ MACHHINDARBHAI CHHAGANBHAI NARBHAVAR,9586503487,394370,Yes Bank Limited
+ MAGANBHAI JAYSINGBHAI VALVI,9529329102,394380,Yes Bank Limited
+ MAHENDRA PADVI,9512474808,394635,Airtel Payments Bank Limited
+ MAHENDRABHAI KANTILAL VALVI,9099275296,394380,State Bank of India
+ MAHESH  NAIK,9726207298,394375,Bank of Baroda
+ MAHESH DINESH VASAVA,9537489655,394375,Bank of Baroda
+ MAHESH RAMESHBHAI PATEL,9879586832,394650,Fino Payments Bank Ltd.
+ MAHESHBHAI  GAMIT,8200660442,394670,Bank of Baroda
+ MAHESHBHAI  GAMIT,6354338483,394670,Bank of Baroda
+ MAISURIYA MUKESHKUMAR,9979019429,394630,Yes Bank Limited
+ MAKANJIBHAI B,9687281042,394650,India Post Payments Bank Limited
+ MAKWANA JAY ARVINDBHAI,8238504776,394680,Fino Payments Bank Ltd.
+ MAKWANA RAHULKUMAR,8920550221,394670,India Post Payments Bank Limited
+ MALEK,8160752138,394601,India Post Payments Bank Limited
+ MALI  SANDEEPBHAI,8469630699,394370,State Bank of India
+ MALI NITABAHEN SANDIPKUMAR,9313698326,394370,Fino Payments Bank Ltd.
+ MANHARBHAI N,9789687899,394250,India Post Payments Bank Limited
+ MANILALBHAI N,9638842308,394601,India Post Payments Bank Limited
+ MANISH KANTUBHAI GAMIT,9638376644,394655,State Bank of India
+ MANOJ KUMAR G,9925814104,394640,India Post Payments Bank Limited
+ MANOJBHAI JESABHAI VALVI,9998704744,394375,Yes Bank Limited
+ MARTHABEN  GAMIT,9106691934,394670,Bank of Baroda
+ MASOOMKIDSWEAR,7990612952,394650,Kotak Mahindra Bank Limited
+ MAYANK,9687077737,394650,India Post Payments Bank Limited
+ MAYANK NARSUBHAI KONKANI,9879131127,394635,Fino Payments Bank Ltd.
+ MAYURBHAI K,6354596982,394635,India Post Payments Bank Limited
+ MEHTA BRIJESHKUMAR KIRITKUMAR,9427126787,394670,Fino Payments Bank Ltd.
+ MEHTA MEHULKUMAR YASHVANTRAI,9898587111,394670,Yes Bank Limited
+ MESHOKKUMAR DILIPBHAI GAMIT,9537035544,394670,Yes Bank Limited
+ MIRABEN  CHAUDHARI,9726407064,394650,Bank of Baroda
+ MITULKUMAR SABUBHAI KONKANI,9737723371,394365,AXIS Bank Ltd.
+ MOHANDAS  GAVEET,7990618200,394375,Bank of Baroda
+ MOHEMADFAIYAJ MOHEMADSAYEED SHEKH,9898138739,394640,Yes Bank Limited
+ MOHITABEN  CHAUDHARI,9687271781,394640,Bank of Baroda
+ MORE DINESHBHAI VIJAYSING,7984331040,394370,AXIS Bank Ltd.
+ MOTI LAL CHOUDHARY,9558334441,394670,Fino Payments Bank Ltd.
+ MUKESH,8630580215,394601,India Post Payments Bank Limited
+ MUKESH GULABSUNH VASAVA,9427945070,394375,State Bank of India
+ MUKESHBHAI  GAMIT,9913386211,394670,Bank of Baroda
+ MUKESHKUMAR R,9537847727,394601,India Post Payments Bank Limited
+ MULJIBHAI MAVJIBHAI CHAUDHARI,9409424792,394670,Fino Payments Bank Ltd.
+ MUSHRAF GULJARSING VASAVE,8849703730,394380,India Post Payments Bank Limited
+ N G,9638050839,394652,India Post Payments Bank Limited
+ N P,9427579767,394246,India Post Payments Bank Limited
+ N P,9726988585,394620,India Post Payments Bank Limited
+ N S,9427398065,394370,India Post Payments Bank Limited
+ NAIK GHANSHYAMBHAI KIRANBHAI,9913198979,394370,Fino Payments Bank Ltd.
+ NAIK MAHESHBHAI DEVLYABHAI,8849125589,394375,Fino Payments Bank Ltd.
+ NAIK RINKALBEN SHARADBHAI,7874795674,394370,Fino Payments Bank Ltd.
+ NAIK VISHALBHAI GIMBABHAI,7874663463,394380,Yes Bank Limited
+ NARESHBHAI  GAMIT,9664974419,394670,Bank of Baroda
+ NARESHBHAI PANDURANG SATOTE,9979757267,394370,Bank of Baroda
+ NAVALSINGH VASAVA,8586984608,396230,India Post Payments Bank Limited
+ NAVIN U,9427893826,394601,India Post Payments Bank Limited
+ NAYAK HIMATBHAI BHAVARILAL,8469570045,394370,Fino Payments Bank Ltd.
+ NAYAN KISHOR VANJARI,7016397911,394670,Fino Payments Bank Ltd.
+ NAYAN VANJARI,7874283455,394670,Airtel Payments Bank Limited
+ NAYANABEN  GAMIT,8980253585,394650,Bank of Baroda
+ NAYANBHAI BALUBHAI  KOKNI,9724603964,394650,Bank of Baroda
+ NEHRU BHAI N VASAVA,9879248734,393050,India Post Payments Bank Limited
+ NIKHIL BHATU PATIL,9898282890,394670,Yes Bank Limited
+ NIKITABEN  PATEL,8469061487,394635,Bank of Baroda
+ NIKITABEN  VALVI,9574726822,394370,Bank of Baroda
+ NIKUNJ  THAKOR,8320674916,396001,Fino Payments Bank Ltd.
+ NILESH ANTU LOHAR,7038501423,394380,Fino Payments Bank Ltd.
+ NILESHBHAI  DHODIA,9898975634,394375,Bank of Baroda
+ NILESHBHAI  P,9043866346,394246,India Post Payments Bank Limited
+ NILESHBHAI  SHRIRAMBHAI AHIRE,9687880567,394370,Bank of Baroda
+ NILESHBHAI  VASAVA,9925775922,394680,Bank of Baroda
+ NILESHBHAI M,9825761024,394635,India Post Payments Bank Limited
+ NILESHCHANDRA  VALVI,7573068286,394380,Bank of Baroda
+ NILISHABEN  VALVI,9021272010,394380,Bank of Baroda
+ NIRANJANBHAI  GAMIT,9586600825,394670,Bank of Baroda
+ NIRAV B,8154059432,394680,India Post Payments Bank Limited
+ NIRAV K,8588837410,394652,India Post Payments Bank Limited
+ NIRMALABEN  GAMIT,9727080273,394670,Bank of Baroda
+ NISHANTKUMAR R.,9512265232,389250,India Post Payments Bank Limited
+ NITESH J VASAVA,9537807694,394380,State Bank of India
+ NITINBHAI BHARATBHAI GAMIT,9714400376,394375,Fino Payments Bank Ltd.
+ OZA TUSHAR SUNILBHAI,8238787456,394365,Fino Payments Bank Ltd.
+ P R,9879365677,394641,India Post Payments Bank Limited
+ P. L.,6353156886,394380,India Post Payments Bank Limited
+ PADAVI AMITBHAI SHIVAJIBHAI,6351156481,394370,Yes Bank Limited
+ PADAVI PREMNATHBHAI JAGDISHBHAI,9574349994,394370,Fino Payments Bank Ltd.
+ PADVI  SUNILBHAI,8141597083,394370,Fino Payments Bank Ltd.
+ PADVI ANILBHAI CHANDANBHAI,7499835089,394380,Yes Bank Limited
+ PADVI ANKITBHAI RAJESHBHAI,9099525603,394375,Yes Bank Limited
+ PADVI ASHISHBHAI PRATAPBHAI,6353861860,394370,Fino Payments Bank Ltd.
+ PADVI JAGADISHBHAI BAJIRAVBHAI,8141319925,394380,Fino Payments Bank Ltd.
+ PADVI JAYESHBHAI ANILBHAI,9974718398,394380,Fino Payments Bank Ltd.
+ PADVI PAVANKUMAR  SUNILBHAI,9510708138,394370,Bank of Baroda
+ PADVI RAHULKUMAR,9328046288,394380,Yes Bank Limited
+ PADVI RAJESHBHAI JAGATSINGBHAI,9998164271,394370,Fino Payments Bank Ltd.
+ PADVI RAMUBHAI LAXMANBHAI,8160401919,394370,Fino Payments Bank Ltd.
+ PADVI YOGESHBHAI TULSIRAMBHAI,7567592594,394370,Yes Bank Limited
+ PADVIASHOKBHAI  KALUSINGBHAI,8141101270,394370,Bank of Baroda
+ PAHADDA D.U.S.M.L,9106780836,394716,The Federal Bank Ltd.
+ PALLAVIBEN KHAIRNAR,7567441687,394670,State Bank of India
+ PANCHAL JIGNASHABEN JAYESHBHAI,9725170496,394650,Yes Bank Limited
+ PANKAJBHAI SURESHBHAI CHAUDHARI,7874994383,394650,Fino Payments Bank Ltd.
+ PANKESHBHAI D GAMIT,9099450114,394635,State Bank of India
+ PANNABEN M,8469376764,394650,India Post Payments Bank Limited
+ PAPPU CHAURASIYA,9512194625,394670,State Bank of India
+ PARASKUMAR N,9586055172,394370,India Post Payments Bank Limited
+ PARASKUMAR NATVARBHAI,6354855847,394601,India Post Payments Bank Limited
+ PARTHBHAI  JITENDRA,7046395243,394375,Bank of Baroda
+ PATEL,7285076373,394630,India Post Payments Bank Limited
+ PATEL DHIRUBHAI,6358727362,394650,Airtel Payments Bank Limited
+ PATEL GOVIND TRILOKIPRASAD,8200639505,394650,Yes Bank Limited
+ PATEL HITESHKUMAR,9427282625,394375,India Post Payments Bank Limited
+ PATEL JAYKUMAR MOHANBHAI,9979531846,394630,Yes Bank Limited
+ PATEL PIYUSHKUMAR MUKUNDBHAI,9313434369,394635,Yes Bank Limited
+ PATEL PRASHANT DILIPBHAI,9712908512,394370,Fino Payments Bank Ltd.
+ PATEL RAHULBHAI RAMESHBHAI,8780300199,394680,Yes Bank Limited
+ PATEL RAHULKUMAR SOMABHAI,9638669314,394650,Paytm Payments Bank Limited
+ PATEL SHUBHAM HITENDRABHAI,8200529737,394380,Yes Bank Limited
+ PATEL VARSHABEN,9512066875,394375,India Post Payments Bank Limited
+ PATEL VISHVA,7041831741,394690,India Post Payments Bank Limited
+ PATEL ZUBER SADIK,9879139570,392150,Fino Payments Bank Ltd.
+ PATHAN AAMIRKHAN FARIDKHAN,9537457861,394650,Fino Payments Bank Ltd.
+ PATHAN ARVAZKHAN AFJALKHAN,9451338520,394640,Fino Payments Bank Ltd.
+ PATHAN IMRANKHAN,9662464045,394640,Yes Bank Limited
+ PATHAN SADIYA SHAHIRKHAN,8849745726,394650,Yes Bank Limited
+ PATIL MAHESHBHAI VIJAYBHAI,9913875877,394670,Yes Bank Limited
+ PATIL SUNILBHAI UTTAMBHAI,9624546850,394670,Yes Bank Limited
+ PIYUSH  KOTWAL,9099323583,394670,Bank of Baroda
+ PIYUSHBHAI  GAMIT,9322668813,394375,Bank of Baroda
+ PRADHAN HARIDWARBHAI SHARIFBHAI,7567408071,394370,Yes Bank Limited
+ PRADIP AMU GAVIT,7874180689,394375,Yes Bank Limited
+ PRADIP M,8588825803,394651,India Post Payments Bank Limited
+ PRADIPBHAI  PADVI,9978282343,394370,Bank of Baroda
+ PRAFULBHAI  VASAVE,9327582978,394370,Bank of Baroda
+ PRAGNESHKUMAR  GAMIT,9924845995,394635,Bank of Baroda
+ PRAJAPATI GANESHBHAI MAHADUBHAI,9913875072,394370,Yes Bank Limited
+ PRAJAPATI HARISH KUMAR SIKANDAR BHAI,7874282200,394670,Yes Bank Limited
+ PRATAPBHAI,9086894648,394640,India Post Payments Bank Limited
+ PRATAPBHAI MANJIBHAI,8588844713,394690,India Post Payments Bank Limited
+ PRATIK YOGENDRA JAIN,9168905590,394670,Yes Bank Limited
+ PRAVIN BABULAL JIRE,9974263031,394670,Yes Bank Limited
+ PRAVINBHAI  SIRSAT,9409495790,394370,Bank of Baroda
+ PRISKILABEN GAMIT,9727403914,394650,State Bank of India
+ PRITESHBHAI  GAMIT,7359704003,394375,Bank of Baroda
+ PRITIBEN  CHAUDHARI,7567972375,394630,Bank of Baroda
+ PRIYANKAKUMARI N,6359883713,394651,India Post Payments Bank Limited
+ R K,9423943264,394380,India Post Payments Bank Limited
+ R M,9586744969,394640,India Post Payments Bank Limited
+ R M,8141071405,394651,India Post Payments Bank Limited
+ R N,9825379851,394652,India Post Payments Bank Limited
+ R P,7567070018,394370,India Post Payments Bank Limited
+ R R,7069997126,394641,India Post Payments Bank Limited
+ R R,8980586692,394670,India Post Payments Bank Limited
+ R V,9909681644,394670,India Post Payments Bank Limited
+ RAHUL  CHAURASIYA,6351259063,394670,Bank of Baroda
+ RAHULBHAI NARANBHAI CHAUDHARY,9099465090,394635,State Bank of India
+ RAHULKUMAR CHANDRAKANT CHAUDHA,9537457926,394640,Bank of Baroda
+ RAJENDRA B,9512164020,394601,India Post Payments Bank Limited
+ RAJENDRAKUMAR  VASAVA,9913237003,394375,Bank of Baroda
+ RAJESH  PADVI,8140732009,394370,Bank of Baroda
+ RAJESHBHAI  VAVLI,9727882833,394375,Bank of Baroda
+ RAJESHBHAI S,9537205533,394690,India Post Payments Bank Limited
+ RAJESHVARIBEN  NAIK,9537879322,394370,Bank of Baroda
+ RAKESHBHAI  JADHAV,9537176100,394370,Bank of Baroda
+ RAKESHBHAI GONJIBHAI VASAVA,8758514282,393050,State Bank of India
+ RAKESHBHAI V,8469389968,394680,India Post Payments Bank Limited
+ RAKESHKUMAR RAJUBHAI SONVANE,7874765636,394650,AXIS Bank Ltd.
+ RAMESH  PARDESHI,8154920050,394370,Bank of Baroda
+ RAMESHBHAI D,7202026348,394370,India Post Payments Bank Limited
+ RAMESHBHAI U,8141253368,394641,India Post Payments Bank Limited
+ RAMOYA PUNAM KADIYABHAI,6354932333,394370,Yes Bank Limited
+ RAMSINGH ISLABHAI,9427152785,394601,India Post Payments Bank Limited
+ RANA NILESHBHAI KANTILAL,9998548885,394650,Fino Payments Bank Ltd.
+ RANKA RAKESHKUMAR ROSHANLAL,9714648988,394630,Fino Payments Bank Ltd.
+ RAVINABEN  GAMIT,9512530541,394670,Bank of Baroda
+ RAVINDRA JAYSING VASAVA,9979370406,394375,Bank of Baroda
+ RAVINDRABHAI  VASAVA,7874972778,394680,Bank of Baroda
+ RINABEN SUNILBHAI  GAMIT,9879800821,394670,Bank of Baroda
+ RITESHKUMAR R KONKANI,9574040841,394635,State Bank of India
+ ROHAN,8141357226,394640,India Post Payments Bank Limited
+ ROHITBHAI  VALVI,7434848702,394370,Bank of Baroda
+ RONAK KUMAR,6355746796,393050,India Post Payments Bank Limited
+ RUSHIKESH  VISPUTE,7069501283,394380,Bank of Baroda
+ RUTVIKBHAI ARVINDBHAI VASAVA,9313262172,394375,Yes Bank Limited
+ S A,8238106556,394380,India Post Payments Bank Limited
+ S A,9426504154,394650,India Post Payments Bank Limited
+ S B,8141369058,394375,India Post Payments Bank Limited
+ S B,9408452401,394630,India Post Payments Bank Limited
+ S B,6355163920,394652,India Post Payments Bank Limited
+ S D,9687266185,394635,India Post Payments Bank Limited
+ S D,9725914543,394630,India Post Payments Bank Limited
+ S F,9979512005,394375,India Post Payments Bank Limited
+ S G,8780280548,394370,India Post Payments Bank Limited
+ S M,9099103878,394652,India Post Payments Bank Limited
+ S N,9727051089,394370,India Post Payments Bank Limited
+ S N,9879337156,394630,India Post Payments Bank Limited
+ S R,9978328573,394680,India Post Payments Bank Limited
+ S U,7874560892,394650,India Post Payments Bank Limited
+ S. A.,6355698169,394340,India Post Payments Bank Limited
+ SACHIN B,7620978858,394380,India Post Payments Bank Limited
+ SADADUN D.U.S.M.L,9265533857,394716,The Federal Bank Ltd.
+ SAGARBHAI  GULALE,8291434860,394370,Bank of Baroda
+ SAGARBHAI  PADVI,6354543968,394370,Bank of Baroda
+ SALMAN FAROOKH MEMON,8154077459,396001,Fino Payments Bank Ltd.
+ SALMANKHAN F PATHAN,9925438911,394650,State Bank of India
+ SALVE JAYESHKUMAR HASRATBHAI,9328504420,394370,Yes Bank Limited
+ SALVENITESHBHAIDEVIDASBHAINITESHBHAI,8160099826,394370,Yes Bank Limited
+ SAMIRBHAI  CHAUDHARY,9328766578,394650,Bank of Baroda
+ SAMUDRE  TUSHARBHAI,7984983337,394370,Bank of Baroda
+ SAMUVEL GAVIT,9662684805,394670,Airtel Payments Bank Limited
+ SANDIPBHAI  GAMIT,8780062408,394670,Bank of Baroda
+ SANDIPBHAI KOKANI,9265679923,524817,Canara Bank
+ SANDIPBHAI SURENDRABHAI,9727233209,394650,India Post Payments Bank Limited
+ SANDIPKUMAR O,9725242575,394630,India Post Payments Bank Limited
+ SANJAY  GAMIT,9723222179,394670,Bank of Baroda
+ SANJAYBHAI  CHAUDHARI,9265505195,394650,Bank of Baroda
+ SANJAYBHAI  GAMIT,7433091740,394670,Bank of Baroda
+ SANJAYBHAI  VASAVA,7575062232,394375,Bank of Baroda
+ SANTOSH  BHALERAO,8200082750,394670,Fino Payments Bank Ltd.
+ SARJITSHARMA,9909905807,394650,Ujjivan Small Finance Bank Limited
+ SAROJBEN K,9726373207,394650,India Post Payments Bank Limited
+ SARTHAK RAJENDRA,8980196924,394380,India Post Payments Bank Limited
+ SATGURUKRUPA,8320797495,394650,Kotak Mahindra Bank Limited
+ SATYANARAYAN NANURAM KUMAWAT,7600076274,394650,AXIS Bank Ltd.
+ SAURBH KUMAR,7874141360,394601,India Post Payments Bank Limited
+ SHAH PARESHKUMAR RAMESHCHANDRA,9825089891,394650,Fino Payments Bank Ltd.
+ SHAH VIJAYKUMAR RAMESHCHANDRA,9727233203,394650,Fino Payments Bank Ltd.
+ SHAIKH  YUSUF,8758883528,394670,Airtel Payments Bank Limited
+ SHAILESHBHAI GARJIBHAI GAMIT,7567974493,394670,Fino Payments Bank Ltd.
+ SHAKUNTALA  GAMIT,8141060778,394650,Bank of Baroda
+ SHAKUNTALABEN C,7096215117,394651,India Post Payments Bank Limited
+ SHEKH VASIMODDIN SAMSUDDIN,9408768611,394670,Fino Payments Bank Ltd.
+ SHRAVANBHAI RAMESHBHAI PADVI,8668795662,394380,Yes Bank Limited
+ SHRAWAN  KUMAR,8128683839,394690,Airtel Payments Bank Limited
+ SHREE AMALI D.U.S.M.L.,9726555395,394651,The Federal Bank Ltd.
+ SHREE BUDHVADA DUDH UTPADAK SAHAKARI MANDLI LIMITED,6352336851,393050,The Federal Bank Ltd.
+ SHREE JUNI KUILIVEL DUDH UTPADAK SAHAKARI MAHILA MANDALI LIMITED,7201806799,393050,The Federal Bank Ltd.
+ SHREE KARVANDA D.U.SM.L,8320429975,394716,The Federal Bank Ltd.
+ SHREE MALGDEV D.U.S.M.L,9106923565,394716,The Federal Bank Ltd.
+ SHREE PANCHPIPLA D.U.S.M.L.,9016019401,394360,The Federal Bank Ltd.
+ SHREE RAMPURA KANADEVI DUDH UTPADAK SAHKARI MANDLI LIMITED,9825376244,394650,The Federal Bank Ltd.
+ SHREE UMARADA DUDH UTPADAK SAHKARI MANDLI LIMITED,8200747104,394365,The Federal Bank Ltd.
+ SHREE VELZAR D.U.S.M.L,9998913723,394690,The Federal Bank Ltd.
+ SHREYASHKUMAR  CHAUDHARI,8980221497,394670,Bank of Baroda
+ SHRI TARA CHAND,9724136538,394670,Airtel Payments Bank Limited
+ SHRUTIKUMARI VINESHBHAI,9638712492,394651,India Post Payments Bank Limited
+ SHUBHAM A,9510469568,394380,India Post Payments Bank Limited
+ SHUKLA BIPINKUMAR,9773470146,394601,India Post Payments Bank Limited
+ SHUKLAL KOKANI,9687338957,394375,State Bank of India
+ SHWETA J,7226927431,394630,India Post Payments Bank Limited
+ SHYAMBHAI A,9723107966,394650,India Post Payments Bank Limited
+ SHYAMKUMAR  GAMIT,8160836451,394635,Bank of Baroda
+ SISODE JAGDISHBHAI BHASKARBHAI,9712329167,394670,Fino Payments Bank Ltd.
+ SISODE JAYSHRI JAGADISH,7069121307,394670,Fino Payments Bank Ltd.
+ SJREE RANIAMBA D.U.S.M.LTD,9712789082,394365,The Federal Bank Ltd.
+ SNEHA  VALVI,6353133823,394380,Bank of Baroda
+ SONALBEN RAMESHBHAI  PAL,9429333172,394640,Bank of Baroda
+ SUJITA  GAMIT,9638767743,394633,Bank of Baroda
+ SUKHAVEENDAR CHOUDHARY,8286548774,394670,Yes Bank Limited
+ SUKHLAL SOMJI,6352146576,394370,India Post Payments Bank Limited
+ SUMABEN  GAMIT,9099102636,394670,Bank of Baroda
+ SUMITRABEN D,9925606092,394601,India Post Payments Bank Limited
+ SUNIL  CHAUDHARI,9913882580,394633,Bank of Baroda
+ SUNIL N,6359883707,394601,India Post Payments Bank Limited
+ SUNILBHAI BAKARAMBHAI BHOI,8200643810,394650,Fino Payments Bank Ltd.
+ SURJABHAI DAMUBHAI VASAVA,6355647618,394375,Fino Payments Bank Ltd.
+ SURYAVANSHI VIJAYBHAI RAJUBHAI,7490897654,394670,Yes Bank Limited
+ SUVASBHAI  VASAVA,9099889650,394375,Bank of Baroda
+ T H,9099789815,394680,India Post Payments Bank Limited
+ TEJASBHAI RASIKBHAI GAMIT,8469235843,394655,Fino Payments Bank Ltd.
+ THE ZIRIBEDA DUDH UTPADAK SAHAKARI MANDALI LIMITED,8849378949,394380,The Federal Bank Ltd.
+ TIVARI JAMUNAPRASAD RAMNEVAL,9825651446,394690,Fino Payments Bank Ltd.
+ TOSIFODIN  HAKIMODINKURESHI,9265203847,394375,Bank of Baroda
+ U J,9638257958,394370,India Post Payments Bank Limited
+ UDESINGBHAI B,9512693516,394635,India Post Payments Bank Limited
+ UMESHBHAI  CHAUDHARI,9099459401,394690,State Bank of India
+ URMILABEN  CHAUDHARI,9913279864,394670,Bank of Baroda
+ URMILABEN N,9726342425,394601,India Post Payments Bank Limited
+ USHABEN RUTIKBHAI KOKANI,8758866312,394375,State Bank of India
+ UTTAMBHAI B,9879381001,394635,India Post Payments Bank Limited
+ V D,9712311514,394375,India Post Payments Bank Limited
+ V G,9574401344,394375,India Post Payments Bank Limited
+ V K,9011584389,394380,India Post Payments Bank Limited
+ V M,6355911073,394652,India Post Payments Bank Limited
+ V M,8980776433,394680,India Post Payments Bank Limited
+ V S,9537900306,394630,India Post Payments Bank Limited
+ VALVI ALPESHKUMAR YASHVANTBHAI,9326226126,394375,Fino Payments Bank Ltd.
+ VALVI ANAND,9978099139,394375,India Post Payments Bank Limited
+ VALVI BHAVESHKUMAR RAJENDRABHAI,8320647078,394380,Yes Bank Limited
+ VALVI JAGMOHAN NARPATBHAI,7567123530,394670,Yes Bank Limited
+ VALVI KIRANBHAI AMRSING,6354745133,394380,Fino Payments Bank Ltd.
+ VALVI NITESHBHAI RAMESHBHAI,9727060787,394370,Fino Payments Bank Ltd.
+ VALVI OMKARBHAI PRABHAKARBHAI,6355927722,394370,Fino Payments Bank Ltd.
+ VALVI PANKAJBHAI MOSHEBHAI,9265516956,394375,Fino Payments Bank Ltd.
+ VALVI RAKESHBHAI BHARATBHAI,8469404879,394370,Yes Bank Limited
+ VALVI SATYAJIT DASUBHAI,9099612237,394380,Fino Payments Bank Ltd.
+ VALVILILADHARABEN  CHHAGANBHAI,6352762144,394370,Bank of Baroda
+ VANDANA  CHAUDHARI,9638699736,394633,Bank of Baroda
+ VANDARDEVI DUDH UTAPADAK SAHAKARI MANDLI LIMITED,9913209426,394633,The Federal Bank Ltd.
+ VANJARI KISHORBHAI,9316405070,394670,IDFC First  Bank Ltd
+ VANJARI PRASHANT KISHORBHAI,8155087070,394670,Yes Bank Limited
+ VANJARI SHWETA MILINBHAI,9925960050,394670,Fino Payments Bank Ltd.
+ VANJARI SHWETA MILINBHAI,8511369888,394670,Airtel Payments Bank Limited
+ VASAVA AMESHBHAI BHARATBHAI,8980658750,394375,Fino Payments Bank Ltd.
+ VASAVA BHARATKUMAR RAMANBHAI,9638429714,394680,Fino Payments Bank Ltd.
+ VASAVA DAUDBHAI JALUBHAI,8780955548,394375,Fino Payments Bank Ltd.
+ VASAVA GAURANGBHAI REMABHAI,7990243416,394375,Fino Payments Bank Ltd.
+ VASAVA GOVINDBHAI RAMSINGBHAI,8141368204,394680,Fino Payments Bank Ltd.
+ VASAVA HARISHBHAI,9879316883,393050,Yes Bank Limited
+ VASAVA HARSHILBHAI VIJUBHAI,8758108208,394670,Fino Payments Bank Ltd.
+ VASAVA ILESHBHAI,9586692168,393050,Yes Bank Limited
+ VASAVA KANTILAL KRUSHNABHAI,8200701272,394375,AXIS Bank Ltd.
+ VASAVA NITESHKUMAR SHANKARBHAI,6352066583,393050,Yes Bank Limited
+ VASAVA PIKESHBHAI GULABHAI,7567937372,394375,Fino Payments Bank Ltd.
+ VASAVA PRATIKKUMAR REMABHAI,9727883077,394375,Fino Payments Bank Ltd.
+ VASAVA PRATIKSHABEN ANUPBHAI,7567038222,394365,Yes Bank Limited
+ VASAVA PRITESHKUMAR DEVJIBHAI,6354391952,394650,RBL Bank Ltd
+ VASAVA SANJAYBHAI SHRAVANBHAI,9316461952,394380,Fino Payments Bank Ltd.
+ VASAVA SURAJBHAI,7289805599,394375,India Post Payments Bank Limited
+ VASAVA USHABEN PRAKASHBHAI,8980163136,393050,Yes Bank Limited
+ VASAVA VITTHALDAS JEVANTBHAI,9512537916,394380,Yes Bank Limited
+ VASAVE NITINKUMAR HIMMATSINH,7069995108,394380,Fino Payments Bank Ltd.
+ VASAVE PRAFULBHAI SAMBHUBHAI,7863817270,394370,Fino Payments Bank Ltd.
+ VIJAYKUMAR ISHVARBHAI,8238603703,394635,India Post Payments Bank Limited
+ VIMUBHAI  VALVI,6353699472,394375,Bank of Baroda
+ VINODBHAI K,8469298425,394651,India Post Payments Bank Limited
+ VIPINKUMAR  VASAVE,9316899255,394370,Bank of Baroda
+ VIPULBHAI,7016440254,394652,India Post Payments Bank Limited
+ VIPULBHAI  GAMIT,9099474708,394670,Bank of Baroda
+ VIPULBHAI ASHOKBHAI PATEL,9624866341,394380,Fino Payments Bank Ltd.
+ VIPULBHAI GANESHBHAI PADVI,9712933310,394375,State Bank of India
+ VIRALBHAI  CHAUDHARI,9687258781,394690,Bank of Baroda
+ VIRALKUMAR KANTILAL PATEL,8140101801,394635,Fino Payments Bank Ltd.
+ VISHAL ASHOK PADVI,9309521289,394370,Yes Bank Limited
+ VISHALKUMAR ANILBHAI  CHAUDHARI,9638887279,394635,Bank of Baroda
+ YADAV JAYPRAKASH CHHOTELAL,7203888314,394655,Fino Payments Bank Ltd.
+ YAHOSHUA KASHIRAM GAMIT,9913474444,394375,Paytm Payments Bank Limited
+ YAHOSUBEN  GAMIT,9638422748,394650,Bank of Baroda
+ YOGESHBHAI  VASAVA,9638264697,394680,Bank of Baroda
+ YOGESHBHAI KONKANI,9558393585,394635,State Bank of India
+ YOGRAJ  THAKRE,9328394189,394370,Bank of Baroda
+ YOHAN PANCHIYA  GAMIT,9099110692,394680,Bank of Baroda
+ YUNABHAI GAMIT,9909530356,394670,Bank of India
+ ZALA NILESHKUMAR,9870055189,394630,India Post Payments Bank Limited
